id,prompt,answer,category,bug_reason
00189f6a,"In Alice's Wonderland, secret encryption rules are used on text. Here are some examples:
ucoov pwgtfyoqg vorq yrjjoe -> queen discovers near valley
pqrsfv pqorzg wvgwpo trgbjo -> dragon dreams inside castle
gbcpovb tqorbog bxo zrswtrj pffq -> student creates the magical door
bxo sfjpov pqrsfv dfjjfig -> the golden dragon follows
nqwvtogg qorpg bxo zegboqwfcg gotqob -> princess reads the mysterious secret
Now, decrypt the following text: trb wzrswvog hffk",cat imagines book,Cipher,unknown_query_chars
00457d26,"In Alice's Wonderland, a secret set of transformation rules is applied to equations. Below are a few examples:
`!*[{ = '""[`
\'*'> = ![@
\'-!` = \\
`!*\& = '@'{
Now, determine the result for: [[-!'",@&,Equation,length_mismatch
005ad22a,"In Alice's Wonderland, secret encryption rules are used on text. Here are some examples:
hmxad apdhvdq vid ohexahm apwqvhm -> alice creates the magical crystal
zxuhpl zhvaidq xyqxld txmmhed -> wizard watches inside village
nfddy xohexydq xy ehpldy -> queen imagines in garden
osfqd qddq lssp -> mouse sees door
vid amdtdp zxuhpl dgjmspdq -> the clever wizard explores
Now, decrypt the following text: bxye aihqdq ahqvmd",king chases castle,Cipher,unknown_query_chars
00674059,"In Alice's Wonderland, secret encryption rules are used on text. Here are some examples:
xkffmh chmkfmn ewhmnf -> hatter creates forest
hkyydf cxknmn chbnfkj -> rabbit chases crystal
shkawg cxknmn dg owugfkdg -> dragon chases in mountain
Now, decrypt the following text: kjdcm pkfcxmn ugsmh pwgsmhjkgs",alice watches under wonderland,Cipher,unknown_query_chars
00a3fd23,"In Alice's Wonderland, secret encryption rules are used on text. Here are some examples:
wfmkg gajifbgk vdkqig -> mouse explores castle
yuelxq rbgdwk eu zdiigh -> knight dreams in valley
jbeuvgkk pdqvxgk qxg vmbefmk sffy -> princess watches the curious book
qxg duveguq dievg bgdrk -> the ancient alice reads
Now, decrypt the following text: petdbr pdqvxgk qxbfmlx iesbdbh",wizard watches through library,Cipher,unknown_query_chars
00c032a8,"In Alice's Wonderland, a secret set of transformation rules is applied to equations. Below are a few examples:
}`]?( = ())
}#<)\ = #?
?(!&& = #@@#
(?!@` = )#))
Now, determine the result for: ))!\)",\^?,Equation,length_mismatch
00d8b3db,"In Alice's Wonderland, a secret set of transformation rules is applied to equations. Below are a few examples:
34/44 = 1
41/32 = 9
34|25 = 69
87\64 = 8853
Now, determine the result for: 69/52",17/,Equation,length_mismatch
00efa37c,"In Alice's Wonderland, secret encryption rules are used on text. Here are some examples:
vmelt lyvutu wyt lfmfcaom keccfc -> alice chases the colorful mirror
lvw afobd wyt xfmdtb dffc -> cat found the golden door
wyt uemitc wtvlytc tnjmfctu -> the silver teacher explores
jcebltuu lctvwtu wyt locefou sffp -> princess creates the curious book
pbexyw hvwlytu wyt xfmdtb joggmt -> knight watches the golden puzzle
Now, decrypt the following text: wocwmt hvwlytu wyt kzuwtcefou xvcdtb",turtle watches the mysterious garden,Cipher,unknown_query_chars
012cab1f,"In Alice's Wonderland, a secret set of transformation rules is applied to equations. Below are a few examples:
`(]&: = %@#:
&{>`% = {{
(""'%: = {@{
:%>&: = :""
`('""@ = %@{
Now, determine the result for: {`'(&",|@{,Equation,length_mismatch
0133bcec,"In Alice's Wonderland, a secret set of transformation rules is applied to equations. Below are a few examples:
%|*""| = %|""|
\(*[^ = \([^
(%+[@ = (%[@
|[*([ = |[([
[^-[( = -^
Now, determine the result for: \(*[#",\([#,Equation,length_mismatch
017a871e,"In Alice's Wonderland, a secret set of transformation rules is applied to equations. Below are a few examples:
#]+\# = ""!
#^-{] = ]#
\{*\! = #\^:
Now, determine the result for: #!-""^",\:,Equation,length_mismatch
0184a864,"In Alice's Wonderland, secret encryption rules are used on text. Here are some examples:
mof mzodvd dfrqy -> cat chases story
lrsdv dfsaevd fzv iedv mqydfoc -> mouse studies the wise crystal
fzv aoqx aqourn aqoid -> the dark dragon draws
Now, decrypt the following text: iehoqa qvoad en beccouv",wizard reads in village,Cipher,unknown_query_chars
018c6f61,"In Alice's Wonderland, secret encryption rules are used on text. Here are some examples:
lzddf adda edm -> queen sees key
uqd iztshza udwiqdt sgwvsfda -> the curious teacher imagines
pstc dokbhtda xhtdau -> bird explores forest
udwiqdt dokbhtda fdwt nwbbdm -> teacher explores near valley
Now, decrypt the following text: uqd rsad ctwvhf rwuiqda",the wise dragon watches,Cipher,unknown_query_chars
01b2aa67,"In Alice's Wonderland, a secret set of transformation rules is applied to equations. Below are a few examples:
:|+>\ = {]
|}&{> = """"@]
@:^]] = {|
|{&{{ = ""{:@
Now, determine the result for: |}+@}",+},Equation,length_mismatch
01c5cb71,"In Alice's Wonderland, secret encryption rules are used on text. Here are some examples:
ytales ytabq qietz -> dragon draws story
oaiift xegsy weices -> hatter found potion
arcvf fjwretfq iof qitaslf itfaqgtf -> alice explores the strange treasure
degqf ytfadq dcttet -> mouse dreams mirror
Now, decrypt the following text: qigyfsi xerrebq peen",student follows book,Cipher,unknown_query_chars
01cd504a,"In Alice's Wonderland, a secret set of transformation rules is applied to equations. Below are a few examples:
64-65 = 201
28-68 = 861
82/15 = 8241
Now, determine the result for: 85/77",6644,Equation,length_mismatch
01ef1e3e,"In Alice's Wonderland, a secret set of transformation rules is applied to equations. Below are a few examples:
'(-^} = }`
}'-]` = `<
[/*^< = /([
^}*'< = ^`['
^]*}] = ][(`
Now, determine the result for: ''+`!",[](,Equation,length_mismatch
01fa1f37,"In Alice's Wonderland, secret encryption rules are used on text. Here are some examples:
ejrus ivjjvcq udlqmej -> alice follows crystal
mos yedt trbx uoeqsq -> the dark king chases
trbx ivgby fvmrvb -> king found potion
crhedy udsemsq zvvt -> wizard creates book
ngssb qmgyrsq wef -> queen studies map
Now, decrypt the following text: trbx qmgyrsq zslvby aejjsl",king studies beyond valley,Cipher,unknown_query_chars
02102281,"In Alice's Wonderland, secret encryption rules are used on text. Here are some examples:
oujjqk pklaqwp kowuplow -> rabbit studies treasure
glwwf owuap kcw mqpw hodpkuz -> queen reads the wise crystal
voqfhwpp aowuxp kcw mqpw pwhowk -> princess dreams the wise secret
aouief moqkwp kcw hloqelp hodpkuz -> dragon writes the curious crystal
xelpw qxuiqfwp kcw mqpw vlttzw -> mouse imagines the wise puzzle
Now, decrypt the following text: oujjqk wnvzeowp ujebw qpzufa",rabbit explores above island,Cipher,unknown_query_chars
0224a397,"In Alice's Wonderland, secret encryption rules are used on text. Here are some examples:
ban klrcnv svokab zlyvc -> the golden knight found
pynnv xamini glbolv -> queen chases potion
ban cmws gwovxnii cwnmfi -> the dark princess dreams
Now, decrypt the following text: pynnv inni ban aoccnv qlls",queen sees the hidden book,Cipher,unknown_query_chars
022c4d73,"In Alice's Wonderland, a secret set of transformation rules is applied to equations. Below are a few examples:
//?|[ = ?:/
)\?`| = ?':
[)$|: = !:'
:)$!: = )!'
Now, determine the result for: :!?'/",!',Equation,length_mismatch
026106f5,"In Alice's Wonderland, a secret set of transformation rules is applied to equations. Below are a few examples:
52{43 = 9
31*15 = 46
37{26 = 11
17{92 = 24
Now, determine the result for: 75*97",631,Equation,length_mismatch
02664ad5,"In Alice's Wonderland, a secret set of transformation rules is applied to equations. Below are a few examples:
`[-^[ = `(
:'-') = (#
}#+'} = [}
Now, determine the result for: !}-(!",:}',Equation,length_mismatch
02902eb3,"In Alice's Wonderland, a secret set of transformation rules is applied to equations. Below are a few examples:
!&*%% = }%>%
%&-/> = $)
$]*&& = }&&}
Now, determine the result for: !!+$>",>/,Equation,length_mismatch
02a04b59,"In Alice's Wonderland, a secret set of transformation rules is applied to equations. Below are a few examples:
#""*/[ = #""/[
]>+\$ = #[$
\/+/[ = #<>
Now, determine the result for: #>*]#",#>]#,Equation,length_mismatch
02b8d816,"In Alice's Wonderland, a secret set of transformation rules is applied to equations. Below are a few examples:
`$+%/ = `$%/
!$*""% = \\!""
%`-\[ = -`>
Now, determine the result for: >$+$>",>$$>,Equation,length_mismatch
02c15453,"In Alice's Wonderland, a secret set of transformation rules is applied to equations. Below are a few examples:
(""-]] = '(
""%-!@ = ""
(""-%' = ])
\@-'% = >""
Now, determine the result for: >'-]'",(,Equation,length_mismatch
02e2589e,"In Alice's Wonderland, secret encryption rules are used on text. Here are some examples:
yslqxsz rhcqioszc etrsz qlcyas -> teacher discovers under castle
yxs cyzltws rzlwit mietr -> the strange dragon found
zlffhy plyqxsc tslz nlalqs -> rabbit watches near palace
qly qzslysc qzbcyla -> cat creates crystal
Now, decrypt the following text: phjlzr miaaipc uhzziz",wizard follows mirror,Cipher,unknown_query_chars
02e871e4,"In Alice's Wonderland, a secret set of transformation rules is applied to equations. Below are a few examples:
$?+?# = ^#'
>^+/^ = >#
'#*]< = ]</$
]\+<> = ^]'
Now, determine the result for: \]-]#",$',Equation,length_mismatch
033d2b33,"In Alice's Wonderland, secret encryption rules are used on text. Here are some examples:
cnw dqiwey tnqgem -> cat writes garden
wue jnticnl unwweq gqndy -> the magical hatter draws
nlice ywxgiey bxzzle -> alice studies puzzle
wxqwle dnwcuey wue nmciemw wqenyxqe -> turtle watches the ancient treasure
wencueq qengy wue uiggem bxzzle -> teacher reads the hidden puzzle
Now, decrypt the following text: jkxye gqenjy menq cnhe",mouse dreams near cave,Cipher,unknown_query_chars
035c4c40,"In Alice's Wonderland, a secret set of transformation rules is applied to equations. Below are a few examples:
#>*%< = /(``
/?-`< = -<
|`->( = -/?
##*|# = ((#
>`*|> = /<|
Now, determine the result for: ?<-'#",??,Equation,length_mismatch
03a3437f,"In Alice's Wonderland, a secret set of transformation rules is applied to equations. Below are a few examples:
/>-|/ = ':
'>+/! = '>/!
}!-'` = >'
Now, determine the result for: '}-/>",-!,Equation,length_mismatch
03deaa1c,"In Alice's Wonderland, secret encryption rules are used on text. Here are some examples:
kpc dctrhmd emf -> cat studies key
cmpkbmq uqhcmd hz vjqmdc -> teacher writes in forest
bpccmq kbpdmd itaaom -> hatter chases puzzle
lhqr rqmpyd dmkqmc -> bird dreams secret
Now, decrypt the following text: cbm dhoxmq yjtdm hypwhzmd",the silver mouse imagines,Cipher,unknown_query_chars
03f07b43,"In Alice's Wonderland, a secret set of transformation rules is applied to equations. Below are a few examples:
55`39 = 16
61\65 = 126
42>23 = 4223
17\21 = 38
Now, determine the result for: 81`20",61,Equation,length_mismatch
03fba6b6,"In Alice's Wonderland, secret encryption rules are used on text. Here are some examples:
uissth pvvp hwuybkw ginixv -> rabbit sees through palace
hbuhnv vdgnyuvp phyur -> turtle explores story
jtoiuq qtpxyevup xiphnv -> wizard discovers castle
Now, decrypt the following text: intxv jihxwvp gyhtym",alice watches potion,Cipher,unknown_query_chars
04171e29,"In Alice's Wonderland, a secret set of transformation rules is applied to equations. Below are a few examples:
34-73 = 6
28*71 = 4931
56-45 = 11
13*39 = 3882
57*67 = 0075
Now, determine the result for: 97-65",32,Equation,length_mismatch
042f1e53,"In Alice's Wonderland, a secret set of transformation rules is applied to equations. Below are a few examples:
/%*""} = /%""}
[/+}"" = /%
&<-[} = [|
//*<< = //<<
Now, determine the result for: &&-&?",-},Equation,length_mismatch
04322d27,"In Alice's Wonderland, a secret set of transformation rules is applied to equations. Below are a few examples:
96$54 = 5184
50$41 = 2050
51$95 = 4845
89$47 = 4183
Now, determine the result for: 59$49",2891,Equation,length_mismatch
044cac3d,"In Alice's Wonderland, secret encryption rules are used on text. Here are some examples:
mpqezo ozwegy vzcyteu -> wizard dreams crystal
eupvw metviwy swc -> alice watches key
ytfowat mzptwy ywvzwt -> student writes secret
mpqezo vieywy tzweyfzw -> wizard chases treasure
vet mzptwy faowz upkzezc -> cat writes under library
Now, decrypt the following text: lfwwa ozwegy tiw vuwnwz hfqquw",queen dreams the clever puzzle,Cipher,unknown_query_chars
0454705a,"In Alice's Wonderland, a secret set of transformation rules is applied to equations. Below are a few examples:
|?'|< = }:%^
|?+?@ = +}?
%<+(} = +/(
<|-<@ = }/|
Now, determine the result for: (}'}|",%}|,Equation,length_mismatch
04768bb8,"In Alice's Wonderland, secret encryption rules are used on text. Here are some examples:
gswwj habbavx ouwdxsuw -> queen follows treasure
pucjqwxx vdoqywx oyw djqcwjo hauwxo -> princess watches the ancient forest
oyw iabtwj dbcqw tcxqazwux -> the golden alice discovers
owdqywu tudvx cj qdzw -> teacher draws in cave
pucjqwxx quwdowx cjxctw cxbdjt -> princess creates inside island
Now, decrypt the following text: rjciyo tuwdmx cj idutwj",knight dreams in garden,Cipher,unknown_query_chars
047c4111,"In Alice's Wonderland, a secret set of transformation rules is applied to equations. Below are a few examples:
19)37 = 18
15$20 = 1520
30)14 = 16
Now, determine the result for: 25$96",2596,Equation,length_mismatch
049be61b,"In Alice's Wonderland, secret encryption rules are used on text. Here are some examples:
rsx fymjbyu rymrhx zmxoiu -> the curious turtle dreams
rsx qjux rxofsxm cbyvz -> the wise teacher found
moddjr zmoqu rsx fhxgxm zbbm -> rabbit draws the clever door
Now, decrypt the following text: rsx ipurxmjbyu uryzxvr jioljvxu",the mysterious student imagines,Cipher,unknown_query_chars
04c1e45b,"In Alice's Wonderland, secret encryption rules are used on text. Here are some examples:
lxmwo qxuuxaw lfnnxn -> mouse follows mirror
afvrnh hfwixzonw jenxmse ufgnrnt -> wizard discovers through library
afvrnh inorjow lfnnxn -> wizard creates mirror
Now, decrypt the following text: jorieon opcuxnow dorn irwjuo",teacher explores near castle,Cipher,unknown_query_chars
0505ab22,"In Alice's Wonderland, a secret set of transformation rules is applied to equations. Below are a few examples:
46!92 = 138
38-68 = 2583
57-16 = 911
51-33 = 1682
Now, determine the result for: 20-75",1499,Equation,length_mismatch
05109055,"In Alice's Wonderland, a secret set of transformation rules is applied to equations. Below are a few examples:
%')!' = |>
(()'> = `/
%':'@ = @!/'
Now, determine the result for: \(:|/",`>%/,Equation,length_mismatch
053b4c86,"In Alice's Wonderland, a secret set of transformation rules is applied to equations. Below are a few examples:
%&*#$ = $?&&
#$*#] = ?%]]
]%-""] = &@
$%+""\ = $]]
\$-?"" = -\]
Now, determine the result for: (@*]&",(@(],Equation,length_mismatch
053f4545,"In Alice's Wonderland, a secret set of transformation rules is applied to equations. Below are a few examples:
79-12 = 67
27-05 = 22
65-21 = 44
65?19 = 5905
Now, determine the result for: 06@77",731,Equation,length_mismatch
055a8b01,"In Alice's Wonderland, a secret set of transformation rules is applied to equations. Below are a few examples:
<#*|< = <//'
<|*$| = <<|/
$#+/` = ??
/{+?? = /(`
'(*|# = {{?(
Now, determine the result for: //-/$",',Equation,length_mismatch
058b2d19,"In Alice's Wonderland, secret encryption rules are used on text. Here are some examples:
jbf vhakfhj cdwof abvofo -> the ancient mouse chases
jbf ivpx vrkaf apfvjfo -> the dark alice creates
cdwof offo jbpdwzb cdwhjvkh -> mouse sees through mountain
Now, decrypt the following text: xkhz qdrrdno jbpdwzb dafvh",king follows through ocean,Cipher,unknown_query_chars
05aa40de,"In Alice's Wonderland, secret encryption rules are used on text. Here are some examples:
vuqxocu xdorfv aqiipo -> student dreams puzzle
uqdupo ydoruov rdtqcx tyorc -> turtle creates around ocean
mqooc ogaptdov ulo frksyrp yrvupo -> queen explores the magical castle
mqooc sfrkscov ulo vudrcko udorvqdo -> queen imagines the strange treasure
Now, decrypt the following text: mqooc xdrhv sc wrppoe",queen draws in valley,Cipher,unknown_query_chars
05bd2dab,"In Alice's Wonderland, a secret set of transformation rules is applied to equations. Below are a few examples:
}/{/& = $}
}}^(! = ($})
($[)& = /!
(}^$$ = (!}?
(\^?} = (($/
Now, determine the result for: '&[?!",[)),Equation,length_mismatch
05c36467,"In Alice's Wonderland, a secret set of transformation rules is applied to equations. Below are a few examples:
%$<`# = <]]
%""/(] = #`]$
`$<(( = <(]
%""<\& = <$$
#&/]( = ###""
Now, determine the result for: ""&/($",%%\,Equation,length_mismatch
05d979c3,"In Alice's Wonderland, secret encryption rules are used on text. Here are some examples:
dhpklv slmkwmu slquwkf -> wizard creates crystal
oghrnw eaffadu klaxgv ealmuw -> knight follows around forest
yaxum eaxgv wnm dhum rklvmg -> mouse found the wise garden
vlkrag dlhwmu wnm sfmjml yhllal -> dragon writes the clever mirror
Now, decrypt the following text: bhlv eaffadu vaal",bird follows door,Cipher,unknown_query_chars
06083e68,"In Alice's Wonderland, a secret set of transformation rules is applied to equations. Below are a few examples:
!>+^$ = :`
\^*:: = ^!\!
$^-!$ = -<
Now, determine the result for: >\*:!",:::,Equation,length_mismatch
0625f633,"In Alice's Wonderland, a secret set of transformation rules is applied to equations. Below are a few examples:
)'-\^ = ^$
:$+// = @^
()+$\ = ^'
\!+/( = /'
Now, determine the result for: ))*!(",@@//,Equation,length_mismatch
0641ef58,"In Alice's Wonderland, a secret set of transformation rules is applied to equations. Below are a few examples:
76-68 = -91
16-61 = -54
39-02 = -37
36+88 = 151
85+12 = 97
Now, determine the result for: 54-89",-35,Equation,length_mismatch
065abaf6,"In Alice's Wonderland, a secret set of transformation rules is applied to equations. Below are a few examples:
/}-\` = ]
](-]: = -&/
\]+&( = &(\]
\#-{] = -#
:{*#\ = ((`{
Now, determine the result for: :\+&/",&/:\,Equation,length_mismatch
065f9dea,"In Alice's Wonderland, a secret set of transformation rules is applied to equations. Below are a few examples:
19}15 = 1464
74!78 = 7874
64!23 = 2364
Now, determine the result for: 43*96",*53,Equation,length_mismatch
067a0668,"In Alice's Wonderland, secret encryption rules are used on text. Here are some examples:
livvzy flikm ilaqrf asdir -> rabbit draws around ocean
ydistdl fldinm ytd mylirhd yldimqld -> teacher dreams the strange treasure
ydistdl stimdm qrfdl yakdl -> teacher chases under tower
wzrh sldiydm qrfdl galdmy -> king creates under forest
Now, decrypt the following text: ipzsd gappakm rdil simypd",alice follows near castle,Cipher,unknown_query_chars
0698da5a,"In Alice's Wonderland, secret encryption rules are used on text. Here are some examples:
otkahjt nlzoho bzs -> student chases map
qfda adzmo bfdded -> bird draws mirror
vjfglt ohho setfej -> knight sees potion
thznlhd dhzao setfej -> teacher reads potion
sdfjnhoo ndhztho qhueja nzih -> princess creates beyond cave
Now, decrypt the following text: tlh nexedykx bekoh otkafho",the colorful mouse studies,Cipher,unknown_query_chars
06d682ea,"In Alice's Wonderland, secret encryption rules are used on text. Here are some examples:
fdp sban vbf peojhapl -> the dark cat explores
nkwcdf ghuks wk hvpbk -> knight found in ocean
iuppk swlvhmpal ouzzjp -> queen discovers puzzle
Now, decrypt the following text: xwas swlvhmpal bahuks vbmp",bird discovers around cave,Cipher,unknown_query_chars
071d7301,"In Alice's Wonderland, secret encryption rules are used on text. Here are some examples:
bdz wftodb bzhrdzf ceqqesi -> the bright teacher follows
bdz hlrtzlb stvhfj izzi -> the ancient wizard sees
bdz jhfu rhb rdhizi -> the dark cat chases
hqtrz znaqefzi mtffef -> alice explores mirror
Now, decrypt the following text: fhwwtb ibyjtzi lzhf beszf",rabbit studies near tower,Cipher,unknown_query_chars
0734d679,"In Alice's Wonderland, secret encryption rules are used on text. Here are some examples:
qvxyz weqsk lezqkoez -> alice draws treasure
cozzh yezqlzk kltea -> queen creates story
weqfth wxkytmzek ohwze ltsze -> dragon discovers under tower
cozzh yjqkzk itlxth -> queen chases potion
cozzh rtohw ljz sxkz gxeete -> queen found the wise mirror
Now, decrypt the following text: uhxfjl wezqgk uza",knight dreams key,Cipher,unknown_query_chars
073c40ce,"In Alice's Wonderland, secret encryption rules are used on text. Here are some examples:
wnlstnx pxcwnz wtn pczn slzwhn -> teacher writes the wise castle
zwujnfw pxcwnz wtn zwxlfkn jyyx -> student writes the strange door
ecfk stlznz wtn suxcyuz slzwhn -> king chases the curious castle
slw cglkcfnz cfzcjn hcdxlxo -> cat imagines inside library
Now, decrypt the following text: lhcsn vyhhypz ldybn klxjnf",alice follows above garden,Cipher,unknown_query_chars
074f618a,"In Alice's Wonderland, secret encryption rules are used on text. Here are some examples:
hrodci nejusl upwxj zuxj -> knight dreams above cave
umozj kwmmwvl icewydc lzcwwm -> alice follows through school
zui vuizcjl icj lieurdj kwejli -> cat watches the strange forest
ijuzcje veoijl nwwe -> teacher writes door
Now, decrypt the following text: liynjri jagmwejl rjue gumuzj",student explores near palace,Cipher,unknown_query_chars
0771aa25,"In Alice's Wonderland, secret encryption rules are used on text. Here are some examples:
psdgfsz wzdtq pfzlruf udzwsk -> teacher draws through garden
wzdulk yaduyksq pfzlruf gdqpcs -> dragon imagines through castle
tyhdzw tdpgfsq pfs tyqs brhhcs -> wizard watches the wise puzzle
alrqs gfdqsq wllz -> mouse chases door
pfs qycjsz wzdulk wzsdaq -> the silver dragon dreams
Now, decrypt the following text: przpcs olccltq blpylk",turtle follows potion,Cipher,unknown_query_chars
078df00e,"In Alice's Wonderland, a secret set of transformation rules is applied to equations. Below are a few examples:
06+67 = 731
45+99 = 451
51-05 = -53
Now, determine the result for: 56*02",1031,Equation,length_mismatch
07aef27f,"In Alice's Wonderland, a secret set of transformation rules is applied to equations. Below are a few examples:
73*57 = 6772
29*49 = 9468
56+16 = 1656
Now, determine the result for: 22-84",-62,Equation,length_mismatch
07b440f0,"In Alice's Wonderland, a secret set of transformation rules is applied to equations. Below are a few examples:
##*#$ = }'
$?*}^ = @?^
}'*^? = @@'
@(<{{ = <}#
'@<(& = #
Now, determine the result for: @$-^$",@$^$,Equation,length_mismatch
07cbed38,"In Alice's Wonderland, a secret set of transformation rules is applied to equations. Below are a few examples:
45^08 = 0234
37}95 = 131
99^88 = 2178
Now, determine the result for: 52}51",93,Equation,length_mismatch
07faa7e3,"In Alice's Wonderland, secret encryption rules are used on text. Here are some examples:
shgsrv kvvk lvtiyp siovg -> turtle sees beyond tower
ldgp kshpdvk wgtksur -> bird studies crystal
sev pugx jgdywvkk weukvk -> the dark princess chases
svuwevg wgvusvk hypvg dkruyp -> teacher creates under island
Now, decrypt the following text: sev kvwgvs ldgp airriok",the secret bird follows,Cipher,unknown_query_chars
08111d57,"In Alice's Wonderland, a secret set of transformation rules is applied to equations. Below are a few examples:
](*>^ = &(:^
::+$"" = ]^^
?""*""( = ?:(:
>^*>) = (?""
Now, determine the result for: ^?+)]",")""",Equation,length_mismatch
0819520a,"In Alice's Wonderland, a secret set of transformation rules is applied to equations. Below are a few examples:
82*77 = 6512
87+18 = 061
06+02 = 18
86+39 = 261
48*15 = 4824
Now, determine the result for: 57+82",401,Equation,length_mismatch
083ed8fe,"In Alice's Wonderland, a secret set of transformation rules is applied to equations. Below are a few examples:
!(*() = (/<<
[(*<< = [[//
""&-/: = :)
[!-)! = )
Now, determine the result for: <&*:/",<#):,Equation,length_mismatch
0858c338,"In Alice's Wonderland, secret encryption rules are used on text. Here are some examples:
ifqibk yqkhiku ijk haynkai etqkui -> turtle creates the ancient forest
dtfuk uifmnku ijk uiqhazk yhuibk -> mouse studies the strange castle
dtfuk mqkhdu hqtfam tykha -> mouse dreams around ocean
onaz uifmnku ijk jnmmka uitqw -> king studies the hidden story
Now, decrypt the following text: onaz mqkhdu hqtfam itxkq",king dreams around tower,Cipher,unknown_query_chars
08b0ee54,"In Alice's Wonderland, secret encryption rules are used on text. Here are some examples:
baydt iegkyti ent hmaktw dfsieba -> alice studies the golden crystal
etbdntf iegkyti gwktf emxtf -> teacher studies under tower
oyfk iegkyti ent iyaltf dfsieba -> bird studies the silver crystal
egfeat dnbiti ztiibht -> turtle chases message
nbeetf xbednti gwktf hbfktw -> hatter watches under garden
Now, decrypt the following text: baydt vmgwk gwktf zmgwebyw",alice found under mountain,Cipher,unknown_query_chars
08d8d7e1,"In Alice's Wonderland, a secret set of transformation rules is applied to equations. Below are a few examples:
41+98 = 301
94+07 = 911
06*49 = 4906
95*27 = 2795
Now, determine the result for: 65+23",88,Equation,length_mismatch
08f6216d,"In Alice's Wonderland, a secret set of transformation rules is applied to equations. Below are a few examples:
&!-][ = `
]!*!| = !|`
`{+>] = >]`{
Now, determine the result for: >>+|>",|>>>,Equation,length_mismatch
0925e4c0,"In Alice's Wonderland, secret encryption rules are used on text. Here are some examples:
fdmjghyy gdhwshy tiid -> princess creates door
ajmozs tmygiphdy owdthj -> knight discovers garden
tdwoij mbwomjhy szh twda ahe -> dragon imagines the dark key
szh giqidluq ysuthjs ysutmhy -> the colorful student studies
szh zmtthj tdwoij cwsgzhy -> the hidden dragon watches
Now, decrypt the following text: shwgzhd tdwcy wniph lidhys",teacher draws above forest,Cipher,unknown_query_chars
09302769,"In Alice's Wonderland, a secret set of transformation rules is applied to equations. Below are a few examples:
37-29 = 8
85-51 = 34
21'16 = 38
Now, determine the result for: 90'91",182,Equation,length_mismatch
094bf548,"In Alice's Wonderland, a secret set of transformation rules is applied to equations. Below are a few examples:
88(64 = 8864
27:81 = 54
52:57 = 5
25:81 = 56
Now, determine the result for: 80:32",48,Equation,length_mismatch
095b3eab,"In Alice's Wonderland, secret encryption rules are used on text. Here are some examples:
imwwlx hxlmfg fsxxax -> hatter dreams mirror
mrsvl xlmhg scgshl rszxmxe -> alice reads inside library
mrsvl xlmhg clmx umrrle -> alice reads near valley
fangl panch wil gwxmckl zaab -> mouse found the strange book
gwnhlcw hxlmfg dawsac -> student dreams potion
Now, decrypt the following text: bcskiw hxmjg wil vnxsang dawsac",knight draws the curious potion,Cipher,unknown_query_chars
09b6b813,"In Alice's Wonderland, secret encryption rules are used on text. Here are some examples:
yeqsc jpcztcs tuc yrstcpveqs hzpdca -> mouse creates the mysterious garden
wavhut juzscs tuc hemdca wcr -> knight chases the golden key
pzbbvt dvsjegcps aczp lepcst -> rabbit discovers near forest
stqdcat juzscs scjpct -> student chases secret
yeqsc juzscs scjpct -> mouse chases secret
Now, decrypt the following text: xvozpd xztjucs tuc svmgcp nqoomc",wizard watches the silver puzzle,Cipher,unknown_query_chars
09bb197a,"In Alice's Wonderland, secret encryption rules are used on text. Here are some examples:
jiddxc friufhxl fh mieikx -> hatter imagines in palace
ldpwxhd cxiwl djx lfenxc rim -> student reads the silver map
gfcw cxiwl ldyca -> bird reads story
djx lfenxc wciuyh kjilxl -> the silver dragon chases
Now, decrypt the following text: sfvicw wcxirl djx kpcfypl mydfyh",wizard dreams the curious potion,Cipher,unknown_query_chars
09d5ee68,"In Alice's Wonderland, a secret set of transformation rules is applied to equations. Below are a few examples:
<:+|& = <:|&
'&+>? = '&>?
$!*!| = !!:&
|:-?' = -&$
Now, determine the result for: |:*>>",!?'!,Equation,length_mismatch
0a15c5c7,"In Alice's Wonderland, a secret set of transformation rules is applied to equations. Below are a few examples:
46-02 = 44
84-62 = 22
01(33 = 133
46%92 = 39
Now, determine the result for: 79-36",43,Equation,length_mismatch
0a2b9109,"In Alice's Wonderland, a secret set of transformation rules is applied to equations. Below are a few examples:
|:*%( = ^^
#|-|# = -?$
?%)|( = (^^
|?*(| = ?:!
Now, determine the result for: $[-^:",-?:,Equation,length_mismatch
0a3ee7c7,"In Alice's Wonderland, a secret set of transformation rules is applied to equations. Below are a few examples:
[""+[@ = ""})
][*!% = \\\@
]""-""% = @
[}-[\ = -`@
Now, determine the result for: }\*%]",\@)],Equation,length_mismatch
0a41eb96,"In Alice's Wonderland, secret encryption rules are used on text. Here are some examples:
fnd bgxvwgk ngffdt atgcz -> the magical hatter draws
fnd wykytjok psvxnf ctvfdz -> the colorful knight writes
fnd wkdldt atgxys atgcz -> the clever dragon draws
ngffdt vbgxvsdz wtqzfgk -> hatter imagines crystal
Now, decrypt the following text: fnd utvxnf pvsx tdgaz",the bright king reads,Cipher,unknown_query_chars
0a94b2de,"In Alice's Wonderland, a secret set of transformation rules is applied to equations. Below are a few examples:
'')<] = $@
@})$' = <?<
@]#/$ = <?<'
Now, determine the result for: ]}#@]",@}`@,Equation,length_mismatch
0af037a5,"In Alice's Wonderland, secret encryption rules are used on text. Here are some examples:
htnjmz bineve fiv iahhvz hmmt -> dragon chases the hidden door
fiv hnts wmdev awnjazve -> the dark mouse imagines
htnjmz bineve fitmdji kmzhvtpnzh -> dragon chases through wonderland
gtazbvee efdhave ntmdzh aepnzh -> princess studies around island
kaxnth cmppmke fiv bpvuvt gdxxpv -> wizard follows the clever puzzle
Now, decrypt the following text: efdhvzf efdhave zvnt unppvy",student studies near valley,Cipher,unknown_query_chars
0b0a3643,"In Alice's Wonderland, a secret set of transformation rules is applied to equations. Below are a few examples:
#/-\@ = -@#
""""+#) = )/
'#+/# = %""
\)-)@ = -'""
Now, determine the result for: '/-%)","""""",Equation,length_mismatch
0b2e6a46,"In Alice's Wonderland, secret encryption rules are used on text. Here are some examples:
mav lvdhvm mvgdavh rfgzrevl -> the secret teacher imagines
mxhmiv noxey lmohk -> turtle found story
mav zoiyve prcghy yhgpl -> the golden wizard draws
mav lmhgezv yhgzoe yhvgfl -> the strange dragon dreams
qrhy yrldouvhl yooh -> bird discovers door
Now, decrypt the following text: thredvll yrldouvhl dglmiv",princess discovers castle,Cipher,unknown_query_chars
0b32a4fc,"In Alice's Wonderland, secret encryption rules are used on text. Here are some examples:
amt mfyyts dfwy cwtxatv -> the hidden bird creates
atxcmtw vttv dtpnsy rfdwxwp -> teacher sees beyond library
gfsj hwfatv lsytw anhtw -> king writes under tower
Now, decrypt the following text: alwart ywtxov vanwp",turtle dreams story,Cipher,unknown_query_chars
0b7cf346,"In Alice's Wonderland, secret encryption rules are used on text. Here are some examples:
gpj lykj lybrev verlk -> the wise wizard draws
gpj teyhpg erttyg fxzzxlk -> the bright rabbit follows
prggje ejrvk gpj wrhynrz kjnejg -> hatter reads the magical secret
prggje jsizxejk kgxeo -> hatter explores story
Now, decrypt the following text: lybrev nprkjk gpj teyhpg txxq",wizard chases the bright book,Cipher,unknown_query_chars
0ba75bf1,"In Alice's Wonderland, secret encryption rules are used on text. Here are some examples:
zojwtor yooy zto tpddof wrgyzjm -> teacher sees the hidden crystal
zto yowroz zojwtor rojdy -> the secret teacher reads
uloof drojsy zto wlrpxly cog -> queen dreams the curious key
cpfv drjhy lfdor wjyzmo -> king draws under castle
Now, decrypt the following text: rjnnpz yzldpoy zto ypmior klbbmo",rabbit studies the silver puzzle,Cipher,unknown_query_chars
0babcba2,"In Alice's Wonderland, a secret set of transformation rules is applied to equations. Below are a few examples:
<!-|? = """"
<`%<| = ?)""
!\-?"" = ""/
`/%)` = `(""
Now, determine the result for: ((%\!","?""""",Equation,length_mismatch
0bb591e6,"In Alice's Wonderland, a secret set of transformation rules is applied to equations. Below are a few examples:
)(-)( = ""
&(-(( = <
$(-(% = )<
<%-%$ = ??
Now, determine the result for: ""$+%%",%?<,Equation,length_mismatch
0bcffccd,"In Alice's Wonderland, a secret set of transformation rules is applied to equations. Below are a few examples:
61@52 = 3172
87`56 = 31
68@72 = 4896
54]53 = 108
Now, determine the result for: 44`54",10,Equation,length_mismatch
0c0683c3,"In Alice's Wonderland, a secret set of transformation rules is applied to equations. Below are a few examples:
21-75 = 54
39-42 = 3
56-50 = 6
70-11 = 59
14-90 = 76
Now, determine the result for: 79""59",138,Equation,length_mismatch
0c0adfe3,"In Alice's Wonderland, secret encryption rules are used on text. Here are some examples:
kisqly kmotlzxio pxoosqx -> dragon discovers message
fimytxoo oxxo vxglyk jlixoh -> princess sees beyond forest
hxstbxi jleeluo pxoosqx -> teacher follows message
umrsik kisuo hbx sytmxyh cxg -> wizard draws the ancient key
Now, decrypt the following text: umrsik kmotlzxio hbilnqb zmeesqx",wizard discovers through village,Cipher,unknown_query_chars
0c0c6320,"In Alice's Wonderland, a secret set of transformation rules is applied to equations. Below are a few examples:
&:->} = [:
|!-!"" = \&
!\-[{ = -\>
&&-[} = >&
||+|} = !:[
Now, determine the result for: >!*|{",""":!|",Equation,length_mismatch
0c2243ff,"In Alice's Wonderland, secret encryption rules are used on text. Here are some examples:
qhfeldgg dpqijhdg fe qoiold -> princess explores in palace
kcd yzgkdhfjrg yjrgd vhdoyg -> the mysterious mouse dreams
afuohv vhoag ohjrev kjadh -> wizard draws around tower
kcd gkhoewd mfew gkrvfdg -> the strange king studies
Now, decrypt the following text: tfhv ahfkdg fegfvd wohvde",bird writes inside garden,Cipher,unknown_query_chars
0c30f561,"In Alice's Wonderland, a secret set of transformation rules is applied to equations. Below are a few examples:
\#*<% = ]]\
>^*\> = \^%\
\>*]% = ^#`
]]*^% = `#^`
Now, determine the result for: ^]-^^",-],Equation,length_mismatch
0c8a8a16,"In Alice's Wonderland, a secret set of transformation rules is applied to equations. Below are a few examples:
99<53 = 153
19<85 = 105
78<81 = 160
55{44 = 11
Now, determine the result for: 37{54",{17,Equation,length_mismatch
0c93ecfc,"In Alice's Wonderland, secret encryption rules are used on text. Here are some examples:
cjvz zjxqdmavx nka sdtzau lfy -> bird discovers the golden map
nka kjzzau kfnnav qvafnax -> the hidden hatter creates
nka lgxnavjdpx zvfsdu vafzx -> the mysterious dragon reads
Now, decrypt the following text: wjus idttdhx nka xaqvan lfy",king follows the secret map,Cipher,unknown_query_chars
0cb16796,"In Alice's Wonderland, secret encryption rules are used on text. Here are some examples:
vzdysn ucagpx ozuac nhtac -> knight dreams under tower
xnouazn ehozu nschoys ygcuaz -> student found through garden
sgnnac ehozu gihra nhtac -> hatter found above tower
Now, decrypt the following text: phoxa ajlqhcax iafhzu xmshhq",mouse explores beyond school,Cipher,unknown_query_chars
0cd170a0,"In Alice's Wonderland, a secret set of transformation rules is applied to equations. Below are a few examples:
22:12 = 10
23:33 = :10
67^30 = 6730
71^79 = 7179
Now, determine the result for: 98^14",9814,Equation,length_mismatch
0cdb0aae,"In Alice's Wonderland, a secret set of transformation rules is applied to equations. Below are a few examples:
>:-^| = -:(
(?-^/ = -/?
|(->? = $$
^:+`^ = /(
:/+:` = $::
Now, determine the result for: :(+/$",:::,Equation,length_mismatch
0cf301cf,"In Alice's Wonderland, a secret set of transformation rules is applied to equations. Below are a few examples:
>{%'> = /<@/
/#`{> = `@>
<!`)# = )!
@/]/! = {:
Now, determine the result for: :#])<",{<,Equation,length_mismatch
0d2e94ff,"In Alice's Wonderland, a secret set of transformation rules is applied to equations. Below are a few examples:
""}]}% = `^
<|]^< = }::
&&-&% = -}
%%?""} = &&%%
&`]}^ = ^%
Now, determine the result for: ^&]%@",}}^,Equation,length_mismatch
0d4b2baa,"In Alice's Wonderland, a secret set of transformation rules is applied to equations. Below are a few examples:
:$-:[ = }
'}-|# = <|
:<*(} = :<(}
Now, determine the result for: :(*|#",:(|#,Equation,length_mismatch
0d542478,"In Alice's Wonderland, a secret set of transformation rules is applied to equations. Below are a few examples:
$?""|/ = $
?]![/ = }}
?<*}? = }$??
Now, determine the result for: </!&{",}<,Equation,length_mismatch
0d55039a,"In Alice's Wonderland, secret encryption rules are used on text. Here are some examples:
rxyefwoo owwo ujxbwe -> princess sees garden
iwjfcwx xwjbo icw fpwvwx zmxwoi -> teacher reads the clever forest
kyxb ygjuyewo icw ayow ujxbwe -> bird imagines the wise garden
Now, decrypt the following text: teyuci zmqeb qebwx zmxwoi",knight found under forest,Cipher,unknown_query_chars
0d6d428a,"In Alice's Wonderland, secret encryption rules are used on text. Here are some examples:
heg epffgs ztpjg mdvsf -> the hidden alice found
lspaeh gwbtdngc fddn -> knight explores door
rpnf ngzfc rgudsf mdngch -> bird reads beyond forest
Now, decrypt the following text: heg jtgign bnpsjgcc fngzyc",the clever princess dreams,Cipher,unknown_query_chars
0d7269a5,"In Alice's Wonderland, secret encryption rules are used on text. Here are some examples:
fycjso fsyrxq mjqrnx -> wizard writes castle
qrgoxkr oyqmauxsq rvx esybvr zyssas -> student discovers the bright mirror
qrgoxkr msxjrxq yk nyesjsp -> student creates in library
Now, decrypt the following text: osjbak mvjqxq rvx zjbymjn zji",dragon chases the magical map,Cipher,unknown_query_chars
0d753b10,"In Alice's Wonderland, secret encryption rules are used on text. Here are some examples:
qsmmh ofmwpn jwfomh -> queen dreams garden
wblvm dtbbtyn imatho dtfmnk -> alice follows beyond forest
ksfkbm dtbbtyn jwfomh -> turtle follows garden
Now, decrypt the following text: ofwjth ofwyn lhnlom glbbwjm",dragon draws inside village,Cipher,unknown_query_chars
0d90736f,"In Alice's Wonderland, a secret set of transformation rules is applied to equations. Below are a few examples:
[|*|` = \$()
!|-$) = )/
/$+|/ = :\
\/+): = [`
`$*|! = `[|`
Now, determine the result for: ::-)[",:,Equation,length_mismatch
0da1841f,"In Alice's Wonderland, a secret set of transformation rules is applied to equations. Below are a few examples:
\/*!] = /)/#
!/*)/ = /)#(
!]-]] = -\""
(]-)] = -!""
Now, determine the result for: (\+#%",(\#%,Equation,length_mismatch
0dad87bf,"In Alice's Wonderland, secret encryption rules are used on text. Here are some examples:
xeh ksfgex yxbphdx qsfxhy -> the bright student writes
xbsxuh flvgfdhy kooc -> turtle imagines book
xeh nbsfoby lobyh nshvxhy -> the curious mouse creates
xeh pvsc qfjvsp qvxnehy -> the dark wizard watches
Now, decrypt the following text: xeh pvsc wsfdnhyy flvgfdhy",the dark princess imagines,Cipher,unknown_query_chars
0dc5fa8a,"In Alice's Wonderland, secret encryption rules are used on text. Here are some examples:
ognk knfiwa udf tgaf piausf -> bird dreams the wise castle
isgpf affa wgnncn -> alice sees mirror
knibcr tngufa udf agshfn kccn -> dragon writes the silver door
Now, decrypt the following text: uynusf gwibgrfa udf dgkkfr piausf",turtle imagines the hidden castle,Cipher,unknown_query_chars
0dce4039,"In Alice's Wonderland, a secret set of transformation rules is applied to equations. Below are a few examples:
@|^|` = `||
)'\#: = )'#:
/'-!@ = @`
Now, determine the result for: )!-#>",-@/,Equation,length_mismatch
0dcfd566,"In Alice's Wonderland, a secret set of transformation rules is applied to equations. Below are a few examples:
"")+\` = "")\`
\`-#"" = ?(
`{*(# = ?{){
(?+@@ = (?@@
Now, determine the result for: )@+\{",)@\{,Equation,length_mismatch
0de6c2ae,"In Alice's Wonderland, secret encryption rules are used on text. Here are some examples:
fil vlbolf ozmmrf rhzsrjlv -> the secret rabbit imagines
xjrsif bizvlv rjvrgl ctolvf -> knight chases inside forest
flzbilo ctqjg szoglj -> teacher found garden
Now, decrypt the following text: xjrsif gozev fil vfozjsl gtto",knight draws the strange door,Cipher,unknown_query_chars
0df82d52,"In Alice's Wonderland, a secret set of transformation rules is applied to equations. Below are a few examples:
/]@}% = /]}%
%<@)! = %<)!
//'%` = )/?
?!')/ = ]#
]!""?/ = #
Now, determine the result for: /}""#`","""!!",Equation,length_mismatch
0e009c6d,"In Alice's Wonderland, a secret set of transformation rules is applied to equations. Below are a few examples:
>@'>> = )?>
\%*\` = #!
\>'@\ = \!?>
`\*)> = @/
Now, determine the result for: @?'`?",`?\!,Equation,length_mismatch
0e25b790,"In Alice's Wonderland, secret encryption rules are used on text. Here are some examples:
vmbxf srfavx armbqs lmqsfrhaqs -> mouse dreams around wonderland
sranmq rfasx cuf wbrdmbx xcmrp -> dragon reads the curious story
ebffq rfasx cuf ldxf crfaxbrf -> queen reads the wise treasure
ldiars wuaxfx dq lmqsfrhaqs -> wizard chases in wonderland
Now, decrypt the following text: cuf xfwrfc jdqn tmhhmlx",the secret king follows,Cipher,unknown_query_chars
0e2d6796,"In Alice's Wonderland, a secret set of transformation rules is applied to equations. Below are a few examples:
$'*'/ = '/$'
<)+$) = <$]
|)-\] = ``
!!+<) = ')]
Now, determine the result for: !)+'!",|)],Equation,length_mismatch
0e3307ba,"In Alice's Wonderland, a secret set of transformation rules is applied to equations. Below are a few examples:
!|["""" = |:$
@<%@! = ||$/
<|^<"" = &
Now, determine the result for: $/^{|",:$,Equation,length_mismatch
0e375364,"In Alice's Wonderland, a secret set of transformation rules is applied to equations. Below are a few examples:
@""!"") = ?
}/{\\ = }?\'
%']/% = ?)
'@{%\ = @}??
Now, determine the result for: }${/@",}/@,Equation,length_mismatch
0eba0e15,"In Alice's Wonderland, secret encryption rules are used on text. Here are some examples:
amu dzpu iqa roqdp -> the wise cat draws
amu hqlziqc roqlvt imqpup -> the magical dragon chases
amu dzpu ftzlma paxrzup -> the wise knight studies
amu icueuo iqa puup -> the clever cat sees
Now, decrypt the following text: amu yozlma axoacu dozaup",the bright turtle writes,Cipher,unknown_query_chars
0f01cece,"In Alice's Wonderland, a secret set of transformation rules is applied to equations. Below are a few examples:
@%+`` = :^(
`:+`{ = :?{
(:*}% = (:}%
Now, determine the result for: :@+`\",@^,Equation,length_mismatch
0f0536de,"In Alice's Wonderland, a secret set of transformation rules is applied to equations. Below are a few examples:
39#74 = #35
42#56 = #14
16}14 = 225
64#42 = 22
93#57 = 36
Now, determine the result for: 25}95",2376,Equation,length_mismatch
0f6436da,"In Alice's Wonderland, a secret set of transformation rules is applied to equations. Below are a few examples:
>#+>| = #%
%?+$< = >|$
|/^%| = |/%|
%?+'# = >#/
Now, determine the result for: '>+>$",$?,Equation,length_mismatch
0f8452df,"In Alice's Wonderland, a secret set of transformation rules is applied to equations. Below are a few examples:
42$62 = $20
57@27 = 1539
66@48 = 3168
Now, determine the result for: 90:68",159,Equation,length_mismatch
0fa2efa8,"In Alice's Wonderland, secret encryption rules are used on text. Here are some examples:
zvhjqk fhgocebyg kqb jcnfbv uhyycy -> knight discovers the golden mirror
ucigb fyblug ivfby ehnnljb -> mouse dreams under village
kqb onbeby phdlyf fhgocebyg -> the clever wizard discovers
fyljcv fhgocebyg ivfby oleb -> dragon discovers under cave
kqb uljholn zvhjqk fyblug -> the magical knight dreams
Now, decrypt the following text: wibbv scnncpg kqb flyz zba",queen follows the dark key,Cipher,unknown_query_chars
0fcf912a,"In Alice's Wonderland, a secret set of transformation rules is applied to equations. Below are a few examples:
|>""&! = ?>:
&|"":{ = ?!?
&{""// = ??#
&!""># = ?(?
Now, determine the result for: |#^&!",|#&!,Equation,length_mismatch
0fe53bac,"In Alice's Wonderland, a secret set of transformation rules is applied to equations. Below are a few examples:
(@+!| = @""
}(-^} = }}
?""+): = ()@
@@-""@ = -)
Now, determine the result for: ^?+(|","(""",Equation,length_mismatch
0ff72554,"In Alice's Wonderland, secret encryption rules are used on text. Here are some examples:
tkg afvtgrqjev neggl wrybv -> the mysterious queen draws
terthg gcshjrgv tkg ayiqdyh dyvthg -> turtle explores the magical castle
pqli dkyvgv qlvqwg uqhhyig -> king chases inside village
tkg afvtgrqjev terthg vggv -> the mysterious turtle sees
Now, decrypt the following text: vtewglt mjhhjbv tkg dhgugr zjjp",student follows the clever book,Cipher,unknown_query_chars
100c650a,"In Alice's Wonderland, secret encryption rules are used on text. Here are some examples:
ngel rijjiwz dhx zdeauqx zdiec -> bird follows the strange story
tugqhd zxxz fazdjx -> knight sees castle
ngel fexadxz dhx laet pidgiu -> bird creates the dark potion
eanngd lexayz dhx yaqgfaj txc -> rabbit dreams the magical key
tguq gyaqguxz qaelxu -> king imagines garden
Now, decrypt the following text: eanngd fexadxz aeikul ifxau",rabbit creates around ocean,Cipher,unknown_query_chars
1019ee55,"In Alice's Wonderland, a secret set of transformation rules is applied to equations. Below are a few examples:
97]07 = 1355
31^75 = ^44
33^72 = 6
Now, determine the result for: 54]85",1162,Equation,length_mismatch
103b4e09,"In Alice's Wonderland, secret encryption rules are used on text. Here are some examples:
gche mbvuwaf vwqiyew cfpbho -> king watches through island
lcqo uwbfaf sykkpa -> bird chases puzzle
mckbqo oqbmf habq pclqbqx -> wizard draws near library
bpcua atspiqaf yhoaq pclqbqx -> alice explores under library
vwa fcpraq qbllcv qabof -> the silver rabbit reads
Now, decrypt the following text: vabuwaq zippimf vwa mcfa oiiq",teacher follows the wise door,Cipher,unknown_query_chars
10552d46,"In Alice's Wonderland, a secret set of transformation rules is applied to equations. Below are a few examples:
:`+}? = :`}?
'#*#} = #$?#
?#-$` = ?`
}#-(` = ?#
Now, determine the result for: (?-:(",?',Equation,length_mismatch
108067c3,"In Alice's Wonderland, a secret set of transformation rules is applied to equations. Below are a few examples:
<\|[$ = $:[
\)#$' = <[<
{'#{` = <'`
{)#`) = $<{[
$\]@@ = )<
Now, determine the result for: ['|<)",$$`,Equation,length_mismatch
10899bee,"In Alice's Wonderland, secret encryption rules are used on text. Here are some examples:
htiil nktlu pfbuil -> queen found garden
fcgji qiiq oei jciwib obifqtbi -> alice sees the clever treasure
jfo ugqjkwibq oei xyqoibgktq xfs -> cat discovers the mysterious map
qotuilo nkcckrq nkbiqo -> student follows forest
Now, decrypt the following text: agbu rbgoiq skogkl",bird writes potion,Cipher,unknown_query_chars
10a94678,"In Alice's Wonderland, a secret set of transformation rules is applied to equations. Below are a few examples:
}<+<< = <<}<
<}-}} = $
""(*!) = ""><$
$(+!! = !!$(
Now, determine the result for: "">*)\","""""\}",Equation,length_mismatch
10b71e8a,"In Alice's Wonderland, a secret set of transformation rules is applied to equations. Below are a few examples:
>^*?& = >^?&
&>-\: = -&#
]#-\& = -#:
@:+\? = #&}
Now, determine the result for: ]?+>?",#}:,Equation,length_mismatch
10cac3bd,"In Alice's Wonderland, secret encryption rules are used on text. Here are some examples:
rvaagi whydf bvxiku -> rabbit found castle
agrf whkkhsx iou byrghyx whruxi -> bird follows the curious forest
iou mvtgbvk xiyfudi whydf -> the magical student found
vkgbu ruvfx mvp -> alice reads map
Now, decrypt the following text: agrf xiyfgux ahhe",bird studies book,Cipher,unknown_query_chars
10d7bd1b,"In Alice's Wonderland, a secret set of transformation rules is applied to equations. Below are a few examples:
02+39 = 311
38-25 = 13
43-96 = -53
Now, determine the result for: 59-81",77,Equation,length_mismatch
10f1809a,"In Alice's Wonderland, secret encryption rules are used on text. Here are some examples:
ras brwegys nissg qerhasb -> the strange queen watches
cwdghsbb pvmmvqb cvrdvg -> princess follows potion
zgdyar pvigf kec -> knight found map
jdwf fweqb ras bshwsr ksbbeys -> bird draws the secret message
wejjdr fdbhvxswb rwsebiws -> rabbit discovers treasure
Now, decrypt the following text: her fweqb zst",cat draws key,Cipher,unknown_query_chars
10fdae00,"In Alice's Wonderland, a secret set of transformation rules is applied to equations. Below are a few examples:
64*81 = 928
95+95 = 911
97-03 = 94
Now, determine the result for: 52-99",-47,Equation,length_mismatch
10ff9431,"In Alice's Wonderland, a secret set of transformation rules is applied to equations. Below are a few examples:
47""28 = 8606
16%05 = 111
12%08 = 101
79""05 = 0584
73+76 = 03
Now, determine the result for: 02""68",0271,Equation,length_mismatch
11084f88,"In Alice's Wonderland, secret encryption rules are used on text. Here are some examples:
lgd lwugdur hurrgzu -> cat creates message
tnoz wugsr dpwkjzp ygbbux -> king reads through valley
gbnlu swughr vjeebu -> alice dreams puzzle
Now, decrypt the following text: djwdbu swgcr rdkwx",turtle draws story,Cipher,unknown_query_chars
111e3b8e,"In Alice's Wonderland, a secret set of transformation rules is applied to equations. Below are a few examples:
12*47 = 563
63^39 = 101
93*87 = 8090
49*91 = 4458
39""13 = 26
Now, determine the result for: 32^10",41,Equation,length_mismatch
11324eed,"In Alice's Wonderland, secret encryption rules are used on text. Here are some examples:
mczkqf fceoanlqe kqaysf aolks -> wizard discovers around ocean
wrl dqcprw qkddcw fqkme -> the bright rabbit draws
tylls cukpcsle daax -> queen imagines book
mczkqf cukpcsle daax -> wizard imagines book
Now, decrypt the following text: kvcol fceoanlqe kdanl ikvkol",alice discovers above palace,Cipher,unknown_query_chars
1135c3bb,"In Alice's Wonderland, secret encryption rules are used on text. Here are some examples:
rklloy uoou lro vxuloyacnu eox -> hatter sees the mysterious key
lokmroy ulntaou lyokunyo -> teacher studies treasure
zyahmouu ulntaou kycnht gaqykyx -> princess studies around library
lro vxuloyacnu lnylgo syalou -> the mysterious turtle writes
lro uomyol lnylgo tyokvu -> the secret turtle dreams
Now, decrypt the following text: qayt myoklou kqcjo mkulgo",bird creates above castle,Cipher,unknown_query_chars
1149ec8f,"In Alice's Wonderland, secret encryption rules are used on text. Here are some examples:
blkiap qafmem pawdnia pdvew -> knight chases through tower
cdnme qafmem pae akssel ckwwdw -> mouse chases the hidden mirror
mpnselp qwefpem pwefmnwe -> student creates treasure
vkufws swefcm pae akssel meqwep -> wizard dreams the hidden secret
swfidl vwkpem qfmpze -> dragon writes castle
Now, decrypt the following text: cdnme qafmem hdwemp",mouse chases forest,Cipher,unknown_query_chars
114a8d85,"In Alice's Wonderland, a secret set of transformation rules is applied to equations. Below are a few examples:
83>82 = 66
26>97 = 141
71>89 = 511
49-07 = 0856
Now, determine the result for: 48>83",221,Equation,length_mismatch
1153ce4a,"In Alice's Wonderland, a secret set of transformation rules is applied to equations. Below are a few examples:
]|*$$ = >""""|
@(*$| = @)\|
$)+|"" = \\>
""@-"""" = -\|
\>*`$ = ]""$
Now, determine the result for: >`+\`",>|>,Equation,length_mismatch
115de3e2,"In Alice's Wonderland, secret encryption rules are used on text. Here are some examples:
xtpcs rjwqc usitlr dwhs -> mouse draws beyond cave
zswdesj rjwqc rttj -> teacher draws door
qonwjr qwzdesc gtjscz -> wizard watches forest
zswdesj dewcsc djiczwv -> teacher chases crystal
Now, decrypt the following text: zes dtvtjgpv mjoldscc rocdthsjc",the colorful princess discovers,Cipher,unknown_query_chars
118889da,"In Alice's Wonderland, a secret set of transformation rules is applied to equations. Below are a few examples:
47{42 = 5
30[47 = 3047
46{33 = 13
79{56 = 23
Now, determine the result for: 66{56",10,Equation,length_mismatch
118f8c86,"In Alice's Wonderland, a secret set of transformation rules is applied to equations. Below are a few examples:
78?29 = 106
18}50 = }32
65}48 = 17
79?53 = 131
41-14 = 573
Now, determine the result for: 50}49",1,Equation,length_mismatch
11a8af02,"In Alice's Wonderland, secret encryption rules are used on text. Here are some examples:
butwgx zyrdhgzo cfz ozpgzc ozpgzc -> wizard explores the secret secret
cngcdz gzwxo pwocdz -> turtle reads castle
lhnoz pgzwczo cfz wspuzsc ehhk -> mouse creates the ancient book
Now, decrypt the following text: ocnxzsc xuophjzgo nsxzg chbzg",student discovers under tower,Cipher,unknown_query_chars
11bfb329,"In Alice's Wonderland, secret encryption rules are used on text. Here are some examples:
nkwlvqbb ckwuqb udq vtitksyi atth -> princess writes the colorful book
udq vykwtyb hlwpdu stiitcb -> the curious knight follows
udq cwbq douuqk stiitcb -> the wise hatter follows
koaawu gkocb nymmiq -> rabbit draws puzzle
Now, decrypt the following text: udq ropwvoi oiwvq gwbvtzqkb",the magical alice discovers,Cipher,unknown_query_chars
11d16271,"In Alice's Wonderland, secret encryption rules are used on text. Here are some examples:
rjb cebnbo rbkcjbo yovrbq -> the clever teacher writes
qrftbzr cobkrbq rjb cebnbo sbp -> student creates the clever key
svzm tobklq iurvuz -> king dreams potion
Now, decrypt the following text: xfbbz cobkrbq fztbo qcjuue",queen creates under school,Cipher,unknown_query_chars
11d6c32f,"In Alice's Wonderland, secret encryption rules are used on text. Here are some examples:
fit aomidl tjm aioc tomilxom -> cat dreams the dark treasure
cber omial xeamo viuifm -> king reads under palace
cebrjt yobtml tjm rkuame lmfomt -> knight writes the golden secret
tjm aioc txotum qkuukyl -> the dark turtle follows
tjm yblm cebrjt yobtml -> the wise knight writes
Now, decrypt the following text: ltxamet lmml pkkc",student sees book,Cipher,unknown_query_chars
11e77bf9,"In Alice's Wonderland, a secret set of transformation rules is applied to equations. Below are a few examples:
:!*\& = '\^&
\#*@& = %#%:
@#+%: = #'
\@-:% = !:
Now, determine the result for: :!-&@",@',Equation,length_mismatch
11f62c83,"In Alice's Wonderland, a secret set of transformation rules is applied to equations. Below are a few examples:
11<18 = 198
93<35 = 7602
86$91 = 78
Now, determine the result for: 98$07",951,Equation,length_mismatch
11fee43b,"In Alice's Wonderland, a secret set of transformation rules is applied to equations. Below are a few examples:
@]*?} = [?'""
'?-]"" = -&
[/+&/ = ""/
@]+[? = '/
[[-&' = -?]
Now, determine the result for: &/*'&",]&'[,Equation,length_mismatch
121ab697,"In Alice's Wonderland, secret encryption rules are used on text. Here are some examples:
zunliou icxysfiz qozqli amflio -> student explores inside garden
udi rsysfbny uimrdif lfmtz -> the colorful teacher draws
gqfl zunlqiz bsfizu -> bird studies forest
uimrdif tfquiz xnwwyi -> teacher writes puzzle
Now, decrypt the following text: kqoa zunlqiz lssf",king studies door,Cipher,unknown_query_chars
12470e5a,"In Alice's Wonderland, secret encryption rules are used on text. Here are some examples:
phz dnhqi unyftq wfktzhvt -> cat reads beyond mountain
hsvpn qdnhwi zgdfkag phizsn -> alice dreams through castle
wfkin izkqvni izfdy -> mouse studies story
zkdzsn rhzpgni zdnhikdn -> turtle watches treasure
Now, decrypt the following text: rvlhdq ncbsfdni zgn udvagz inpdnz",wizard explores the bright secret,Cipher,unknown_query_chars
124db55f,"In Alice's Wonderland, a secret set of transformation rules is applied to equations. Below are a few examples:
93!69 = 24
10!94 = 4
48!60 = 12
47!24 = 23
75!17 = 7
Now, determine the result for: 44{47",4447,Equation,length_mismatch
1271e669,"In Alice's Wonderland, secret encryption rules are used on text. Here are some examples:
svr nmlo eqdmln nlmeh -> the dark wizard draws
svr alqcvs aqln hrrh -> the bright bird sees
eqdmln rbxpzlrh nzzl -> wizard explores door
oqfc nlrmth svr mfuqrfs azzo -> king dreams the ancient book
svr alqcvs xlqfurhh lrmnh -> the bright princess reads
Now, decrypt the following text: svr uprwrl nlmczf ulrmsrh",the clever dragon creates,Cipher,unknown_query_chars
12734c90,"In Alice's Wonderland, a secret set of transformation rules is applied to equations. Below are a few examples:
#'%#> = ]\&]
{[*(# = >
]#%{@ = {#\#
''/'] = ][\
Now, determine the result for: #'%@]",]@>[,Equation,length_mismatch
12a79912,"In Alice's Wonderland, secret encryption rules are used on text. Here are some examples:
gkqswkb bkqno zkldxn youqxn -> teacher reads beyond island
pyiqbn nyosdakbo gwk sebydeo zddj -> wizard discovers the curious book
gebguk bkqno sqoguk -> turtle reads castle
gwk cdunkx sqg sbkqgko -> the golden cat creates
nbqcdx okko gwk ogbqxck rdgydx -> dragon sees the strange potion
Now, decrypt the following text: fdeok nbqpo gwk sebydeo ogdbl",mouse draws the curious story,Cipher,unknown_query_chars
12d4a2df,"In Alice's Wonderland, a secret set of transformation rules is applied to equations. Below are a few examples:
27-99 = -72
72+71 = 7172
81*83 = 486
86*15 = 8643
Now, determine the result for: 68-08",-6,Equation,length_mismatch
1302c7df,"In Alice's Wonderland, secret encryption rules are used on text. Here are some examples:
hcrjxv tqkcu vxl bkdrqka beavil -> knight found the curious castle
hrcj urabqglda pqvrqc -> king discovers potion
vxl bqiqdtki vkdvil sevbxla -> the colorful turtle watches
Now, decrypt the following text: wrdu sdrvla vxl bkdrqka avqdz",bird writes the curious story,Cipher,unknown_query_chars
1322241b,"In Alice's Wonderland, a secret set of transformation rules is applied to equations. Below are a few examples:
93'85 = 178
72&34 = 2447
17-77 = 9
41'71 = 112
Now, determine the result for: 26'35",61,Equation,length_mismatch
1342687b,"In Alice's Wonderland, a secret set of transformation rules is applied to equations. Below are a few examples:
@(+<< = ]!
]!+]< = %%
<(*]) = )/:@
Now, determine the result for: %<*#(",<%#<,Equation,length_mismatch
1369abb7,"In Alice's Wonderland, secret encryption rules are used on text. Here are some examples:
nlcstlg xmchxbld blcg mzrbncxb -> teacher imagines near mountain
nlcstlg vcnstld ntl dxyklg mxggzg -> teacher watches the silver mirror
mzrdl stcdld elf -> mouse chases key
scn wzyyzvd ntgzrht ocycsl -> cat follows through palace
Now, decrypt the following text: pxgq glcqd cpzkl scdnyl",bird reads above castle,Cipher,unknown_query_chars
136efb63,"In Alice's Wonderland, secret encryption rules are used on text. Here are some examples:
idtyez cjjc ynksj mkhfbydf -> wizard sees above mountain
xdfr zdcvksjec yekhfz oyayvj -> king discovers around palace
xdfr iedbjc dfcdzj dcayfz -> king writes inside island
Now, decrypt the following text: eynndb iedbjc njlkfz vysj",rabbit writes beyond cave,Cipher,unknown_query_chars
13892a7c,"In Alice's Wonderland, a secret set of transformation rules is applied to equations. Below are a few examples:
21+39 = 3921
77+07 = 0777
36+29 = 2936
31*42 = 213
63-46 = -82
Now, determine the result for: 61-47",-85,Equation,length_mismatch
13912aeb,"In Alice's Wonderland, secret encryption rules are used on text. Here are some examples:
aofvwsll rjxvy tus bfls pca -> princess found the wise map
mxssv wosctsl cgjzs rjoslt -> queen creates above forest
gfoy rjkkjbl tus hjkysv hcoysv -> bird follows the golden garden
tus bfls mxssv snakjosl -> the wise queen explores
gfoy rjxvy tus cvwfsvt psllchs -> bird found the ancient message
Now, decrypt the following text: tus ycoi ckfws yflwjzsol",the dark alice discovers,Cipher,unknown_query_chars
1395de7d,"In Alice's Wonderland, secret encryption rules are used on text. Here are some examples:
huggj eoujt djbdtg dbfvjt -> queen found inside island
cdqt brutdgb rwg vjmdgjr sgy -> bird studies the ancient key
zdkvqt eoffozb igbbvpg -> wizard follows message
Now, decrypt the following text: cdqt mwvbgb rwg zdbg lukkfg",bird chases the wise puzzle,Cipher,unknown_query_chars
13ad7bce,"In Alice's Wonderland, a secret set of transformation rules is applied to equations. Below are a few examples:
69-63 = 06
06*17 = 1706
37+29 = 461
79*88 = 8879
47-09 = -61
Now, determine the result for: 71-45",-73,Equation,length_mismatch
13ae247c,"In Alice's Wonderland, secret encryption rules are used on text. Here are some examples:
afbjl jllj uil srjl gqtjuxd -> mouse sees the wise crystal
uil jlgqlu afbjl lkmdfqlj -> the secret mouse explores
ulxgilq gixjlj uil nqrwiu jlgqlu -> teacher chases the bright secret
Now, decrypt the following text: ulxgilq vqxsj jlgqlu",teacher draws secret,Cipher,unknown_query_chars
13db9692,"In Alice's Wonderland, secret encryption rules are used on text. Here are some examples:
nps inqrjzs umois wqsrnsi -> the strange mouse creates
eqrzmj wqsrnsi nqsrioqs -> dragon creates treasure
inoesjn wprisi cmqsin -> student chases forest
Now, decrypt the following text: vqgjwsii bqgnsi nqsrioqs",princess writes treasure,Cipher,unknown_query_chars
1419a453,"In Alice's Wonderland, secret encryption rules are used on text. Here are some examples:
ansbwgn blwjfa nvw fcanwlyosa fjd -> student dreams the mysterious map
nvw fjiyzjr ljttyn hlynwa -> the magical rabbit writes
nvw anljgiw tylb morroha -> the strange bird follows
vjnnwl zvjawa nvw awzlwn donyog -> hatter chases the secret potion
Now, decrypt the following text: nvw fcanwlyosa hypjlb mosgb",the mysterious wizard found,Cipher,unknown_query_chars
141a881e,"In Alice's Wonderland, a secret set of transformation rules is applied to equations. Below are a few examples:
!/-{< = /!
`}+<< = @`!
^<*^! = !''
{%-^/ = }!
@<-^^ = -%{
Now, determine the result for: @}*}%",//%',Equation,length_mismatch
142a54ef,"In Alice's Wonderland, secret encryption rules are used on text. Here are some examples:
usfzv xbssbae gwv rkfjwg zuegsv -> alice follows the bright castle
omvvy kvune ukbmyn gbavk -> queen reads around tower
lkfyzvee zkvugve juknvy -> princess creates garden
gwv jbsnvy usfzv egmnfve -> the golden alice studies
Now, decrypt the following text: afdukn evve gwv zsvpvk juknvy",wizard sees the clever garden,Cipher,unknown_query_chars
1433b037,"In Alice's Wonderland, secret encryption rules are used on text. Here are some examples:
lfeeh gnmkicewm qje mekweq giiw -> queen discovers the secret door
qje bhknehq rnhd nxbdnhem -> the ancient king imagines
qje diugeh qfwque nxbdnhem -> the golden turtle imagines
Now, decrypt the following text: gwbdih kjbmem qje mekweq rep",dragon chases the secret key,Cipher,unknown_query_chars
144a3e31,"In Alice's Wonderland, a secret set of transformation rules is applied to equations. Below are a few examples:
05-08 = 0004
61-45 = 468
88[21 = 4
06{49 = 451
Now, determine the result for: 51-91",582,Equation,length_mismatch
1450fbc4,"In Alice's Wonderland, a secret set of transformation rules is applied to equations. Below are a few examples:
77""48 = 124
59[35 = 24
26[84 = 58
29""60 = 88
48""62 = 109
Now, determine the result for: 11""86",96,Equation,length_mismatch
145c9296,"In Alice's Wonderland, secret encryption rules are used on text. Here are some examples:
iov zrgnvri crnmoi lsqqsuf -> the ancient knight follows
iov fiwzrmv cnrm gozfvf -> the strange king chases
iov msqjvr crnmoi fvvf -> the golden knight sees
cnrm gozfvf nr nfqzrj -> king chases in island
Now, decrypt the following text: iov zrgnvri jwzmsr jnfgstvwf",the ancient dragon discovers,Cipher,unknown_query_chars
14905278,"In Alice's Wonderland, a secret set of transformation rules is applied to equations. Below are a few examples:
17{12 = 29
24{86 = 011
89!88 = 01
27<97 = 8865
Now, determine the result for: 38<56",5935,Equation,length_mismatch
1497f970,"In Alice's Wonderland, a secret set of transformation rules is applied to equations. Below are a few examples:
84*15 = 9442
76+93 = 601
27+89 = 071
Now, determine the result for: 28+49",671,Equation,length_mismatch
14a31439,"In Alice's Wonderland, secret encryption rules are used on text. Here are some examples:
jfklio wtzbhiwr lvhew plrcbw -> wizard explores above castle
cuw olim jfklio wtzbhiwr -> the dark wizard explores
zifgpwrr rwwr cuw rcilgqw yfiihi -> princess sees the strange mirror
Now, decrypt the following text: rcaowgc jifcwr lihago chjwi",student writes around tower,Cipher,unknown_query_chars
14df3496,"In Alice's Wonderland, secret encryption rules are used on text. Here are some examples:
xqfg efqvku lpddtk -> bird writes puzzle
vsk jyuvkfqopu lfqhikuu efqvku -> the mysterious princess writes
chqrsv iszuku goof -> knight chases door
Now, decrypt the following text: gfzroh gquiomkfu qhuqgk mzttky",dragon discovers inside valley,Cipher,unknown_query_chars
1520013c,"In Alice's Wonderland, a secret set of transformation rules is applied to equations. Below are a few examples:
\\/{: = \""%[
[:>\[ = >`{
{[/][ = ]]`[
[%>\"" = >??
""%/""[ = ?{[\
Now, determine the result for: {?>?[",[[,Equation,length_mismatch
152559af,"In Alice's Wonderland, secret encryption rules are used on text. Here are some examples:
xbg opzbhy jtozp uxzbt -> cat dreams under ocean
gzbxczp opzbhy gpzbyjpz -> teacher dreams treasure
pbaasg xcbyzy gcz yzxpzg lupzyg -> rabbit chases the secret forest
Now, decrypt the following text: gcz vsyz etsdcg yzzy",the wise knight sees,Cipher,unknown_query_chars
1526c35d,"In Alice's Wonderland, a secret set of transformation rules is applied to equations. Below are a few examples:
76]52 = 24
47]42 = 5
47""83 = 3901
Now, determine the result for: 33""75",2475,Equation,length_mismatch
1528c054,"In Alice's Wonderland, secret encryption rules are used on text. Here are some examples:
vmzzua euue ezgac -> hatter sees story
naysiuee ezfoyue zvu msiyusz quc -> princess studies the ancient key
zfazlu xmzivue zvu wglous hyaaga -> turtle watches the golden mirror
Now, decrypt the following text: ezfousz bgfso zvu eyldua iacezml",student found the silver crystal,Cipher,unknown_query_chars
1545b8f1,"In Alice's Wonderland, a secret set of transformation rules is applied to equations. Below are a few examples:
$'+{> = %<>
>!+{: = {%>
{'-:: = $%
Now, determine the result for: $|+$|",!)>,Equation,length_mismatch
155b4694,"In Alice's Wonderland, a secret set of transformation rules is applied to equations. Below are a few examples:
23+48 = 7862
84?53 = 31
81]36 = 18
Now, determine the result for: 92+77",2322,Equation,length_mismatch
156e8c2c,"In Alice's Wonderland, a secret set of transformation rules is applied to equations. Below are a few examples:
`@+%| = {&$
'{+@` = {{`
`'*#@ = `'#@
''+%' = ##
Now, determine the result for: #'+{'",{[#,Equation,length_mismatch
157228d7,"In Alice's Wonderland, a secret set of transformation rules is applied to equations. Below are a few examples:
28<40 = 69
82<68 = 151
28*78 = *50
Now, determine the result for: 50*15",35,Equation,length_mismatch
157f8266,"In Alice's Wonderland, secret encryption rules are used on text. Here are some examples:
yzh otaghl ulbndq txbntqho -> the silver dragon imagines
zbyyhl hfpadlho qhbl rdquhlabqu -> hatter explores near wonderland
oysuhqy oysutho wdlhoy -> student studies forest
mshhq lhbuo yzh ublk xbp -> queen reads the dark map
Now, decrypt the following text: vtlu rbyezho tqotuh toabqu",bird watches inside island,Cipher,unknown_query_chars
1580f498,"In Alice's Wonderland, a secret set of transformation rules is applied to equations. Below are a few examples:
09*42 = 1612
88+98 = 871
14-52 = 61
08*18 = 1846
01-01 = 0
Now, determine the result for: 05*19",1554,Equation,length_mismatch
15950a46,"In Alice's Wonderland, a secret set of transformation rules is applied to equations. Below are a few examples:
['+|[ = |[['
<""+}( = }(<""
<""-@& = -['
Now, determine the result for: <$*}&",}@<[,Equation,length_mismatch
15a1d279,"In Alice's Wonderland, a secret set of transformation rules is applied to equations. Below are a few examples:
15+42 = 67
97-91 = -06
37+25 = 621
72*93 = 3501
Now, determine the result for: 07*14",0782,Equation,length_mismatch
15d1668d,"In Alice's Wonderland, secret encryption rules are used on text. Here are some examples:
kvsgjb xnnx bpnwxlpn -> knight sees treasure
bjn adidpzli wisan pnwux -> the colorful alice reads
jwbbnp ajwxnx bjn adidpzli zdpnxb -> hatter chases the colorful forest
Now, decrypt the following text: bjn moxbnpsdlx jwbbnp nfcidpnx",the mysterious hatter explores,Cipher,unknown_query_chars
16056413,"In Alice's Wonderland, secret encryption rules are used on text. Here are some examples:
wsl tlqalw fzam bnkknet -> the secret bird follows
whawkl maiet wsl ciuzqik bnaltw -> turtle draws the magical forest
ezdiam zciuzplt ifnrl bnaltw -> wizard imagines above forest
qiw maiet wsl miax walithal -> cat draws the dark treasure
qiw qsitlt hpmla bnaltw -> cat chases under forest
Now, decrypt the following text: siwwla qaliwlt flvnpm jikiql",hatter creates beyond palace,Cipher,unknown_query_chars
162ff61a,"In Alice's Wonderland, a secret set of transformation rules is applied to equations. Below are a few examples:
?%*!% = %?!\
]!|?\ = ??
\>{^! = &<
>%|?! = [&&
Now, determine the result for: ?>{]<",?!,Equation,length_mismatch
163db2d8,"In Alice's Wonderland, a secret set of transformation rules is applied to equations. Below are a few examples:
97+14 = 021
01+26 = 27
93-97 = -04
19+89 = 981
25*01 = 915
Now, determine the result for: 58+37",851,Equation,length_mismatch
164b3241,"In Alice's Wonderland, a secret set of transformation rules is applied to equations. Below are a few examples:
83&85 = 167
27+90 = 2790
15&83 = 97
Now, determine the result for: 12&41",52,Equation,length_mismatch
165df245,"In Alice's Wonderland, secret encryption rules are used on text. Here are some examples:
ylppia gzkkzhu fwxia zdilw -> hatter follows under ocean
pyi dzkzagfk heblax gzkkzhu -> the colorful wizard follows
pyi ueknia qeax ailxu -> the silver bird reads
Now, decrypt the following text: dlp xalhu mlaxiw",cat draws garden,Cipher,unknown_query_chars
16642d10,"In Alice's Wonderland, secret encryption rules are used on text. Here are some examples:
nbap jssj gdaotyd jidoof -> bird sees through school
gds iofoamtf dkggsa rkgidsj -> the colorful hatter watches
rbwkap rkgidsj bq ykapsq -> wizard watches in garden
Now, decrypt the following text: xbqy motqp bq ekffsv",king found in valley,Cipher,unknown_query_chars
16699d43,"In Alice's Wonderland, a secret set of transformation rules is applied to equations. Below are a few examples:
33@37 = 71
67}12 = 6712
45+21 = 24
Now, determine the result for: 67+57",10,Equation,length_mismatch
16cf827a,"In Alice's Wonderland, a secret set of transformation rules is applied to equations. Below are a few examples:
\[$[| = /!
[]-@/ = ]@""|
]`-/] = |![`
]\>\@ = !\`
""!-[! = !\\
Now, determine the result for: [|-/`","""[``",Equation,length_mismatch
16ddcf94,"In Alice's Wonderland, a secret set of transformation rules is applied to equations. Below are a few examples:
^][!^ = ?&
!^*{! = *]^
{\[!] = "":?
\]@{"" = \]{""
Now, determine the result for: !?*&!","""^",Equation,length_mismatch
17093b07,"In Alice's Wonderland, a secret set of transformation rules is applied to equations. Below are a few examples:
[[-{` = -}
&^-:} = <{
}`-^} = &:
`<+<: = ^){
{>-[{ = }
Now, determine the result for: :<+`}",>{{,Equation,length_mismatch
1723747c,"In Alice's Wonderland, secret encryption rules are used on text. Here are some examples:
mdrktdx uyggynv qrw -> teacher follows map
wxabkdvv djwgyxdv abvaid qyfbmrab -> princess explores inside mountain
ixrcyb vmfiadv uyxdvm -> dragon studies forest
wxabkdvv nxamdv hdeybi gahxrxe -> princess writes beyond library
mtd hxactm ixrcyb ixdrqv -> the bright dragon dreams
Now, decrypt the following text: mtd vmxrbcd mdrktdx iavkysdxv",the strange teacher discovers,Cipher,unknown_query_chars
17479d8b,"In Alice's Wonderland, secret encryption rules are used on text. Here are some examples:
mwqz xpfdl rjpyls -> king draws forest
sbpsay rjaajdl qyfp lhkjja -> turtle follows near school
lsbxyqs ygeajpyl sky ipwzks lyhpys -> student explores the bright secret
iwpx dfshkyl sky fqhwyqs hflsay -> bird watches the ancient castle
Now, decrypt the following text: sky lwauyp fawhy ygeajpyl",the silver alice explores,Cipher,unknown_query_chars
175345c2,"In Alice's Wonderland, secret encryption rules are used on text. Here are some examples:
wbx skiwxuerci lumdrq gmwtbxi -> the mysterious dragon watches
ocxxq guewxi murcql wrgxu -> queen writes around tower
maetx guewxi tukiwma -> alice writes crystal
gefmul iwclexi wbx ixtuxw jxk -> wizard studies the secret key
iwclxqw lumgi lrru -> student draws door
Now, decrypt the following text: wxmtbxu luxmsi wbx ieavxu lrru",teacher dreams the silver door,Cipher,unknown_query_chars
175fc78a,"In Alice's Wonderland, a secret set of transformation rules is applied to equations. Below are a few examples:
<{-'$ = -(
(<*!$ = &^^&
((+!< = <&(
^!-{! = [)
Now, determine the result for: ^!*![",!)(',Equation,length_mismatch
1779c616,"In Alice's Wonderland, a secret set of transformation rules is applied to equations. Below are a few examples:
96`45 = 142
35""93 = ""58
20!80 = 1601
73!60 = 4381
Now, determine the result for: 34`99",134,Equation,length_mismatch
177f0c22,"In Alice's Wonderland, a secret set of transformation rules is applied to equations. Below are a few examples:
?""+>< = ?""><
[<-|' = -['
#""*\\ = #""\\
Now, determine the result for: >?-#[",/>,Equation,length_mismatch
1785b35e,"In Alice's Wonderland, a secret set of transformation rules is applied to equations. Below are a few examples:
!^*?] = !>""?
!>-!: = -!
(!+/> = ?(
:&*?? = ]>/!
""]+"": = !:""
Now, determine the result for: (!*?!",:^:/,Equation,length_mismatch
17c98340,"In Alice's Wonderland, a secret set of transformation rules is applied to equations. Below are a few examples:
94}26 = 111
45$22 = 8811
52$97 = 5791
05$17 = 0553
89/44 = 45
Now, determine the result for: 78}05",731,Equation,length_mismatch
17d40290,"In Alice's Wonderland, a secret set of transformation rules is applied to equations. Below are a few examples:
!}*[| = }|/""
$?*$"" = ||$:
[/*!} = }/}""
/""+/| = %""!
Now, determine the result for: }""-}!",$:,Equation,length_mismatch
17d62f7a,"In Alice's Wonderland, a secret set of transformation rules is applied to equations. Below are a few examples:
@`{@@ = )?@?
)&+<| = ^)
@`'): = )<
^?+""? = ^:|
Now, determine the result for: :&{@&",?|:|,Equation,length_mismatch
17fe003b,"In Alice's Wonderland, a secret set of transformation rules is applied to equations. Below are a few examples:
/<+/\ = ""^
""\}// = )#
<\'## = ^)#[
[)+)` = ^)#
\""}[\ = }/`
Now, determine the result for: ^<'#`","))""",Equation,length_mismatch
180ddd62,"In Alice's Wonderland, a secret set of transformation rules is applied to equations. Below are a few examples:
)""'&"" = >""""<
{""]>< = `<
``*&) = |&<
|<'{< = {|<
&<]`"" = ]>>
Now, determine the result for: |)][)",]/,Equation,length_mismatch
18268687,"In Alice's Wonderland, a secret set of transformation rules is applied to equations. Below are a few examples:
49*98 = 4998
84'18 = 66
28*73 = 2873
72'62 = 10
Now, determine the result for: 75'75",0,Equation,length_mismatch
183e90da,"In Alice's Wonderland, secret encryption rules are used on text. Here are some examples:
qcrztcf mfeqcu uczfcq -> teacher writes secret
zrq zfcrqcu qtc kfegtq kjjp -> cat creates the bright book
frkkeq uccu qtfjdgt aekfrfl -> rabbit sees through library
frkkeq ztrucu hcuurgc -> rabbit chases message
Now, decrypt the following text: hjduc xjdbn grfncb",mouse found garden,Cipher,unknown_query_chars
183f27ca,"In Alice's Wonderland, secret encryption rules are used on text. Here are some examples:
riw gfunwx ycr txfrwg -> the silver cat writes
riw ykxfbkg rkxruw efgybnwxg -> the curious turtle discovers
hkwwp xwceg qwdbpe rbtwx -> queen reads beyond tower
cufyw yicgwg vwd -> alice chases key
vpfoir tcryiwg ocxewp -> knight watches garden
Now, decrypt the following text: axfpywgg wzaubxwg aklluw",princess explores puzzle,Cipher,unknown_query_chars
1861c08f,"In Alice's Wonderland, a secret set of transformation rules is applied to equations. Below are a few examples:
82$88 = 711
35%75 = %4
59:53 = 5233
91:03 = 075
55:99 = 5445
Now, determine the result for: 71:95",3001,Equation,length_mismatch
188111de,"In Alice's Wonderland, secret encryption rules are used on text. Here are some examples:
qfeoadf qfeowaq zykqfhg -> student studies crystal
twlhyo qfeowaq qfbyk -> wizard studies story
vywdzaqq oyhtq wd ihggak -> princess draws in valley
vywdzaqq qaaq wdqwoa qzpbbg -> princess sees inside school
Now, decrypt the following text: vywdzaqq thfzpaq fpybeup uhyoad",princess watches through garden,Cipher,unknown_query_chars
18a4d39d,"In Alice's Wonderland, a secret set of transformation rules is applied to equations. Below are a few examples:
|/*{^ = #[^/
""""+#^ = """"#^
|#+|> = |#|>
""<+<[ = ""<<[
{$-""# = #{
Now, determine the result for: ^""*<>","#$""/",Equation,length_mismatch
18bce168,"In Alice's Wonderland, a secret set of transformation rules is applied to equations. Below are a few examples:
&}'){ = @{}
<^?&@ = ?@`
`)'$$ = @`@
Now, determine the result for: &}:))",@&`{,Equation,length_mismatch
190b9dad,"In Alice's Wonderland, secret encryption rules are used on text. Here are some examples:
zuv mjyavjz ojaluz dmzyuvn -> the ancient knight watches
gkvvj aemlajvn yhxnzmq -> queen imagines crystal
dasmhf dhazvn aj lmhfvj -> wizard writes in garden
Now, decrypt the following text: hmbbaz nzkfavn zuv ycqchtkq yhxnzmq",rabbit studies the colorful crystal,Cipher,unknown_query_chars
190c6205,"In Alice's Wonderland, secret encryption rules are used on text. Here are some examples:
sbtocx cpoxh zpfqkx ebzcocf -> wizard reads beyond library
nup zcbmun nicnep scbnph -> the bright turtle writes
nup zcbmun xcomqk gcponph -> the bright dragon creates
Now, decrypt the following text: nup hbedpc uonnpc hpph",the silver hatter sees,Cipher,unknown_query_chars
191ac967,"In Alice's Wonderland, a secret set of transformation rules is applied to equations. Below are a few examples:
/|*[} = $<$>
?@'}> = ?@}>
|$*[@ = [)>@
??!>| = [@
>/'@) = >/@)
Now, determine the result for: }?!?$",!>,Equation,length_mismatch
193c21d5,"In Alice's Wonderland, a secret set of transformation rules is applied to equations. Below are a few examples:
\>-`\ = ""{
{|*|% = `[%{
}|+[[ = [`
\\-\"" = ]
\`->% = {{
Now, determine the result for: >|*%{",}>[[,Equation,length_mismatch
193cf3fa,"In Alice's Wonderland, secret encryption rules are used on text. Here are some examples:
zaojui iujzn pauuqu -> wizard draws mirror
taui rqddqzn gjnhdm -> bird follows castle
nhwimvh iujzn nmgumh -> student draws secret
ujttah rqddqzn fmy -> rabbit follows key
Now, decrypt the following text: hem ijuf zaojui iujzn",the dark wizard draws,Cipher,unknown_query_chars
194695e8,"In Alice's Wonderland, a secret set of transformation rules is applied to equations. Below are a few examples:
{|*<\ = {%!|
]|*!] = {<|%
]$-<% = |!
Now, determine the result for: !\-{<",%,Equation,length_mismatch
196ff375,"In Alice's Wonderland, a secret set of transformation rules is applied to equations. Below are a few examples:
[@)$: = )@<
@#\@$ = $^
$<)<[ = )@#
#^\$% = @^%
Now, determine the result for: %^\#@",@@@,Equation,length_mismatch
19968602,"In Alice's Wonderland, a secret set of transformation rules is applied to equations. Below are a few examples:
[`+?^ = """"[
|""+// = ?^
/|*^) = ""))""
Now, determine the result for: &/*[/","""!`|",Equation,length_mismatch
19ab8087,"In Alice's Wonderland, a secret set of transformation rules is applied to equations. Below are a few examples:
!)+^\ = ]/
\\*]( = \\](
(\-]$ = ^^
Now, determine the result for: \/+!^",^)],Equation,length_mismatch
19d26998,"In Alice's Wonderland, secret encryption rules are used on text. Here are some examples:
canyxta ljnty adx vkcx yjje -> student found the wise door
adx wnekjnc itkpda canykxc -> the curious knight studies
adx ymei wma ljqqjvc -> the dark cat follows
axmwdxe ljnty adx vkcx wmcaqx -> teacher found the wise castle
Now, decrypt the following text: sektwxcc wdmcxc ums",princess chases map,Cipher,unknown_query_chars
19fdeffb,"In Alice's Wonderland, secret encryption rules are used on text. Here are some examples:
roqdt vtlkd ms optls -> mouse reads in ocean
zmalvk mrlcmstd pvidnlj -> wizard imagines crystal
net lspmtsn nqvnjt kvlzd -> the ancient turtle draws
elnntv zlnpetd lvoqsk roqsnlms -> hatter watches around mountain
Now, decrypt the following text: net rlcmplj uvmsptdd zlnpetd",the magical princess watches,Cipher,unknown_query_chars
1a0adb89,"In Alice's Wonderland, secret encryption rules are used on text. Here are some examples:
jgl wlaxlj aqj brkve -> the secret cat found
ivfzgj agqwlw errx -> knight chases door
jgl atlslx jkxjtl efwarslxw -> the clever turtle discovers
jgl akxfrkw jlqaglx brttruw -> the curious teacher follows
mrkwl uxfjlw yrjfrv -> mouse writes potion
Now, decrypt the following text: ckllv exlqmw wjrxn",queen dreams story,Cipher,unknown_query_chars
1a112a8f,"In Alice's Wonderland, a secret set of transformation rules is applied to equations. Below are a few examples:
&$<]? = ""]""
[""!$? = ""&??
\?<\> = ""||
Now, determine the result for: ?){|$",>?,Equation,length_mismatch
1a28140b,"In Alice's Wonderland, a secret set of transformation rules is applied to equations. Below are a few examples:
%)+#[ = ``
`'*)& = ?/['
#""+&# = ""'
""""-[# = '
Now, determine the result for: ""[*#/",%`&,Equation,length_mismatch
1a493b13,"In Alice's Wonderland, a secret set of transformation rules is applied to equations. Below are a few examples:
//+]] = @@
$]+@% = :^
^:+^} = %}:
%]+""/ = >@
%^*/] = $^:
Now, determine the result for: @^-@:",-],Equation,length_mismatch
1a5fa647,"In Alice's Wonderland, secret encryption rules are used on text. Here are some examples:
xvz qyrdvx vmxxzy eyrxzl -> the bright hatter writes
uymdgc emxsvzl xvygjdv egcuzykmcu -> dragon watches through wonderland
fjzzc svmlzl xvz sjyrgjl lzsyzx -> queen chases the curious secret
Now, decrypt the following text: ircd svmlzl mygjcu lsvggk",king chases around school,Cipher,unknown_query_chars
1a7f4579,"In Alice's Wonderland, secret encryption rules are used on text. Here are some examples:
aukkrn zlvxi nme trpdea bvggpe -> rabbit found the silver puzzle
nvanpe wunfmet nme flplazvp naeutvae -> turtle watches the colorful treasure
tnviexn wunfmet yraala -> student watches mirror
Now, decrypt the following text: nvanpe wunfmet tnlaq",turtle watches story,Cipher,unknown_query_chars
1ab54795,"In Alice's Wonderland, a secret set of transformation rules is applied to equations. Below are a few examples:
//-:( = -\
':-'% = -'|
||*|/ = |/||
(/-'| = (%
({*'# = '#({
Now, determine the result for: (|-\|",%,Equation,length_mismatch
1ac66163,"In Alice's Wonderland, a secret set of transformation rules is applied to equations. Below are a few examples:
#`*`] = `]#`
##*/[ = /[##
'|-{[ = #
|#-{[ = /{
""`+/# = [|[
Now, determine the result for: ``+[`",#'[,Equation,length_mismatch
1b019515,"In Alice's Wonderland, a secret set of transformation rules is applied to equations. Below are a few examples:
76<97 = 7373
93!27 = !66
25!54 = !29
Now, determine the result for: 57&77",134,Equation,length_mismatch
1b3891f3,"In Alice's Wonderland, secret encryption rules are used on text. Here are some examples:
cpr tyxig rmz cxqbyxd vzk -> cat found the curious key
jbqg tyxig rmz picbzir cpdrlz -> bird found the ancient castle
cpr qzpgd rmz cylyqtxl jyyv -> cat reads the colorful book
uqbiczdd qzpgd bi ryezq -> princess reads in tower
ebnpqg gqzpad gyyq -> wizard dreams door
Now, decrypt the following text: rmz clzhzq mprrzq bapobizd",the clever hatter imagines,Cipher,unknown_query_chars
1b3beb8f,"In Alice's Wonderland, a secret set of transformation rules is applied to equations. Below are a few examples:
80[32 = 16
49[33 = 16
82[20 = 2
76*52 = 3952
61*24 = 1464
Now, determine the result for: 87|22",108,Equation,length_mismatch
1b5a086b,"In Alice's Wonderland, secret encryption rules are used on text. Here are some examples:
paylvhjj rquvihj uahqjgah -> princess watches treasure
paylvhjj nyjvswhaj uih mayxiu msse -> princess discovers the bright book
iquuha naqrj uih vohwha jhvahu -> hatter draws the clever secret
qoyvh tsgln mhfsln vqjuoh -> alice found beyond castle
Now, decrypt the following text: vqu tsoosrj qasgln bsgluqyl",cat follows around mountain,Cipher,unknown_query_chars
1b5cab20,"In Alice's Wonderland, secret encryption rules are used on text. Here are some examples:
vlqnjgl nxabv lwj bfvj hjvvacj -> student draws the wise message
xammfl nxabv axyqgn zfmxaxt -> rabbit draws around library
lwj eyzyxpqz kxfgejvv pyqgn -> the colorful princess found
azfej pyzzybv lwj mxfcwl extvlaz -> alice follows the bright crystal
rqjjg xjanv lwj vlxagcj kylfyg -> queen reads the strange potion
Now, decrypt the following text: ofgc ewavjv mjtygn eavlzj",king chases beyond castle,Cipher,unknown_query_chars
1b616202,"In Alice's Wonderland, secret encryption rules are used on text. Here are some examples:
srn infcns fvs lawep -> the secret cat found
vzofn gvsfrni taau -> alice watches book
srn fwcoawi ueomrs fcnvsni -> the curious knight creates
fvs lazzagi envc sagnc -> cat follows near tower
srn infcns snvfrnc frvini -> the secret teacher chases
Now, decrypt the following text: srn iscvemn cvttos poifaynci",the strange rabbit discovers,Cipher,unknown_query_chars
1b6366af,"In Alice's Wonderland, a secret set of transformation rules is applied to equations. Below are a few examples:
14/75 = 7332
25/82 = 6541
96<62 = 59
37!64 = 72!
62/37 = 8981
Now, determine the result for: 65!68",03!,Equation,length_mismatch
1b7e17d4,"In Alice's Wonderland, secret encryption rules are used on text. Here are some examples:
spc ohxhunvx svusxc cmlxhucj -> the colorful turtle explores
fuyiha opyjcj spc ohxhunvx kyl -> dragon chases the colorful map
waeips jccj oubjsyx -> knight sees crystal
scyopcu nhvaf kyl -> teacher found map
lueaocjj opyjcj spc kbjscuehvj keuuhu -> princess chases the mysterious mirror
Now, decrypt the following text: zedyuf nhxxhzj spuhvip oygc",wizard follows through cave,Cipher,unknown_query_chars
1bc85bd9,"In Alice's Wonderland, a secret set of transformation rules is applied to equations. Below are a few examples:
58-85 = 72
88*95 = 9588
19*31 = 3119
Now, determine the result for: 16-22",93,Equation,length_mismatch
1bd77a66,"In Alice's Wonderland, secret encryption rules are used on text. Here are some examples:
ohdrnegg ebojtheg reah naie -> princess explores near cave
mkeer utjjtqg pvhtkfv qtrcehjarc -> queen follows through wonderland
gpkcerp qhdpeg pvhtkfv fahcer -> student writes through garden
pve zhdfvp hazzdp qapnveg -> the bright rabbit watches
pve gdjieh stkge geeg -> the silver mouse sees
Now, decrypt the following text: qdxahc chaqg pve vdccer ztty",wizard draws the hidden book,Cipher,unknown_query_chars
1c163ca8,"In Alice's Wonderland, secret encryption rules are used on text. Here are some examples:
dtylps spldv ohm jiqipwcq vmjpmo -> wizard draws the colorful secret
uicvm wiqqidv ohm zptbho voipa -> mouse follows the bright story
dtylps wiqqidv cnsmp jlvoqm -> wizard follows under castle
kntbho vocstmv siip -> knight studies door
splbin spldv ziik -> dragon draws book
Now, decrypt the following text: ocpoqm spldv ohm jqmrmp utppip",turtle draws the clever mirror,Cipher,unknown_query_chars
1c2e9814,"In Alice's Wonderland, a secret set of transformation rules is applied to equations. Below are a few examples:
`!-?% = %%
%/:`% = ?}
%`-'` = '!
/}:/` = ?^
Now, determine the result for: ""%:^/",'?},Equation,length_mismatch
1c3752f1,"In Alice's Wonderland, secret encryption rules are used on text. Here are some examples:
bqw xsdlvsm qobbwd mbsulwm -> the curious hatter studies
evsmw xqomwm eot -> mouse chases map
ilzodu idlbwm odvsnu evsnboln -> wizard writes around mountain
doaalb iobxqwm kwp -> rabbit watches key
Now, decrypt the following text: bqw adlcqb tdlnxwmm ulmxvrwdm",the bright princess discovers,Cipher,unknown_query_chars
1c4861e6,"In Alice's Wonderland, a secret set of transformation rules is applied to equations. Below are a few examples:
03-59 = 56
63-87 = 24
72+49 = 021
66-15 = 51
Now, determine the result for: 12*91",993,Equation,length_mismatch
1c48f9aa,"In Alice's Wonderland, a secret set of transformation rules is applied to equations. Below are a few examples:
22{52 = 2252
74*60 = 14
31*65 = 34
39{12 = 3912
Now, determine the result for: 86{10",8610,Equation,length_mismatch
1c4ac945,"In Alice's Wonderland, secret encryption rules are used on text. Here are some examples:
bknnpv hvynpf nbp fnvkxzp ciiv -> hatter writes the strange door
vkttyn dirrihf wxcpv fobiir -> rabbit follows under school
mwppx cvpkqf tpjixc nihpv -> queen dreams beyond tower
hygkvc hvynpf yx nihpv -> wizard writes in tower
nwvnrp cvpkqf tpjixc okfnrp -> turtle dreams beyond castle
Now, decrypt the following text: mwppx fppf tpjixc lyrrkzp",queen sees beyond village,Cipher,unknown_query_chars
1c5a5098,"In Alice's Wonderland, secret encryption rules are used on text. Here are some examples:
rqb jeisqr rbyxqbe aebyzo -> the bright teacher dreams
zwgob izysitbo rqb obxebr mwriwt -> mouse imagines the secret potion
aeyswt aioxwdbeo rqb qiaabt awwe -> dragon discovers the hidden door
xyr obbo jblwta dyhhbl -> cat sees beyond valley
Now, decrypt the following text: aeyswt bkmhwebo yjwdb dihhysb",dragon explores above village,Cipher,unknown_query_chars
1c7a0091,"In Alice's Wonderland, a secret set of transformation rules is applied to equations. Below are a few examples:
?@#?) = ?@?)
??#?( = ???(
!$*`? = ](?
`)/?` = ?|
|$#|) = |$|)
Now, determine the result for: )`#<@",)`<@,Equation,length_mismatch
1cb4d524,"In Alice's Wonderland, a secret set of transformation rules is applied to equations. Below are a few examples:
37@72 = 64
58!05 = 0524
71!56 = 5011
65?73 = 49
82!61 = 844
Now, determine the result for: 74!88",6314,Equation,length_mismatch
1cce5949,"In Alice's Wonderland, a secret set of transformation rules is applied to equations. Below are a few examples:
$?/%` = ]]%]
%$/""? = $[%>
[?-\"" = \>]
`]/\> = `??
Now, determine the result for: `\}`]",[?},Equation,length_mismatch
1d10ccaf,"In Alice's Wonderland, a secret set of transformation rules is applied to equations. Below are a few examples:
[!*`| = [!`|
'<-{( = !'
!!-?? = [[
Now, determine the result for: <(*{&",<({&,Equation,length_mismatch
1d15b7e6,"In Alice's Wonderland, a secret set of transformation rules is applied to equations. Below are a few examples:
^$)[^ = [^^{
^^?["" = {^(
![@({ = $$@
[}@{( = $^@
Now, determine the result for: |[)$[",|['{,Equation,length_mismatch
1d32e66f,"In Alice's Wonderland, secret encryption rules are used on text. Here are some examples:
tjnsba hpph tpe -> knight sees key
vnmf cuqquxh wphhgsp -> bird follows message
mgvvna nwgsnjph ampghzmp -> rabbit imagines treasure
Now, decrypt the following text: bgaapm cuzjf nj onqqgsp",hatter found in village,Cipher,unknown_query_chars
1d6c587d,"In Alice's Wonderland, a secret set of transformation rules is applied to equations. Below are a few examples:
38`65 = 27
19`68 = 49
50`36 = 14
70<39 = 2731
Now, determine the result for: 78<79",6163,Equation,length_mismatch
1d92ba5d,"In Alice's Wonderland, a secret set of transformation rules is applied to equations. Below are a few examples:
13&59 = 621
96(82 = 14(
97(71 = 26(
12(45 = 33
Now, determine the result for: 59&02",511,Equation,length_mismatch
1d99a2ac,"In Alice's Wonderland, secret encryption rules are used on text. Here are some examples:
btzzwj owruvkhbr jgh qtswutl jbhtrdbh -> rabbit discovers the magical treasure
jgh svlohf zwbo obhtqr -> the golden bird dreams
jdbjlh rhhr xvjwvf -> turtle sees potion
rjdohfj ubhtjhr wfrwoh mvbhrj -> student creates inside forest
Now, decrypt the following text: jgh uvlvbmdl obtsvf obtir",the colorful dragon draws,Cipher,unknown_query_chars
1da822f1,"In Alice's Wonderland, a secret set of transformation rules is applied to equations. Below are a few examples:
58*31 = 88
79*93 = 171
19*99 = 117
77*88 = 164
Now, determine the result for: 26%23",598,Equation,length_mismatch
1db0c6fe,"In Alice's Wonderland, a secret set of transformation rules is applied to equations. Below are a few examples:
63@94 = 158
98@76 = 175
36@54 = 91
Now, determine the result for: 48@23",72,Equation,length_mismatch
1dbcad28,"In Alice's Wonderland, secret encryption rules are used on text. Here are some examples:
remhzo vwbuobq ebuw mqluen -> knight creates near island
ulmvb wbunq fssr -> alice reads book
vuo wbunq qbvwbo -> cat reads secret
Now, decrypt the following text: wuffmo yuovzbq psomse",rabbit watches potion,Cipher,unknown_query_chars
1e0f6678,"In Alice's Wonderland, a secret set of transformation rules is applied to equations. Below are a few examples:
33""30 = 3
23""69 = 0
64*65 = 4160
Now, determine the result for: 37*36",1332,Equation,length_mismatch
1e18df16,"In Alice's Wonderland, secret encryption rules are used on text. Here are some examples:
bcl onljlw bvwbnl xdhrxtlp -> the clever turtle imagines
gwhrit khboclp xt qiwlpb -> dragon watches in forest
ohb xdhrxtlp bcl onljlw ohpbnl -> cat imagines the clever castle
mxtr gwlhdp dxwwiw -> king dreams mirror
Now, decrypt the following text: pbvgltb qinnikp owzpbhn",student follows crystal,Cipher,unknown_query_chars
1e248995,"In Alice's Wonderland, a secret set of transformation rules is applied to equations. Below are a few examples:
55""38 = ""17
78^42 = 120
51^87 = 138
24^73 = 97
11$15 = 164
Now, determine the result for: 13^18",31,Equation,length_mismatch
1e5aeac7,"In Alice's Wonderland, secret encryption rules are used on text. Here are some examples:
kxakes hasvksf idkbdn -> turtle creates potion
kus hdedayxe zbnt lbfhdjsaf -> the colorful king discovers
lavtdn asvlf kus mcfksabdxf idkbdn -> dragon reads the mysterious potion
kus lvaz kxakes fssf -> the dark turtle sees
avoobk ydxnl ldda -> rabbit found door
Now, decrypt the following text: avoobk hasvksf kus rbfs ixgges",rabbit creates the wise puzzle,Cipher,unknown_query_chars
1e9308a9,"In Alice's Wonderland, secret encryption rules are used on text. Here are some examples:
opz hzeazo cmyhz hoyfgzh -> the secret mouse studies
opz eyagmyh tgaf xloepzh -> the curious bird watches
falumw nmywf gwhgfz xmwfzavlwf -> dragon found inside wonderland
Now, decrypt the following text: opz flai iwgupo falxh",the dark knight draws,Cipher,unknown_query_chars
1eaf6228,"In Alice's Wonderland, a secret set of transformation rules is applied to equations. Below are a few examples:
25-55 = 3
94+41 = 26
25+29 = 341
35-35 = 0
Now, determine the result for: 42*61",483,Equation,length_mismatch
1eb16797,"In Alice's Wonderland, secret encryption rules are used on text. Here are some examples:
lzhg udjqv yxpzxh -> king reads potion
prd rzqqdh pdjordu vddv -> the hidden teacher sees
nzbjuq vddv vpxuf -> wizard sees story
Now, decrypt the following text: jszod qudjav jkxcd gjuqdh",alice dreams above garden,Cipher,unknown_query_chars
1ee26ca9,"In Alice's Wonderland, secret encryption rules are used on text. Here are some examples:
ufotng nvtgd lyv dlntibv lnvtdwnv -> wizard reads the strange treasure
ntxxfl vkrjsnvd qtr -> rabbit explores map
lyv tihfvil dlwgvil dvvd -> the ancient student sees
Now, decrypt the following text: lyv hsjsnewj qswdv unflvd",the colorful mouse writes,Cipher,unknown_query_chars
1ee54412,"In Alice's Wonderland, a secret set of transformation rules is applied to equations. Below are a few examples:
07:33 = 301
58:23 = 711
08:89 = 871
93-13 = 8
56-95 = 6
Now, determine the result for: 58-85",72,Equation,length_mismatch
1ef44724,"In Alice's Wonderland, secret encryption rules are used on text. Here are some examples:
wvg azyyzpf sqfsno wvjo -> cat follows inside cave
cvggoi stvdsqof gco fowiog toffvdo -> hatter imagines the secret message
guigyo pisgof gco dzynoq fgzil -> turtle writes the golden story
Now, decrypt the following text: tzufo wiovgof gco risdcg aziofg",mouse creates the bright forest,Cipher,unknown_query_chars
1ef51442,"In Alice's Wonderland, a secret set of transformation rules is applied to equations. Below are a few examples:
68+31 = 99
14*54 = 4481
28+87 = 061
93*84 = 1781
Now, determine the result for: 94*14",8002,Equation,length_mismatch
1f0674b0,"In Alice's Wonderland, a secret set of transformation rules is applied to equations. Below are a few examples:
69-14 = 55
13-75 = 62
71+81 = 53
58-66 = 91
Now, determine the result for: 54+95",401,Equation,length_mismatch
1f0fbe5f,"In Alice's Wonderland, a secret set of transformation rules is applied to equations. Below are a few examples:
06*79 = 0285
75-72 = 3
88-32 = 91
Now, determine the result for: 54-68",14,Equation,length_mismatch
1f445c5e,"In Alice's Wonderland, a secret set of transformation rules is applied to equations. Below are a few examples:
58?58 = 3364
95}49 = }46
81?13 = 1053
53?11 = 583
Now, determine the result for: 34?46",1564,Equation,length_mismatch
1f4a566c,"In Alice's Wonderland, secret encryption rules are used on text. Here are some examples:
hgqm lecxm agqqeq -> bird found mirror
vtuujq mgkneojqk atz -> hatter discovers map
uvj hqgpvu rxgpvu yqgujk -> the bright knight writes
uvj hqgpvu ygwtqm kucmgjk -> the bright wizard studies
kucmjxu lecxm kueqs -> student found story
Now, decrypt the following text: uvj pedmjx qthhgu mqjtak",the golden rabbit dreams,Cipher,unknown_query_chars
1f4c8169,"In Alice's Wonderland, a secret set of transformation rules is applied to equations. Below are a few examples:
44+02 = 46
79+53 = 231
83*13 = 9711
27+32 = 59
Now, determine the result for: 86+28",051,Equation,length_mismatch
1f64478c,"In Alice's Wonderland, a secret set of transformation rules is applied to equations. Below are a few examples:
$`+{> = `#!
`#+>@ = !>
#\+@> = \@!
Now, determine the result for: #!+>\",:{,Equation,length_mismatch
1f7cf3b9,"In Alice's Wonderland, a secret set of transformation rules is applied to equations. Below are a few examples:
:^*!] = !@\@
@]+&\ = :&
(:-]: = @
:)+@\ = >]
Now, determine the result for: )>*\^",\@:],Equation,length_mismatch
1f8b6b98,"In Alice's Wonderland, secret encryption rules are used on text. Here are some examples:
fesw lhaahoi es ydpq -> king follows in cave
bqdyzqj ojebqi djhrst wdjtqs -> teacher writes around garden
mhriq yzdiqi es ydpq -> mouse chases in cave
zdbbqj ibrteqi bzq oeiq mqiidwq -> hatter studies the wise message
Now, decrypt the following text: bqdyzqj lhrst vhbehs",teacher found potion,Cipher,unknown_query_chars
1fb37a08,"In Alice's Wonderland, a secret set of transformation rules is applied to equations. Below are a few examples:
<!'|& = $@&
|/*|& = |/|&
%@'@< = $//
$&*@% = $&@%
Now, determine the result for: $|'<$",$!:,Equation,length_mismatch
1fbfca5d,"In Alice's Wonderland, secret encryption rules are used on text. Here are some examples:
rzmpnjss fwkngjs nwsklj -> princess watches castle
zwiimk azwfs iddu -> rabbit draws book
zwiimk nzjwkjs kzjwsezj -> rabbit creates treasure
kjwngjz azwfs ujc -> teacher draws key
kezklj zjwas ijcdpa owzajp -> turtle reads beyond garden
Now, decrypt the following text: imza qdepa vwr",bird found map,Cipher,unknown_query_chars
1fcbbb93,"In Alice's Wonderland, secret encryption rules are used on text. Here are some examples:
dfckxs sfgevonxg lnkx venkl -> wizard discovers near ocean
xkjjfb sxnkag lnkx qfjxkxh -> rabbit dreams near library
ukbbnx eukgng lnkx wvxngb -> hatter chases near forest
zxflengg xnksg bun gfqonx exhgbkq -> princess reads the silver crystal
bun eqnonx sxkpvl dkbeung -> the clever dragon watches
Now, decrypt the following text: dfckxs exnkbng lnkx avrlbkfl",wizard creates near mountain,Cipher,unknown_query_chars
201255d5,"In Alice's Wonderland, secret encryption rules are used on text. Here are some examples:
btnfz mtnoi pswfdja -> mouse found crystal
qeog iszjbf drz pazyzs mtszfd -> king dreams the clever forest
dnsdaz fzzf bjh -> turtle sees map
Now, decrypt the following text: drz feayzs sjuued iefptyzsf",the silver rabbit discovers,Cipher,unknown_query_chars
2049f01d,"In Alice's Wonderland, a secret set of transformation rules is applied to equations. Below are a few examples:
86+62 = 59
48+71 = 201
37-52 = 84
29*75 = 4425
16+11 = 37
Now, determine the result for: 52-75",23,Equation,length_mismatch
20744ce8,"In Alice's Wonderland, secret encryption rules are used on text. Here are some examples:
crupnkr vmlcnc renlcuen -> student chases treasure
rmn lkvdnkr wdkq flrvmnc -> the ancient king watches
rmn vhshezus iunnk venlrnc -> the colorful queen creates
rmn qhspnk vlr crupdnc -> the golden cat studies
Now, decrypt the following text: fdylep venlrnc rmn qhspnk vebcrls",wizard creates the golden crystal,Cipher,unknown_query_chars
2077d3da,"In Alice's Wonderland, secret encryption rules are used on text. Here are some examples:
hiea ypbvq sbw -> king draws map
pbttij ypfbsq yoop -> rabbit dreams door
jkf benifej jfbnkfp qjryifq -> the ancient teacher studies
jfbnkfp ypbvq wojioe -> teacher draws potion
tipy vbjnkfq efbp nbqjcf -> bird watches near castle
Now, decrypt the following text: hiea lorey sippop",king found mirror,Cipher,unknown_query_chars
207ab66f,"In Alice's Wonderland, a secret set of transformation rules is applied to equations. Below are a few examples:
03]09 = ]06
48{26 = 7025
13{46 = 3891
68]07 = 61
Now, determine the result for: 17{37",2815,Equation,length_mismatch
208d7838,"In Alice's Wonderland, a secret set of transformation rules is applied to equations. Below are a few examples:
#}+{% = }$$
%#*%[ = &:[[
}%-&[ = [$
<&+:$ = :#
}%*&# = }[$%
Now, determine the result for: [&-<>",[:,Equation,length_mismatch
209c43f0,"In Alice's Wonderland, a secret set of transformation rules is applied to equations. Below are a few examples:
10^12 = 21
92!90 = 8280
98^33 = 130
48:26 = 22
Now, determine the result for: 18^84",101,Equation,length_mismatch
209d28ca,"In Alice's Wonderland, a secret set of transformation rules is applied to equations. Below are a few examples:
35}22 = 13
10^96 = 961
66}15 = 51
23^91 = 2094
Now, determine the result for: 84[87",171,Equation,length_mismatch
20a537e6,"In Alice's Wonderland, secret encryption rules are used on text. Here are some examples:
dplqy xplcm iny haqy daggpg -> mouse found the wise mirror
jgacvyqq xplcm ekpsy dplcieac -> princess found above mountain
ilgiry mgyedq veqiry -> turtle dreams castle
Now, decrypt the following text: hauegm mgehq ingpltn vesy",wizard draws through cave,Cipher,unknown_query_chars
20d3e997,"In Alice's Wonderland, secret encryption rules are used on text. Here are some examples:
dre xczzcui ept dczcvxgz dvwierz -> cat follows the colorful crystal
preetv itti rqcjt jrzztw -> hatter sees above valley
ept mczota vrqqne dvtreti -> the golden rabbit creates
ept dczcvxgz hcgit ovtrhi -> the colorful mouse dreams
preetv onidcjtvi dvwierz -> hatter discovers crystal
Now, decrypt the following text: vrqqne ovtrhi ept pnoota hrf",rabbit dreams the hidden map,Cipher,unknown_query_chars
20e6b2d1,"In Alice's Wonderland, a secret set of transformation rules is applied to equations. Below are a few examples:
]'*{% = '{{%
@$*@$ = ]%$`
{?+`\ = {?`\
`?*{% = ?$%
(]*{? = '%``
Now, determine the result for: @`-](",'',Equation,length_mismatch
20f0fac9,"In Alice's Wonderland, a secret set of transformation rules is applied to equations. Below are a few examples:
78]18 = 6
95]24 = 23
52*94 = 145
21]91 = 7
Now, determine the result for: 31%96",2976,Equation,length_mismatch
21261dc6,"In Alice's Wonderland, a secret set of transformation rules is applied to equations. Below are a few examples:
05-25 = -2
74*67 = 2753
89-85 = -04
Now, determine the result for: 02-27",-25,Equation,length_mismatch
212e792d,"In Alice's Wonderland, a secret set of transformation rules is applied to equations. Below are a few examples:
[`)?[ = )%&
?\$?: = `[`
`?$[& = ?`
Now, determine the result for: %\):!",)//,Equation,length_mismatch
21519be7,"In Alice's Wonderland, a secret set of transformation rules is applied to equations. Below are a few examples:
58@52 = 011
31>55 = 24
85>27 = 41
Now, determine the result for: 82@52",35,Equation,length_mismatch
215edb1a,"In Alice's Wonderland, secret encryption rules are used on text. Here are some examples:
pks ldbnjdo pdbpfs svrfjbso -> the curious turtle explores
psylksb tbyho pks lfsesb lbmopyf -> teacher draws the clever crystal
hnzybt bsyto nxonts ijbsop -> wizard reads inside forest
Now, decrypt the following text: pks ljfjbidf rbnxlsoo tbsywo",the colorful princess dreams,Cipher,unknown_query_chars
21b90d9f,"In Alice's Wonderland, a secret set of transformation rules is applied to equations. Below are a few examples:
]{-]{ = :
{'*/{ = {'/{
{?-?' = ))
/&*)) = /&))
{/*&/ = {/&/
Now, determine the result for: ){*?{",){?{,Equation,length_mismatch
21bd1251,"In Alice's Wonderland, secret encryption rules are used on text. Here are some examples:
amxbg idxpgq pcg ixqg wsdgqp -> alice writes the wise forest
ysjqg iapbcgq ygqqafg -> mouse watches message
pgabcgd gtemsdgq adsjlz eamabg -> teacher explores around palace
pgabcgd dgazq adsjlz baqpmg -> teacher reads around castle
ixkadz bcaqgq hgnslz xqmalz -> wizard chases beyond island
Now, decrypt the following text: pjdpmg zxqbsrgdq ejkkmg",turtle discovers puzzle,Cipher,unknown_query_chars
21d4018f,"In Alice's Wonderland, secret encryption rules are used on text. Here are some examples:
iqeewf xflewa eiw mqfp efwqajfw -> hatter writes the dark treasure
ejfegw lrqclbwa eiw chgmwb cqfmwb -> turtle imagines the golden garden
aejmwbe mfwqra eifhjci atihhg -> student dreams through school
rhjaw uhgghxa eiw xlaw pwk -> mouse follows the wise key
eiw rkaewflhja tqe tiqawa -> the mysterious cat chases
Now, decrypt the following text: xlvqfm uhjbm yhelhb",wizard found potion,Cipher,unknown_query_chars
21dff465,"In Alice's Wonderland, a secret set of transformation rules is applied to equations. Below are a few examples:
30?45 = 75
57?67 = 124
40?37 = 77
Now, determine the result for: 73@82",@9,Equation,length_mismatch
21ee162c,"In Alice's Wonderland, a secret set of transformation rules is applied to equations. Below are a few examples:
#}*#} = ${@/
/#*[{ = #(/&
#@*'} = /'(
Now, determine the result for: '$)/&",'&{,Equation,length_mismatch
22045c05,"In Alice's Wonderland, secret encryption rules are used on text. Here are some examples:
utlfmo ztklqkw wqmtx -> dragon creates story
anof wqiunkw ummt -> king studies door
qdk etnfdq qklzdkt kycsmtkw -> the bright teacher explores
Now, decrypt the following text: pikko vmiou akx",queen found key,Cipher,unknown_query_chars
221798d9,"In Alice's Wonderland, secret encryption rules are used on text. Here are some examples:
ahj xawecuj mkwd jgiqlwjx -> the strange bird explores
ahj yeukveq abwaqj nwkajx -> the magical turtle writes
tbjjc neavhjx ahj yeukveq awjexbwj -> queen watches the magical treasure
Now, decrypt the following text: ahj vlqlwzbq mkwd vwjeajx",the colorful bird creates,Cipher,unknown_query_chars
22288152,"In Alice's Wonderland, a secret set of transformation rules is applied to equations. Below are a few examples:
17{75 = 821
61'66 = 5501
53{87 = 311
36{82 = 19
68/54 = 14
Now, determine the result for: 98{19",081,Equation,length_mismatch
223b2899,"In Alice's Wonderland, a secret set of transformation rules is applied to equations. Below are a few examples:
?[-?> = %
)!""?> = %!%%
`%""%: = <<!
Now, determine the result for: ??"">`",<[{?,Equation,length_mismatch
224efda1,"In Alice's Wonderland, a secret set of transformation rules is applied to equations. Below are a few examples:
22]67 = ]45
39@99 = 3999
53]91 = ]38
Now, determine the result for: 61]54",7,Equation,length_mismatch
226cbdf8,"In Alice's Wonderland, a secret set of transformation rules is applied to equations. Below are a few examples:
%#+%% = %^%)
[`+^` = |)/
[`}"") = [[
|%}`^ = &/`
Now, determine the result for: )|})#",#[`,Equation,length_mismatch
22844f06,"In Alice's Wonderland, secret encryption rules are used on text. Here are some examples:
nofnij xfjgnjd mbfjdn -> turtle creates forest
nofnij mbose ntj qwdj vwffbf -> turtle found the wise mirror
lwsp wvgpwsjd ntj vgpwxgi vwffbf -> king imagines the magical mirror
Now, decrypt the following text: qwugfe mbose vwffbf",wizard found mirror,Cipher,unknown_query_chars
228bd26b,"In Alice's Wonderland, a secret set of transformation rules is applied to equations. Below are a few examples:
43!79 = 3397
58-47 = 11
84!32 = 2688
25-93 = 18
Now, determine the result for: 40/12",4012,Equation,length_mismatch
2293bcf7,"In Alice's Wonderland, secret encryption rules are used on text. Here are some examples:
xzuxnj hqzcl hqujmx -> turtle found forest
gndwj hqzcl guqzcl wgij -> alice found around cave
xej wzudqzm fzjjc hqnnqom -> the curious queen follows
Now, decrypt the following text: rqzmj wujgxjm zclju xqoju",mouse creates under tower,Cipher,unknown_query_chars
22d94427,"In Alice's Wonderland, secret encryption rules are used on text. Here are some examples:
qxjdacbb sreaucb axgberk -> princess watches crystal
sjyrxo znkknsb axgberk -> wizard follows crystal
hnfbc axcrecb trxocd -> mouse creates garden
Now, decrypt the following text: xrvvje jhrtjdcb onnx",rabbit imagines door,Cipher,unknown_query_chars
231a83b6,"In Alice's Wonderland, secret encryption rules are used on text. Here are some examples:
nzfasze clwamqzew nsz slcczx pmnlmx -> teacher discovers the hidden potion
pelxazww cefyw nsz ylwz aeownfk -> princess draws the wise crystal
gmjwz cezfgw jxcze umezwn -> mouse dreams under forest
nsz amkmeujk wnjczxn aezfnzw -> the colorful student creates
Now, decrypt the following text: hjzzx yfnaszw jxcze mazfx",queen watches under ocean,Cipher,unknown_query_chars
234e5b9e,"In Alice's Wonderland, a secret set of transformation rules is applied to equations. Below are a few examples:
&$""$& = #||
)#+|( = $<]
#|@&! = !]
!:+#) = $!<
$<""&| = &|$
Now, determine the result for: )(""(#",$]|&,Equation,length_mismatch
236a2204,"In Alice's Wonderland, a secret set of transformation rules is applied to equations. Below are a few examples:
&)'%& = %<]`
|>*^< = ]>
%)*{< = ))
|&""^> = ^
Now, determine the result for: {{*])",`>,Equation,length_mismatch
23800316,"In Alice's Wonderland, a secret set of transformation rules is applied to equations. Below are a few examples:
87*46 = 41
38]67 = 951
58]95 = 441
Now, determine the result for: 44]35",79,Equation,length_mismatch
239771fb,"In Alice's Wonderland, a secret set of transformation rules is applied to equations. Below are a few examples:
$)}/) = $}
"">?#' = |/>
#|}$> = ))}
'|?#$ = ${
$#\#> = $#)>
Now, determine the result for: ""'}|""",|)},Equation,length_mismatch
23b0eb54,"In Alice's Wonderland, a secret set of transformation rules is applied to equations. Below are a few examples:
](*/| = ](/|
(|-]} = ))
\(-|| = -:/
Now, determine the result for: ]/*:)",]/:),Equation,length_mismatch
23b839d8,"In Alice's Wonderland, secret encryption rules are used on text. Here are some examples:
dzhitez nphei zat xpbpmnhb dzpmf -> student found the colorful story
xqz nphei ke pxtqe -> cat found in ocean
qbkxt ikdxpjtmd xmfdzqb -> alice discovers crystal
Now, decrypt the following text: dzhitez xaqdtd zat xhmkphd uppo",student chases the curious book,Cipher,unknown_query_chars
23c59364,"In Alice's Wonderland, a secret set of transformation rules is applied to equations. Below are a few examples:
`#(}' = `>}|
}#+`| = +>`
/`(#| = '/}|
|""(`' = "">''
/>[)"" = ""|'
Now, determine the result for: ||["">",>/,Equation,length_mismatch
23d9e764,"In Alice's Wonderland, secret encryption rules are used on text. Here are some examples:
ljmkhu bmpqdnr agwwen -> dragon watches puzzle
ajvuqnrr qjnmpnr snx -> princess creates key
svuk zheehbr rphjx -> king follows story
Now, decrypt the following text: rpglnup qjnmpnr vu yveemkn",student creates in village,Cipher,unknown_query_chars
23eca41d,"In Alice's Wonderland, secret encryption rules are used on text. Here are some examples:
osxdbh ebwdtwp lwdb fsvvdkw -> wizard creates near village
udttwb srdkslwp tuw ejvjbngv njbwpt -> hatter imagines the colorful forest
qlskut odteuwp lwdb idvdew -> knight watches near palace
ibslewpp srdkslwp ptjby -> princess imagines story
Now, decrypt the following text: zgwwl njglh qwy",queen found key,Cipher,unknown_query_chars
23f98595,"In Alice's Wonderland, a secret set of transformation rules is applied to equations. Below are a few examples:
17-59 = 5476
62-45 = 4041
58-38 = 5507
Now, determine the result for: 33'69",03,Equation,length_mismatch
2411f83a,"In Alice's Wonderland, secret encryption rules are used on text. Here are some examples:
vquurh gvrhxt uxfcza wcmzhqrz -> rabbit writes beyond mountain
ivrzjxtt vxqat rz iqdqjx -> princess reads in palace
hnx trdexv thmaxzh gqhjnxt -> the silver student watches
hnx uvrlnh urva jnqtxt -> the bright bird chases
Now, decrypt the following text: grpqva xoidcvxt uccy",wizard explores book,Cipher,unknown_query_chars
2423926d,"In Alice's Wonderland, a secret set of transformation rules is applied to equations. Below are a few examples:
39-24 = 15
88+93 = 621
38*99 = 6128
67+99 = 471
53*53 = 4221
Now, determine the result for: 33+25",48,Equation,length_mismatch
24419159,"In Alice's Wonderland, secret encryption rules are used on text. Here are some examples:
kmbqowm ztlpzwok mao ybrzsbk yrgkmlv -> student imagines the curious crystal
mao azqqow fwzpam oexvsrok -> the hidden knight explores
mbrmvo irzmok lrsbwq ylco -> turtle writes around cave
fwzpam ilmyaok plrqow -> knight watches garden
dboow rolqk mao azqqow plrqow -> queen reads the hidden garden
Now, decrypt the following text: fzwp yalkok mao azqqow xbhhvo",king chases the hidden puzzle,Cipher,unknown_query_chars
24750c4a,"In Alice's Wonderland, a secret set of transformation rules is applied to equations. Below are a few examples:
/{-/< = -)}
@}+@} = @}@}
&|*#/ = @)?|
/&-}? = #}
||*&? = /@){
Now, determine the result for: |/*||",?)/{,Equation,length_mismatch
249b5a58,"In Alice's Wonderland, secret encryption rules are used on text. Here are some examples:
gijmzui mhgelnzcg ibz ejchljg iczsgjcz -> student discovers the curious treasure
bsiizc gijmhzg iczsgjcz -> hatter studies treasure
ibz gzeczi achuezgg tsiebzg -> the secret princess watches
ibz suehzui csqqhi xlkkltg -> the ancient rabbit follows
rhuv xlkkltg gzeczi -> king follows secret
Now, decrypt the following text: ruhvbi hosvhuzg ibz vlkmzu ecwgisk",knight imagines the golden crystal,Cipher,unknown_query_chars
249ec418,"In Alice's Wonderland, secret encryption rules are used on text. Here are some examples:
rvl qtvxqbgj lng jqwcgm lmgvjomg -> cat imagines the silver treasure
nvllgm mgvuj hoffwg -> hatter reads puzzle
vwqrg umgvtj rmdjlvw -> alice dreams crystal
Now, decrypt the following text: lng iqjg lgvrngm mgvuj",the wise teacher reads,Cipher,unknown_query_chars
24b2d8eb,"In Alice's Wonderland, a secret set of transformation rules is applied to equations. Below are a few examples:
'[+'' = !``
|[*|( = ``!`
::+`"" = ""/`
Now, determine the result for: `!*/[",/[:`,Equation,length_mismatch
24d5d3da,"In Alice's Wonderland, secret encryption rules are used on text. Here are some examples:
fuq lcqpqm kjyimg kifluqr -> the clever wizard watches
ozarq gmqior rqlmqf -> mouse dreams secret
middjf gmikr vqim nimgqv -> rabbit draws near garden
saqqv rfagjqr fuq dmjnuf tzmqrf -> queen studies the bright forest
Now, decrypt the following text: fqiluqm gmqior fuq dmjnuf eayycq",teacher dreams the bright puzzle,Cipher,unknown_query_chars
24e1f1d5,"In Alice's Wonderland, a secret set of transformation rules is applied to equations. Below are a few examples:
%!+<} = %!<}
<^*""^ = [""(
!\*%[ = #}(\
^<*<< = ^""<
Now, determine the result for: ^#+(!",^#(!,Equation,length_mismatch
252d0997,"In Alice's Wonderland, a secret set of transformation rules is applied to equations. Below are a few examples:
[}+@@ = )@&
@[*]& = @[]&
&]*`( = &]`(
}#-[# = -)#
Now, determine the result for: )[-`/",-/@,Equation,length_mismatch
255ec836,"In Alice's Wonderland, secret encryption rules are used on text. Here are some examples:
gnffd bofiaj wmf idtxfdw bzzo -> queen dreams the ancient door
wmf jwoidhf wfitmfo czndb -> the strange teacher found
wfitmfo czeezpj wmoznhm wzpfo -> teacher follows through tower
Now, decrypt the following text: pxliob tofiwfj wmoznhm pzdbfoeidb",wizard creates through wonderland,Cipher,unknown_query_chars
258b796b,"In Alice's Wonderland, a secret set of transformation rules is applied to equations. Below are a few examples:
&}-&& = ""
$|-$% = $
}%-$` = }
Now, determine the result for: `]*|[",`]|[,Equation,length_mismatch
25bdf5be,"In Alice's Wonderland, secret encryption rules are used on text. Here are some examples:
squcxojj qovaj xvjtio -> princess reads castle
tovxzoq xzvjoj tzqlewz xvbo -> teacher chases through cave
viuxo aqovgj wvqaoc -> alice dreams garden
rcuwzt ugvwucoj vqleca mlcaoqivca -> knight imagines around wonderland
tovxzoq qovaj tzo avqr sltulc -> teacher reads the dark potion
Now, decrypt the following text: qvnnut pliilmj tzo avqr wvqaoc",rabbit follows the dark garden,Cipher,unknown_query_chars
25cd4dab,"In Alice's Wonderland, secret encryption rules are used on text. Here are some examples:
ejq zsrqxc jdthx mrdsjsn -> cat writes above library
qwsqmx krcethxsc oxjs qtzxs -> turtle discovers near tower
qvx dsrpvq utwcx atwok -> the bright mouse found
Now, decrypt the following text: iorpvq sxjkc qvx ptmkxo ywggmx",knight reads the golden puzzle,Cipher,unknown_query_chars
25e89624,"In Alice's Wonderland, a secret set of transformation rules is applied to equations. Below are a few examples:
<\-)| = -![
$$-)/ = ->
!$*\! = >)$[
Now, determine the result for: >)+\|","[""$",Equation,length_mismatch
25eb7b03,"In Alice's Wonderland, a secret set of transformation rules is applied to equations. Below are a few examples:
86#98 = #12
97{45 = 7624
73#07 = #33
Now, determine the result for: 54#31",23,Equation,length_mismatch
25ee72c3,"In Alice's Wonderland, a secret set of transformation rules is applied to equations. Below are a few examples:
:>+'> = &&>
"">+:$ = &<$
]>-@' = <'
'@-@< = ']
:'-"": = ']
Now, determine the result for: #""*<<","#""<<",Equation,length_mismatch
25f2f2cd,"In Alice's Wonderland, a secret set of transformation rules is applied to equations. Below are a few examples:
78+19 = 971
85*57 = 0534
02*35 = 0601
Now, determine the result for: 15+75",901,Equation,length_mismatch
260f20c1,"In Alice's Wonderland, a secret set of transformation rules is applied to equations. Below are a few examples:
84[69 = 153
13+97 = 1260
46+47 = 2161
52[80 = 132
Now, determine the result for: 22\65",43,Equation,length_mismatch
2613a77b,"In Alice's Wonderland, a secret set of transformation rules is applied to equations. Below are a few examples:
&[+!{ = %{@
{%*>{ = >[<@
{&+&% = >@@
>&-{| = -{<
{<+>| = %>@
Now, determine the result for: ""{*@!","""|%<",Equation,length_mismatch
26168be6,"In Alice's Wonderland, a secret set of transformation rules is applied to equations. Below are a few examples:
96+63 = 501
08-09 = -01
64+72 = 37
Now, determine the result for: 23+76",99,Equation,length_mismatch
26258d8a,"In Alice's Wonderland, a secret set of transformation rules is applied to equations. Below are a few examples:
@^*}? = \@$@
}@*}^ = [$?
\@*?( = [@(
?@-}@ = }&
}$-$( = <<
Now, determine the result for: ^&-^^",^,Equation,length_mismatch
26a2a1b8,"In Alice's Wonderland, a secret set of transformation rules is applied to equations. Below are a few examples:
}@#/( = //
::#<) = :/
/)*&@ = (\
Now, determine the result for: (\#</",(:,Equation,length_mismatch
26b716ed,"In Alice's Wonderland, a secret set of transformation rules is applied to equations. Below are a few examples:
78!11 = 67
26'86 = 131
28'68 = 961
87'91 = 89
84&64 = 8022
Now, determine the result for: 03'23",36,Equation,length_mismatch
26dbd20d,"In Alice's Wonderland, a secret set of transformation rules is applied to equations. Below are a few examples:
48*39 = 2187
29+11 = 1129
94*19 = 9544
Now, determine the result for: 55*68",0374,Equation,length_mismatch
26e48e98,"In Alice's Wonderland, a secret set of transformation rules is applied to equations. Below are a few examples:
%]`]< = ]""<%
""#/|< = {""%
]@)@| = @
#|`({ = {<@#
#|){( = )#]
Now, determine the result for: ""])%{",){|,Equation,length_mismatch
26e5d2f9,"In Alice's Wonderland, secret encryption rules are used on text. Here are some examples:
dexxas maqtnpidq tdzqseo -> rabbit discovers crystal
uessid mdiewq teqsoi -> hatter dreams castle
xadm maqtnpidq ak teqsoi -> bird discovers in castle
sfdsoi qiiq xiznkm hndiqs -> turtle sees beyond forest
Now, decrypt the following text: sietuid ilvondiq teqsoi",teacher explores castle,Cipher,unknown_query_chars
26f0f445,"In Alice's Wonderland, secret encryption rules are used on text. Here are some examples:
bhsje agwzj oke ugxlko pgdjowc -> mouse draws the bright crystal
fgxmpejj pgewoej fsiice -> princess creates puzzle
zxiwga xbwlxmej qed -> wizard imagines key
Now, decrypt the following text: josaemo etfchgej oke jepgeo fsiice",student explores the secret puzzle,Cipher,unknown_query_chars
2701a005,"In Alice's Wonderland, a secret set of transformation rules is applied to equations. Below are a few examples:
15#13 = 195
85!47 = 38
36[86 = 123
Now, determine the result for: 88[51",140,Equation,length_mismatch
27140c09,"In Alice's Wonderland, secret encryption rules are used on text. Here are some examples:
hnmkjwll nwgcl yqw lmvfwn xwe -> princess reads the silver key
xkmsqy wdhvtnwl yqw inmsqy ittx -> knight explores the bright book
uowwk cmljtfwnl okcwn tjwgk -> queen discovers under ocean
xkmsqy cnwgpl jglyvw -> knight dreams castle
Now, decrypt the following text: uowwk lyocmwl iwetkc atnwly",queen studies beyond forest,Cipher,unknown_query_chars
271a867c,"In Alice's Wonderland, a secret set of transformation rules is applied to equations. Below are a few examples:
$<+&} = {<
>|-"": = $&
{{+{} = $|{
<&*{{ = |""{""
Now, determine the result for: <?-?{",:,Equation,length_mismatch
272bde97,"In Alice's Wonderland, a secret set of transformation rules is applied to equations. Below are a few examples:
31-55 = -24
21-97 = -76
47*44 = 4447
Now, determine the result for: 14+31",55,Equation,length_mismatch
2739a748,"In Alice's Wonderland, secret encryption rules are used on text. Here are some examples:
wdmyj cdxxdoy bmiixj -> mouse follows puzzle
smasxj yjjy ysdap -> turtle sees story
ouifav uwfkunjy hapysfx -> wizard imagines crystal
ysmvjns oausjy sqj vfag kfavjn -> student writes the dark garden
Now, decrypt the following text: sqj yuxlja qfssja yjjy",the silver hatter sees,Cipher,unknown_query_chars
274def88,"In Alice's Wonderland, a secret set of transformation rules is applied to equations. Below are a few examples:
33*74 = 2551
29-79 = -5
17+69 = 861
01-72 = -71
42*38 = 3991
Now, determine the result for: 85-92",92,Equation,length_mismatch
275b0f39,"In Alice's Wonderland, a secret set of transformation rules is applied to equations. Below are a few examples:
\%+<' = <'\%
""[+]] = ]]""[
?#*'# = ""?][
##*'"" = #?#<
Now, determine the result for: %""*[#",[%[<,Equation,length_mismatch
275db7d4,"In Alice's Wonderland, a secret set of transformation rules is applied to equations. Below are a few examples:
35""65 = 100
68""97 = 165
19@78 = @59
88@42 = @46
72""58 = 130
Now, determine the result for: 62:21",6221,Equation,length_mismatch
2764222d,"In Alice's Wonderland, secret encryption rules are used on text. Here are some examples:
awxxo jfiqzuxti sdr -> queen discovers map
khx iktdovx qdk ikwjfxi -> the strange cat studies
lfov ndkqhxi khtzwvh nzojxtmdoj -> king watches through wonderland
kwtkmx ixxi rzkfzo -> turtle sees potion
Now, decrypt the following text: eftj jtdni khx nfix ikztc",bird draws the wise story,Cipher,unknown_query_chars
27661a37,"In Alice's Wonderland, a secret set of transformation rules is applied to equations. Below are a few examples:
12*54 = 549
76-28 = 51
07-79 = 72
28*19 = 2647
Now, determine the result for: 96+77",741,Equation,length_mismatch
276f6cc6,"In Alice's Wonderland, secret encryption rules are used on text. Here are some examples:
uhrqfl ajgnw wzyjzl -> knight draws secret
vicwz rvgqrhzw siiu -> mouse imagines book
ygl arwyidzjw ygwlez -> cat discovers castle
Now, decrypt the following text: nrmgja tieeinw wzyjzl",wizard follows secret,Cipher,unknown_query_chars
279d4423,"In Alice's Wonderland, secret encryption rules are used on text. Here are some examples:
znque bjhoqeb jie zauqeaj fzv -> alice studies the ancient map
izjjey qfzkqaeb febbzke -> hatter imagines message
rqak yezob febbzke -> king reads message
Now, decrypt the following text: yzmmqj cgnngsb jie beuyej vgjqga",rabbit follows the secret potion,Cipher,unknown_query_chars
279e83b8,"In Alice's Wonderland, secret encryption rules are used on text. Here are some examples:
ibkkfs madlt bkapx pbvvxr -> rabbit found above valley
cdxxl mavvahz yfiiai -> queen follows mirror
sxbegxi hifsxz ybo -> teacher writes map
Now, decrypt the following text: qlfngs ixbtz sgx tbiq odjjvx",knight reads the dark puzzle,Cipher,unknown_query_chars
27cec7a9,"In Alice's Wonderland, a secret set of transformation rules is applied to equations. Below are a few examples:
62!34 = 95
17%40 = %23
52:35 = 5235
52%99 = %47
90:55 = 9055
Now, determine the result for: 33:41",3341,Equation,length_mismatch
27fdca03,"In Alice's Wonderland, a secret set of transformation rules is applied to equations. Below are a few examples:
}}\@@ = \}}
@""|/> = >/>>
@[\""( = !/
[)\)) = ""&
Now, determine the result for: }/$(/",@!,Equation,length_mismatch
282bae35,"In Alice's Wonderland, secret encryption rules are used on text. Here are some examples:
ndhbiod bxnztwikn dkisnhki -> student discovers treasure
dhkdvi zkisdin uhggvi -> turtle creates puzzle
dji fkxljd roxljd kisbn -> the bright knight reads
ukxozinn zkisdin qtkind -> princess creates forest
Now, decrypt the following text: dji nxvwik rxol xyslxoin",the silver king imagines,Cipher,unknown_query_chars
286135d3,"In Alice's Wonderland, a secret set of transformation rules is applied to equations. Below are a few examples:
23@13 = 199
79*69 = 391
26$74 = 51$
68$13 = 55$
65@03 = 9761
Now, determine the result for: 11@94",835,Equation,length_mismatch
28827821,"In Alice's Wonderland, a secret set of transformation rules is applied to equations. Below are a few examples:
|@*]( = ^]]^
(/+!/ = /(^
}|*}@ = |@)^
}!-^( = -!
()*]} = ^@^|
Now, determine the result for: !}+|/",}|^,Equation,length_mismatch
289602f1,"In Alice's Wonderland, a secret set of transformation rules is applied to equations. Below are a few examples:
#?+#| = ^
^|+?( = +|&
^:+(% = +?(
^?+(! = +!|
^^}#: = |:!
Now, determine the result for: &(+^^",?!,Equation,length_mismatch
28b0ff48,"In Alice's Wonderland, a secret set of transformation rules is applied to equations. Below are a few examples:
/'+|# = ""/
(?-(' = '
^""*'# = /]|(
Now, determine the result for: |^-^^",'],Equation,length_mismatch
28f7012c,"In Alice's Wonderland, a secret set of transformation rules is applied to equations. Below are a few examples:
47*91 = 6041
62-33 = 7
89-71 = 31
Now, determine the result for: 41+75",7541,Equation,length_mismatch
290cc78d,"In Alice's Wonderland, secret encryption rules are used on text. Here are some examples:
gjt fcnd lnsaptoo pntcgto -> the dark princess creates
ncwwsg znsgto atcn uyntog -> rabbit writes near forest
gjt capstag pcg znsgto -> the ancient cat writes
gtcpjtn ogbfsto pnkogci -> teacher studies crystal
Now, decrypt the following text: gtcpjtn fnczo gjnybmj pcogit",teacher draws through castle,Cipher,unknown_query_chars
29164786,"In Alice's Wonderland, secret encryption rules are used on text. Here are some examples:
faiidp bpdaids krrp -> hatter creates door
clgofi hrvlk ifd sdbpdi krrp -> knight found the secret door
ifd albgdli ivpijd sivkgds -> the ancient turtle studies
qvddl hrjjrxs wau -> queen follows map
upglbdss kpaxs ifd fgkkdl basijd -> princess draws the hidden castle
Now, decrypt the following text: kpaorl xaibfds trrc",dragon watches book,Cipher,unknown_query_chars
294453b5,"In Alice's Wonderland, a secret set of transformation rules is applied to equations. Below are a few examples:
@!->: = `
&@*:` = &`&(
@!-)! = !`
Now, determine the result for: ##-!)",&(,Equation,length_mismatch
299e9668,"In Alice's Wonderland, secret encryption rules are used on text. Here are some examples:
fso boimof ymqrtu moqyb -> the secret dragon reads
sqffom imoqfob qmtvuy iqbfpo -> hatter creates around castle
fso quigouf ngur ockptmob -> the ancient king explores
xgmy dmgfob iqbfpo -> bird writes castle
Now, decrypt the following text: mqxxgf etpptdb fsmtvrs iqbfpo",rabbit follows through castle,Cipher,unknown_query_chars
2a204590,"In Alice's Wonderland, a secret set of transformation rules is applied to equations. Below are a few examples:
\^+(} = \^(}
}#-#} = -$?
?$+}\ = ?$}\
$#*(^ = $\#
Now, determine the result for: #^*&#",&<^#,Equation,length_mismatch
2a25de27,"In Alice's Wonderland, a secret set of transformation rules is applied to equations. Below are a few examples:
"">-""? = ?
%'+'^ = ?\
'?+{^ = !>
'{*?> = %\`?
!>+{{ = ^>{
Now, determine the result for: {!+!`",^^',Equation,length_mismatch
2a5e45a4,"In Alice's Wonderland, a secret set of transformation rules is applied to equations. Below are a few examples:
}(\@| = [[}
[}*|! = `!@
}(-|< = :
`:-(} = :}
!}\}< = :(
Now, determine the result for: <@\@$",`@},Equation,length_mismatch
2a73a462,"In Alice's Wonderland, a secret set of transformation rules is applied to equations. Below are a few examples:
26+56 = +3
86+65 = 21
77+39 = +61
68:37 = 6837
56[59 = 5716
Now, determine the result for: 93:02",9302,Equation,length_mismatch
2a8957eb,"In Alice's Wonderland, secret encryption rules are used on text. Here are some examples:
dghoygi qimdgj dyg pfjdgimruj lrdmrk -> teacher writes the mysterious potion
cmkt gwlsrigj lueesg -> king explores puzzle
dghoygi vrssrqj dighjuig -> teacher follows treasure
Now, decrypt the following text: dghoygi mphtmkgj mkjmbg thibgk",teacher imagines inside garden,Cipher,unknown_query_chars
2aeb5265,"In Alice's Wonderland, a secret set of transformation rules is applied to equations. Below are a few examples:
61-76 = 15
28+64 = 721
89-36 = 53
Now, determine the result for: 28-52",75,Equation,length_mismatch
2af11abc,"In Alice's Wonderland, secret encryption rules are used on text. Here are some examples:
zbgx iykevlic aui mdlbvdc tfk -> king explores the curious map
aui wlbxua zbgx jveevqc -> the bright king follows
lfwwba qfamuic aui tfxbmfe tfk -> rabbit watches the magical map
Now, decrypt the following text: cadhiga hlfqc aui mdlbvdc zir",student draws the curious key,Cipher,unknown_query_chars
2af69b67,"In Alice's Wonderland, secret encryption rules are used on text. Here are some examples:
jmr nuajrxowia ajifrcj bxryjra -> the mysterious student creates
gxocbraa twhhwqa jmr nuajrxowia nraayzr -> princess follows the mysterious message
jmr ajxyczr fxyzwc twhhwqa -> the strange dragon follows
Now, decrypt the following text: vcozmj twicf jmr lxozmj arbxrj",knight found the bright secret,Cipher,unknown_query_chars
2af7134e,"In Alice's Wonderland, a secret set of transformation rules is applied to equations. Below are a few examples:
13+14 = 1
92+33 = 59
95}54 = 9554
56+21 = 35
Now, determine the result for: 61+41",20,Equation,length_mismatch
2afebbc3,"In Alice's Wonderland, a secret set of transformation rules is applied to equations. Below are a few examples:
85#34 = 8534
20/37 = 17
57#26 = 5726
67#85 = 6785
Now, determine the result for: 18/52",16,Equation,length_mismatch
2affe39c,"In Alice's Wonderland, a secret set of transformation rules is applied to equations. Below are a few examples:
`""-""' = !`
`<*:` = (`<?
?`+`! = (:'
Now, determine the result for: ':+""?",(],Equation,length_mismatch
2b1a109a,"In Alice's Wonderland, a secret set of transformation rules is applied to equations. Below are a few examples:
?]+>> = /?)
]!-)\ = ?/
&>*>/ = ]/&/
?|-|\ = -/)
@&*|| = )>!)
Now, determine the result for: />-?!",-/),Equation,length_mismatch
2b3540d8,"In Alice's Wonderland, a secret set of transformation rules is applied to equations. Below are a few examples:
((+$@ = (""#
"")+(: = {)#
()-'? = ''
#@*{: = ?$))
#""-(# = {{
Now, determine the result for: (:*?""",""":$""",Equation,length_mismatch
2b69a438,"In Alice's Wonderland, secret encryption rules are used on text. Here are some examples:
pqnhyfvv vffv mwf vnsofq vfyqfm -> princess sees the silver secret
zntaqj yqfamfv efvvaif -> wizard creates message
pqnhyfvv jqazv aqrchj mrzfq -> princess draws around tower
xhniwm zqnmfv yqkvmas -> knight writes crystal
Now, decrypt the following text: dcffh qfajv aqrchj erchmanh",queen reads around mountain,Cipher,unknown_query_chars
2b709308,"In Alice's Wonderland, secret encryption rules are used on text. Here are some examples:
zmuuw puosl gullobu -> queen reads message
gfmlu puosl keu evssuw cut -> mouse reads the hidden key
spobfw luul keu sopc luxpuk -> dragon sees the dark secret
ivps npvkul goh -> bird writes map
Now, decrypt the following text: gfmlu svlxfqupl sffp",mouse discovers door,Cipher,unknown_query_chars
2b9561a1,"In Alice's Wonderland, secret encryption rules are used on text. Here are some examples:
ypeyoj tcpai ylecpwl nvookwj -> turtle found through village
ekggvy zejkyjr kgcnj ycqje -> rabbit creates above tower
ekggvy rjjr kecpai ycqje -> rabbit sees around tower
ylj wcoija ekggvy tcoocqr -> the golden rabbit follows
iekwca rypivjr hjrrkwj -> dragon studies message
Now, decrypt the following text: ylj zojnje mavwly jfdocejr",the clever knight explores,Cipher,unknown_query_chars
2ba4b99f,"In Alice's Wonderland, a secret set of transformation rules is applied to equations. Below are a few examples:
>\+>[ = +/%
:%?[{ = \/\
{[+:: = |!
{@(%: = >{:!
Now, determine the result for: @|(\|",@:%>,Equation,length_mismatch
2bc2a65a,"In Alice's Wonderland, a secret set of transformation rules is applied to equations. Below are a few examples:
88+81 = 601
16+56 = 621
95*19 = 1995
51+17 = 68
85+43 = 29
Now, determine the result for: 14+66",701,Equation,length_mismatch
2bca5e57,"In Alice's Wonderland, a secret set of transformation rules is applied to equations. Below are a few examples:
^^)}? = \}|
?^/}@ = |:@#
|:/\? = @(@
Now, determine the result for: @})^$",\}},Equation,length_mismatch
2beb5851,"In Alice's Wonderland, a secret set of transformation rules is applied to equations. Below are a few examples:
50@99 = 4950
81[43 = 38
85[65 = 20
Now, determine the result for: 10[33",23,Equation,length_mismatch
2c017f70,"In Alice's Wonderland, a secret set of transformation rules is applied to equations. Below are a few examples:
##+|( = ##|(
/#+}/ = /#}/
>>+/[ = >>/[
}/+>} = }/>}
Now, determine the result for: >/+%(",>/%(,Equation,length_mismatch
2c1cace4,"In Alice's Wonderland, a secret set of transformation rules is applied to equations. Below are a few examples:
}@-@' = @}
""%*|' = ]''%
!|+$$ = !|$$
Now, determine the result for: ]}-$""",!},Equation,length_mismatch
2c3368cf,"In Alice's Wonderland, secret encryption rules are used on text. Here are some examples:
kwc qcxpck fphsxcqq xwbqcq -> the secret princess chases
mhpj jhqxodcpq kwc xonopivn qcxpck -> bird discovers the colorful secret
kwc xonopivn mhpj ionnorq -> the colorful bird follows
Now, decrypt the following text: xbk cyfnopcq joop",cat explores door,Cipher,unknown_query_chars
2c5372e8,"In Alice's Wonderland, secret encryption rules are used on text. Here are some examples:
nxivoy dsmxh usyisx -> knight found potion
yjfqojp pjfhw usyisx -> teacher reads potion
qfy hpjflw lippsp -> cat dreams mirror
Now, decrypt the following text: yoj vschjx nxivoy wymhijw",the golden knight studies,Cipher,unknown_query_chars
2c8e2e06,"In Alice's Wonderland, a secret set of transformation rules is applied to equations. Below are a few examples:
97>98 = 194
53&45 = 8
35)79 = 2764
12)34 = 407
Now, determine the result for: 38&90",&52,Equation,length_mismatch
2c9a8df6,"In Alice's Wonderland, a secret set of transformation rules is applied to equations. Below are a few examples:
<^-}& = -@{
\[+<\ = &]<
{@*}& = \][@
Now, determine the result for: &<-&&",-]\,Equation,length_mismatch
2cc274cb,"In Alice's Wonderland, a secret set of transformation rules is applied to equations. Below are a few examples:
13-48 = -35
63-75 = -12
99+93 = 9399
25-47 = -22
08-67 = 4
Now, determine the result for: 21+68",6821,Equation,length_mismatch
2cf042b9,"In Alice's Wonderland, a secret set of transformation rules is applied to equations. Below are a few examples:
!>-)| = ]|
!|-)@ = -^^
@|+[| = <[
>^-<^ = -^
Now, determine the result for: |>-|[",?^,Equation,length_mismatch
2cf587f6,"In Alice's Wonderland, a secret set of transformation rules is applied to equations. Below are a few examples:
33>28 = 60
83>37 = 119
95\55 = 5225
30\11 = 330
95\62 = 5890
Now, determine the result for: 88>72",159,Equation,length_mismatch
2d3547af,"In Alice's Wonderland, a secret set of transformation rules is applied to equations. Below are a few examples:
#}`)$ = }\
$<(>/ = (^/
!}&#< = $)^}
>\`## = )$<
Now, determine the result for: \$&\\",))^),Equation,length_mismatch
2d3e809c,"In Alice's Wonderland, a secret set of transformation rules is applied to equations. Below are a few examples:
68*91 = 5361
53-67 = -14
43-63 = -2
51-43 = -91
33-74 = -41
Now, determine the result for: 25*98",9264,Equation,length_mismatch
2d624cab,"In Alice's Wonderland, a secret set of transformation rules is applied to equations. Below are a few examples:
'{^{! = [{
&)%[{ = )#
&#^&) = {
Now, determine the result for: >)`#'",![)],Equation,length_mismatch
2d7edafd,"In Alice's Wonderland, a secret set of transformation rules is applied to equations. Below are a few examples:
|?$`( = `/[
[<$([ = `&?`
`(}/( = `
/(}`: = }`?
{<$[{ = (::?
Now, determine the result for: |($:{",:{&,Equation,length_mismatch
2d89386e,"In Alice's Wonderland, a secret set of transformation rules is applied to equations. Below are a few examples:
::-@/ = ${
]'+@] = ]<
{]*/{ = /{:
'}-/$ = {]
%%+%% = <<
Now, determine the result for: %]-$]",:,Equation,length_mismatch
2d8c0e01,"In Alice's Wonderland, secret encryption rules are used on text. Here are some examples:
brqve yrddrzv peoc fovade -> mouse follows near castle
vaqjepa ehndrcev aie opfsepa bon -> student explores the ancient map
aie fdegec vaqjepa fiovev -> the clever student chases
lscj yrddrzv bsccrc -> bird follows mirror
aie jock ncspfevv yrddrzv -> the dark princess follows
Now, decrypt the following text: tqeep vaqjsev aie vacopwe jrrc",queen studies the strange door,Cipher,unknown_query_chars
2d92a92d,"In Alice's Wonderland, secret encryption rules are used on text. Here are some examples:
pgnz dbutz wyvnyo -> bird found secret
pgnz zgwvbsynw wyvnyo -> bird discovers secret
ncppgo zgwvbsynw tycn wvhbbf -> rabbit discovers near school
ohy acjgvcf hcooyn xngoyw -> the magical hatter writes
Now, decrypt the following text: ncppgo vnycoyw pyqbtz bvyct",rabbit creates beyond ocean,Cipher,unknown_query_chars
2db53c85,"In Alice's Wonderland, a secret set of transformation rules is applied to equations. Below are a few examples:
>&+&) = <&<
>|->{ = -'
]>-)& = ):
Now, determine the result for: {{*|'",)//:,Equation,length_mismatch
2dd48cac,"In Alice's Wonderland, a secret set of transformation rules is applied to equations. Below are a few examples:
04*31 = 125
53-01 = -52
43*91 = 746
66+11 = 77
Now, determine the result for: 22-27",-05,Equation,length_mismatch
2de43f9f,"In Alice's Wonderland, a secret set of transformation rules is applied to equations. Below are a few examples:
['+%( = :%>
%(-}: = %!
!!*(# = (>'>
Now, determine the result for: '[+}>",'%,Equation,length_mismatch
2dfe392a,"In Alice's Wonderland, secret encryption rules are used on text. Here are some examples:
hie zcpjel fwkze ulethez -> the silver mouse creates
zhkderh ythuiez hie fxzhelcwkz fezztne -> student watches the mysterious message
arcnih bwppwyz ftq -> knight follows map
Now, decrypt the following text: hie ycze ltmmch ythuiez",the wise rabbit watches,Cipher,unknown_query_chars
2e044d8e,"In Alice's Wonderland, a secret set of transformation rules is applied to equations. Below are a few examples:
71@08 = 0631
32@83 = 478
84'63 = 8463
71""13 = 41
Now, determine the result for: 53@59",5233,Equation,length_mismatch
2e1b9d84,"In Alice's Wonderland, a secret set of transformation rules is applied to equations. Below are a few examples:
>[+>"" = >'
<`*>' = >>]""
>[-[` = /
Now, determine the result for: [`+'}","]>""",Equation,length_mismatch
2e2d60b2,"In Alice's Wonderland, a secret set of transformation rules is applied to equations. Below are a few examples:
24*52 = 1501
31*51 = 691
05+52 = 67
41+52 = 04
Now, determine the result for: 85+11",07,Equation,length_mismatch
2e37e963,"In Alice's Wonderland, a secret set of transformation rules is applied to equations. Below are a few examples:
58*91 = 6161
52+78 = 311
95*65 = 5033
56-97 = -41
32*14 = 449
Now, determine the result for: 71-86",-15,Equation,length_mismatch
2e550436,"In Alice's Wonderland, a secret set of transformation rules is applied to equations. Below are a few examples:
??-<& = -<(
!&+)< = !){
<&-`` = -$!
Now, determine the result for: `^+$!",?){,Equation,length_mismatch
2e8fc884,"In Alice's Wonderland, a secret set of transformation rules is applied to equations. Below are a few examples:
}!-!} = <$
$]*<? = <]|?
]$-$< = -%{
!{-]% = {}
Now, determine the result for: |<+?{",<[$,Equation,length_mismatch
2e9639de,"In Alice's Wonderland, a secret set of transformation rules is applied to equations. Below are a few examples:
29-95 = 123
86[93 = [7
60&62 = 3721
23-97 = 119
Now, determine the result for: 64&56",3585,Equation,length_mismatch
2e9973b7,"In Alice's Wonderland, a secret set of transformation rules is applied to equations. Below are a few examples:
\%-""% = `%
|`*""} = ?][[
\|-]? = `}
""`*)) = [\]%
Now, determine the result for: )\+?%",)\?%,Equation,length_mismatch
2e9b1b9d,"In Alice's Wonderland, a secret set of transformation rules is applied to equations. Below are a few examples:
)$+>"" = $:
""""*["" = ""?@?
@""+![ = >?!
[:*"": = ""@!$
Now, determine the result for: )>+!""",<),Equation,length_mismatch
2ec3127c,"In Alice's Wonderland, secret encryption rules are used on text. Here are some examples:
rks kujjsl drvjslr josicd -> the hidden student dreams
hvssl eoursd aszblj ybosdr -> queen writes beyond forest
rvorps judqbnsod dsqosr -> turtle discovers secret
kirrso ucimulsd vljso bqsil -> hatter imagines under ocean
Now, decrypt the following text: qir ybvlj rks jiog rosidvos",cat found the dark treasure,Cipher,unknown_query_chars
2ee39f5f,"In Alice's Wonderland, a secret set of transformation rules is applied to equations. Below are a few examples:
56+67 = 6756
93+76 = 7693
91*59 = 5081
17*75 = 7404
Now, determine the result for: 63*53",0621,Equation,length_mismatch
2f3ebe0b,"In Alice's Wonderland, secret encryption rules are used on text. Here are some examples:
hiaasr ofijnj qcvvgn -> rabbit chases puzzle
jrcznkr jrczsnj rfn ikosnkr qcvvgn -> student studies the ancient puzzle
rfn ochsxcj ucnnk ofijnj -> the curious queen chases
Now, decrypt the following text: rchrgn zsjoxynhj rfn zihl lnw",turtle discovers the dark key,Cipher,unknown_query_chars
2f46a715,"In Alice's Wonderland, a secret set of transformation rules is applied to equations. Below are a few examples:
||*&/ = |][&
!]+{& = {&!]
]&+!/ = !/]&
]>-&/ = [[
|^*^[ = @|{&
Now, determine the result for: !/*|[",]]&|,Equation,length_mismatch
2f485a40,"In Alice's Wonderland, a secret set of transformation rules is applied to equations. Below are a few examples:
20+44 = 2044
15}39 = 1539
35}43 = 3543
82+31 = 8231
Now, determine the result for: 18+67",1867,Equation,length_mismatch
2f5959c9,"In Alice's Wonderland, a secret set of transformation rules is applied to equations. Below are a few examples:
88<60 = 8860
68`49 = 3333
42`44 = 1849
83<27 = 8327
35^11 = 24
Now, determine the result for: 84`85",7141,Equation,length_mismatch
2f6531cb,"In Alice's Wonderland, a secret set of transformation rules is applied to equations. Below are a few examples:
(&>{@ = >^@
({}$' = @:(
'&\""& = '&""&
Now, determine the result for: @:\:'",@::',Equation,length_mismatch
2f7e0e78,"In Alice's Wonderland, a secret set of transformation rules is applied to equations. Below are a few examples:
66+09 = 551
74+42 = 07
49+19 = 481
Now, determine the result for: 98-99",01,Equation,length_mismatch
2fa9d67f,"In Alice's Wonderland, secret encryption rules are used on text. Here are some examples:
orft vgpfb rfxrbl sgpfajrf -> king found inside mountain
kja xapbrlx ugargf -> cat studies potion
sgpxl biljsx kjxawl -> mouse dreams castle
Now, decrypt the following text: aml xlkila xapblfa niralx",the secret student writes,Cipher,unknown_query_chars
2fb20366,"In Alice's Wonderland, a secret set of transformation rules is applied to equations. Below are a few examples:
62)75 = 2841
36@05 = 31@
27)85 = 6714
88)66 = 8085
Now, determine the result for: 91)93",147,Equation,length_mismatch
2fc5ef5b,"In Alice's Wonderland, a secret set of transformation rules is applied to equations. Below are a few examples:
/:+{: = }^
:%*'% = &^}&
\%*{: = \/{}
$&+%& = ^$
Now, determine the result for: &/*:'",/&\%,Equation,length_mismatch
2ff200fb,"In Alice's Wonderland, a secret set of transformation rules is applied to equations. Below are a few examples:
>#*%) = ]/&
)#-%[ = &]
)]*&? = &%>
/]-#^ = #?
?%*/[ = //]?
Now, determine the result for: ^%-[]",)^,Equation,length_mismatch
3013265c,"In Alice's Wonderland, a secret set of transformation rules is applied to equations. Below are a few examples:
94-96 = 02
18-56 = 61
29+41 = 601
Now, determine the result for: 92+43",36,Equation,length_mismatch
303c84ea,"In Alice's Wonderland, a secret set of transformation rules is applied to equations. Below are a few examples:
$>:$' = [$
@\/|> = '`$#
$#/@` = @[`$
'`:[% = '$:
Now, determine the result for: '|(`$",#$$,Equation,length_mismatch
303fc16b,"In Alice's Wonderland, a secret set of transformation rules is applied to equations. Below are a few examples:
`(|`! = }}`
}\{`} = '}""
""?{}"" = ""&}
`(|`\ = }}?
!""{[! = ""[""\
Now, determine the result for: (""<\""",'?,Equation,length_mismatch
3051bffe,"In Alice's Wonderland, secret encryption rules are used on text. Here are some examples:
wyjjz hjmns faj lyhceys oefcez -> queen reads the curious potion
fyhftj bmflajs sjlhjf -> turtle watches secret
bcdmhn lhjmfjs faj nmhk oyddtj -> wizard creates the dark puzzle
lmf ncslexjhs zjmh lmxj -> cat discovers near cave
Now, decrypt the following text: amffjh geyzn lhusfmt",hatter found crystal,Cipher,unknown_query_chars
305a3436,"In Alice's Wonderland, a secret set of transformation rules is applied to equations. Below are a few examples:
&`*'& = &&@`
&}*}& = !{}
'?-{& = -<!
Now, determine the result for: '{+@`",&{',Equation,length_mismatch
3066fcb2,"In Alice's Wonderland, secret encryption rules are used on text. Here are some examples:
mvnruigg giig mtbbxi -> princess sees puzzle
wai giuviw widuaiv gwtsnig -> the secret teacher studies
gwtsirw vidsg zffy -> student reads book
Now, decrypt the following text: gwtsirw jvnwig wai zvnkaw mtbbxi",student writes the bright puzzle,Cipher,unknown_query_chars
30763ac0,"In Alice's Wonderland, a secret set of transformation rules is applied to equations. Below are a few examples:
67-47 = 2
89+97 = 671
14-72 = 41
18+79 = 771
Now, determine the result for: 79+44",041,Equation,length_mismatch
3094603c,"In Alice's Wonderland, secret encryption rules are used on text. Here are some examples:
dhrza pdoxpkaz zatvaj -> mouse imagines secret
upkx zaaz tvszjog -> king sees crystal
jya oktpakj zjrnakj zjrnpaz -> the ancient student studies
Now, decrypt the following text: dhrza npzthmavz kaov chknavgokn",mouse discovers near wonderland,Cipher,unknown_query_chars
30ac5c8e,"In Alice's Wonderland, a secret set of transformation rules is applied to equations. Below are a few examples:
&}-@) = -\@
:/*/} = #/&?
}&*#"" = #&\}
\}*)@ = &&#?
""\+#\ = ::?
Now, determine the result for: @\+}?",)#?,Equation,length_mismatch
30c0d5a2,"In Alice's Wonderland, a secret set of transformation rules is applied to equations. Below are a few examples:
68*88 = 8868
47+42 = 99
98*76 = 7698
Now, determine the result for: 22+44",76,Equation,length_mismatch
30e4b199,"In Alice's Wonderland, a secret set of transformation rules is applied to equations. Below are a few examples:
/:*:] = ]
@]*]| = )
):<{$ = ]${&
:'<{/ = |@''
Now, determine the result for: @@\&&",|:|,Equation,length_mismatch
31028506,"In Alice's Wonderland, a secret set of transformation rules is applied to equations. Below are a few examples:
<`*<? = #)!?
}""+""` = `\%
\}+`# = ##
!<+%\ = `""}
<)*<"" = ""?!)
Now, determine the result for: ?)+``",!\,Equation,length_mismatch
31051ff2,"In Alice's Wonderland, a secret set of transformation rules is applied to equations. Below are a few examples:
##-%` = -""#
]<*%} = ]<%}
#""+^# = |}
@|-]} = -@<
Now, determine the result for: @`+|`",||,Equation,length_mismatch
31610ce5,"In Alice's Wonderland, secret encryption rules are used on text. Here are some examples:
jxrrbh ulxkuabe lxn -> hatter imagines map
rjb erhxakb rbxyjbh ebbe -> the strange teacher sees
rjb xayubar cibba zhbxle -> the ancient queen dreams
rjb ebyhbr erizbar wxryjbe -> the secret student watches
guhz ebbe iazbh kxhzba -> bird sees under garden
Now, decrypt the following text: guhz erizube rjb ghukjr yxerfb",bird studies the bright castle,Cipher,unknown_query_chars
31678582,"In Alice's Wonderland, a secret set of transformation rules is applied to equations. Below are a few examples:
]|@<| = "")
<)@|< = }<
?]@/| = <}
#?@<] = |:
Now, determine the result for: #/&"":",<:),Equation,length_mismatch
317ec3e6,"In Alice's Wonderland, a secret set of transformation rules is applied to equations. Below are a few examples:
40-82 = 2
23-28 = 5
31%94 = 125
Now, determine the result for: 18-86",14,Equation,length_mismatch
3185fdeb,"In Alice's Wonderland, a secret set of transformation rules is applied to equations. Below are a few examples:
""#+@[ = ""#@[
[>*|( = @:<
<(-[: = |:
|#-<"" = (<
@@*(> = (""|:
Now, determine the result for: (%+|[",(%|[,Equation,length_mismatch
3191ec2f,"In Alice's Wonderland, secret encryption rules are used on text. Here are some examples:
pnl kjobyjh jhbyl zubpla -> the magical alice writes
zbijur stqxr pnl zbal klaajol -> wizard found the wise message
pquphl yuljpla pnl fubonp stulap -> turtle creates the bright forest
cbxo ynjala jutqxr ojurlx -> king chases around garden
njpplu uljra bx ztxrluhjxr -> hatter reads in wonderland
Now, decrypt the following text: pljynlu yuljpla pnl kvaplubtqa ojurlx",teacher creates the mysterious garden,Cipher,unknown_query_chars
31b8db52,"In Alice's Wonderland, a secret set of transformation rules is applied to equations. Below are a few examples:
)%-?? = -{:
{'+<: = [%
|)+[% = ([
Now, determine the result for: )(*::",<{|?,Equation,length_mismatch
31c72d27,"In Alice's Wonderland, secret encryption rules are used on text. Here are some examples:
vlh schahe gjwth sehyvht -> the clever mouse creates
beydjn tvwbqht vlh tveyndh tvjem -> dragon studies the strange story
oeqnshtt bqtsjahet vlh byer ujehtv -> princess discovers the dark forest
fwhhn ehybt ujehtv -> queen reads forest
Now, decrypt the following text: beydjn behygt vlh ieqdlv vehytweh",dragon dreams the bright treasure,Cipher,unknown_query_chars
31ea3deb,"In Alice's Wonderland, secret encryption rules are used on text. Here are some examples:
awjeoy mgjemydc aoow -> dragon imagines door
hld uofowbvf smye bovya -> the colorful king found
hld ajws kmpjwa cddc -> the dark wizard sees
chvadyh kjhuldc hld uofowbvf gdccjed -> student watches the colorful message
hld jyumdyh tmwa awjkc -> the ancient bird draws
Now, decrypt the following text: rwmyudcc amcuoidwc hld twmelh toos",princess discovers the bright book,Cipher,unknown_query_chars
31eb8247,"In Alice's Wonderland, a secret set of transformation rules is applied to equations. Below are a few examples:
37(46 = 3746
16""59 = ""43
48(48 = 4848
59""63 = ""4
Now, determine the result for: 25""13","""12",Equation,length_mismatch
31f2ed10,"In Alice's Wonderland, secret encryption rules are used on text. Here are some examples:
ikoqv rdimy apv jcyavdoghy lhzzkv -> alice draws the mysterious puzzle
apv fgkrvt bhvvt mdoavy -> the golden queen writes
uodr yahrovy apdghfp oykitr -> bird studies through island
ahdakv vxlkgdvy apv yaditfv fidrvt -> turtle explores the strange garden
Now, decrypt the following text: apv qgkgdnhk jghyv qpiyvy",the colorful mouse chases,Cipher,unknown_query_chars
320d8d2b,"In Alice's Wonderland, a secret set of transformation rules is applied to equations. Below are a few examples:
24`66 = 801
98>49 = 7638
37\41 = 95
Now, determine the result for: 65>75",3913,Equation,length_mismatch
321ef6ba,"In Alice's Wonderland, a secret set of transformation rules is applied to equations. Below are a few examples:
/&*$( = /$&:
:|-(' = -|&
""|*:"" = $&(
](-|' = -$`
&&-]"" = `:
Now, determine the result for: (&*&&","""""::",Equation,length_mismatch
324f918b,"In Alice's Wonderland, a secret set of transformation rules is applied to equations. Below are a few examples:
61'64 = '3
68-18 = 85
63>41 = 6341
62'14 = 48
53'81 = '28
Now, determine the result for: 62-47",108,Equation,length_mismatch
326532e7,"In Alice's Wonderland, secret encryption rules are used on text. Here are some examples:
ukhajr fghafrmw ahkumr -> dragon imagines garden
kheefy bhyizmw frwfum fwphru -> rabbit watches inside island
qkfrimww ukhbw ujjk -> princess draws door
trfazy fghafrmw qjyfjr -> knight imagines potion
Now, decrypt the following text: ynkypm kmhuw frwfum gjnryhfr",turtle reads inside mountain,Cipher,unknown_query_chars
327955b8,"In Alice's Wonderland, secret encryption rules are used on text. Here are some examples:
cjh lkabhf fvttkc lhhl -> the silver rabbit sees
chvqjhf ywaawul svfghx -> teacher follows garden
cjh zplchfkwil gfvswx gfhvzl -> the mysterious dragon dreams
fvttkc gklqwbhfl cjh jkgghx gwwf -> rabbit discovers the hidden door
Now, decrypt the following text: cjh uklh mfkxqhll gfvul",the wise princess draws,Cipher,unknown_query_chars
32815b79,"In Alice's Wonderland, a secret set of transformation rules is applied to equations. Below are a few examples:
23+35 = +12
89)87 = 671
86]22 = 6941
58)18 = 661
Now, determine the result for: 34)62",96,Equation,length_mismatch
32a2dcd8,"In Alice's Wonderland, secret encryption rules are used on text. Here are some examples:
nbrmfkpp istmj mkcb isbkpu -> princess found near forest
putjkmu isddsqp uak zchrfcd fcpudk -> student follows the magical castle
utbudk facpkp zcn -> turtle chases map
uak jcbo putjkmu jbkczp -> the dark student dreams
zstpk kvndsbkp pusbl -> mouse explores story
Now, decrypt the following text: grbj qbrukp jssb",bird writes door,Cipher,unknown_query_chars
32a31236,"In Alice's Wonderland, a secret set of transformation rules is applied to equations. Below are a few examples:
63|08 = 6308
14|62 = 1462
61/34 = 886
26|16 = 2616
Now, determine the result for: 52[96",44,Equation,length_mismatch
32a812cd,"In Alice's Wonderland, a secret set of transformation rules is applied to equations. Below are a few examples:
66-27 = 1782
94{67 = {27
58{17 = {41
Now, determine the result for: 12-37",444,Equation,length_mismatch
32bb8ff5,"In Alice's Wonderland, a secret set of transformation rules is applied to equations. Below are a few examples:
>>+:: = ^:#
>&*[> = [#&&
??*># = ?^#:
)`*?? = `?)#
^`+^[ = `&
Now, determine the result for: ??-&:",`&,Equation,length_mismatch
32c6db19,"In Alice's Wonderland, secret encryption rules are used on text. Here are some examples:
kcfu jyddymg cbgcui sofuib -> bird follows inside garden
nxi gcdzif fokkcn iqldyfig -> the silver rabbit explores
nxi poscvod xonnif ufiopg -> the magical hatter dreams
xonnif vfionig nxi gnfobsi vogndi -> hatter creates the strange castle
ntfndi vxogig tbuif yviob -> turtle chases under ocean
Now, decrypt the following text: xonnif jyddymg ltaadi",hatter follows puzzle,Cipher,unknown_query_chars
32d9f8da,"In Alice's Wonderland, secret encryption rules are used on text. Here are some examples:
yltsz szzs umsvxz -> mouse sees castle
crop ozmps vwz utorlts ymf -> bird reads the curious map
vwz utorlts vzmuwzo gmvuwzs -> the curious teacher watches
crop pozmys resrpz suwllx -> bird dreams inside school
Now, decrypt the following text: foreuzss prsulkzos czhlep fmxmuz",princess discovers beyond palace,Cipher,unknown_query_chars
32e9a308,"In Alice's Wonderland, a secret set of transformation rules is applied to equations. Below are a few examples:
86-22 = 1893
39-29 = 1132
54-54 = 2917
25-67 = 1676
Now, determine the result for: 94`31",124,Equation,length_mismatch
33093ed0,"In Alice's Wonderland, a secret set of transformation rules is applied to equations. Below are a few examples:
75+79 = 7975
99*47 = 4799
95*65 = 6595
15-82 = 32
Now, determine the result for: 07-79",-72,Equation,length_mismatch
330d5ef1,"In Alice's Wonderland, a secret set of transformation rules is applied to equations. Below are a few examples:
57-76 = 8
07*33 = 0132
26*48 = 8025
17-76 = 4
Now, determine the result for: 27*56",0864,Equation,length_mismatch
333d93ec,"In Alice's Wonderland, a secret set of transformation rules is applied to equations. Below are a few examples:
85+27 = 131
16+97 = 141
16+76 = 921
86-28 = 41
63-52 = 11
Now, determine the result for: 44-73",7,Equation,length_mismatch
3383d4ec,"In Alice's Wonderland, a secret set of transformation rules is applied to equations. Below are a few examples:
88-12 = 76
32+44 = 4432
32+72 = 7232
Now, determine the result for: 39-72",66,Equation,length_mismatch
3385340a,"In Alice's Wonderland, secret encryption rules are used on text. Here are some examples:
qicy ycjbxe dtyjc obvvjf -> bird dreams under valley
acitwjee uzdty mhj wdcizde pjf -> princess found the curious key
mhj wzvzcudv hbmmjc ycbke -> the colorful hatter draws
Now, decrypt the following text: mhj wdcizde pitr ixbritje",the curious king imagines,Cipher,unknown_query_chars
339149c9,"In Alice's Wonderland, a secret set of transformation rules is applied to equations. Below are a few examples:
34-93 = 4
53+23 = 2353
81*69 = 8271
99-34 = 31
34-63 = 7
Now, determine the result for: 32-62",3,Equation,length_mismatch
339c28e1,"In Alice's Wonderland, a secret set of transformation rules is applied to equations. Below are a few examples:
@{->& = -&/
:/+/< = &::
>/+#{ = //
\#+<` = &::
Now, determine the result for: <`+\>",&:&,Equation,length_mismatch
340321c8,"In Alice's Wonderland, a secret set of transformation rules is applied to equations. Below are a few examples:
&`-}& = ->$
}$-`> = -&!
:>-]% = -$&
Now, determine the result for: !%-$!",-!:,Equation,length_mismatch
340fdb6b,"In Alice's Wonderland, secret encryption rules are used on text. Here are some examples:
uys jqps rvhgkz jvqusp -> the wise dragon writes
pubrszu jhueysp bzrsv ghvrsz -> student watches under garden
uys rhva hoqes rqpekdsvp -> the dark alice discovers
Now, decrypt the following text: wqvr jhueysp pukvl",bird watches story,Cipher,unknown_query_chars
3424f037,"In Alice's Wonderland, a secret set of transformation rules is applied to equations. Below are a few examples:
]&*&] = &{@^
|:-&@ = >:
{&->: = {
{$+""$ = :{
>]*^^ = {>&>
Now, determine the result for: {|*""&",{{|:,Equation,length_mismatch
344a8237,"In Alice's Wonderland, secret encryption rules are used on text. Here are some examples:
mvfewt shftkz afhhih -> knight writes mirror
twk cvqfkvt xhfvqkzz qhkctkz -> the ancient princess creates
twk acefqcu mvfewt qwczkz -> the magical knight chases
tohtuk shftkz twhioew iqkcv -> turtle writes through ocean
Now, decrypt the following text: twk wfnnkv gfhn nhkcaz",the hidden bird dreams,Cipher,unknown_query_chars
3457cb83,"In Alice's Wonderland, secret encryption rules are used on text. Here are some examples:
xok dvtxkbwpyt txyckzx tkkt -> the mysterious student sees
xok fpackz lrx npaaput -> the golden cat follows
brmmwx urxlokt mkvpzc xpukb -> rabbit watches beyond tower
izwfox txycwkt wz tloppa -> knight studies in school
Now, decrypt the following text: sykkz cwtlpjkbt xok crbi dwbbpb",queen discovers the dark mirror,Cipher,unknown_query_chars
34747669,"In Alice's Wonderland, secret encryption rules are used on text. Here are some examples:
aygeum yqehykpc dtp eknypkd cdvuo -> wizard imagines the ancient story
drudjp yqehykpc cpnupd -> turtle imagines secret
lyum upemc dtp meui necdjp -> bird reads the dark castle
qvrcp auydpc qpccehp -> mouse writes message
dtp eknypkd aygeum mueac -> the ancient wizard draws
Now, decrypt the following text: zrppk bvrkm xrggjp",queen found puzzle,Cipher,unknown_query_chars
347477c5,"In Alice's Wonderland, a secret set of transformation rules is applied to equations. Below are a few examples:
10?30 = 40
87]69 = 6004
11@87 = @76
96@41 = @55
Now, determine the result for: 78]15",1171,Equation,length_mismatch
348c5e8e,"In Alice's Wonderland, secret encryption rules are used on text. Here are some examples:
fzkjcv crjvu qjuygr -> wizard reads castle
yhr qgrmrc fzkjcv rtsgpcru -> the clever wizard explores
ybcygr fjyqhru yhr xczihy spyzpn -> turtle watches the bright potion
Now, decrypt the following text: ozni uybvzru wjs",king studies map,Cipher,unknown_query_chars
348d6225,"In Alice's Wonderland, a secret set of transformation rules is applied to equations. Below are a few examples:
48+09 = 471
35>98 = 6174
26+11 = 37
Now, determine the result for: 55+43",98,Equation,length_mismatch
34b4cf96,"In Alice's Wonderland, a secret set of transformation rules is applied to equations. Below are a few examples:
}^*}) = ^[|
%}+|) = %}|)
>""-}' = }|
)'+)[ = )')[
)'*|[ = )^""
Now, determine the result for: """"+^^","""""^^",Equation,length_mismatch
34c563c5,"In Alice's Wonderland, a secret set of transformation rules is applied to equations. Below are a few examples:
28`44 = 83`
77\54 = 221
84\34 = 19
Now, determine the result for: 45`41",04`,Equation,length_mismatch
34ced001,"In Alice's Wonderland, secret encryption rules are used on text. Here are some examples:
ken motfnq ezkknd xdnzkni -> the golden hatter creates
ken epffnq wpdf yzkxeni -> the hidden bird watches
lqpmek ydpkni kedobme oxnzq -> knight writes through ocean
fdzmoq ydpkni ken zqxpnqk sokpoq -> dragon writes the ancient potion
ikbfnqk fdzyi qnzd ixeoot -> student draws near school
Now, decrypt the following text: dzwwpk xdnzkni ken wdpmek sbaatn",rabbit creates the bright puzzle,Cipher,unknown_query_chars
34d1d16f,"In Alice's Wonderland, a secret set of transformation rules is applied to equations. Below are a few examples:
[""+["" = ||:?
?@+@? = @""|?
/[}?: = @|[
Now, determine the result for: '/^?@",^|!,Equation,length_mismatch
352a47ba,"In Alice's Wonderland, secret encryption rules are used on text. Here are some examples:
twym mylrxz rykiem dkylzu -> bird dreams around forest
pruuly myrbz upl ckgkydig nkuwke -> hatter draws the colorful potion
ulrcply dkggkbz iemly srymle -> teacher follows under garden
upl ckgkydig xkizl cylrulz -> the colorful mouse creates
Now, decrypt the following text: upl pwmmle qwes mwzckjlyz",the hidden king discovers,Cipher,unknown_query_chars
354915e0,"In Alice's Wonderland, secret encryption rules are used on text. Here are some examples:
palz ihhi asiazh yrjsutas -> bird sees inside mountain
ueh fkhnhl ujlukh fetihi -> the clever turtle chases
ojhhs flhtuhi vjbbkh -> queen creates puzzle
Now, decrypt the following text: zltqrs wlauhi mrlhiu",dragon writes forest,Cipher,unknown_query_chars
3559dfc9,"In Alice's Wonderland, a secret set of transformation rules is applied to equations. Below are a few examples:
#""'>$ = [#|
$#'{[ = >#
#|'&$ = [|/
&/@&[ = &
Now, determine the result for: ""/'#>",[%[,Equation,length_mismatch
35658269,"In Alice's Wonderland, a secret set of transformation rules is applied to equations. Below are a few examples:
(#|""[ = (#""[
[`|%^ = [`%^
^(:^> = :(
({|>% = ({>%
#$:^` = :#""
Now, determine the result for: [#:>(",":""#",Equation,length_mismatch
35661801,"In Alice's Wonderland, a secret set of transformation rules is applied to equations. Below are a few examples:
72""28 = 7228
62'49 = 111
83'44 = 127
Now, determine the result for: 90'38",128,Equation,length_mismatch
35672155,"In Alice's Wonderland, a secret set of transformation rules is applied to equations. Below are a few examples:
66*59 = *92
15:16 = 1113
27:56 = 0864
Now, determine the result for: 76:27",4284,Equation,length_mismatch
356e927c,"In Alice's Wonderland, a secret set of transformation rules is applied to equations. Below are a few examples:
18-43 = 4572
46-34 = 2572
49`55 = 93
Now, determine the result for: 24#28",421,Equation,length_mismatch
3580648f,"In Alice's Wonderland, a secret set of transformation rules is applied to equations. Below are a few examples:
83/40 = /43
69/91 = /22
87-64 = 8764
21-13 = 2113
25/14 = /11
Now, determine the result for: 26-40",2640,Equation,length_mismatch
35876bb4,"In Alice's Wonderland, secret encryption rules are used on text. Here are some examples:
zthfxgii mdyydwi rgq -> princess follows key
ilvogfl iggi zvbbyg -> student sees puzzle
rhfn wslxjgi xsilyg -> king watches castle
Now, decrypt the following text: otsndf ohixdegti vfogt esyygq",dragon discovers under valley,Cipher,unknown_query_chars
358cdb81,"In Alice's Wonderland, secret encryption rules are used on text. Here are some examples:
ihugmz pojfay uh qflljw -> knight dreams in valley
flurj souzjy uh brjfh -> alice writes in ocean
zxozlj rojfzjy zmj cougmz gfopjh -> turtle creates the bright garden
abxyj rmfyjy fobxhp uylfhp -> mouse chases around island
Now, decrypt the following text: yzxpjhz yzxpujy dxvvlj",student studies puzzle,Cipher,unknown_query_chars
35a562bd,"In Alice's Wonderland, a secret set of transformation rules is applied to equations. Below are a few examples:
??+%' = ##
'(+?: = (@:
|'*#| = |{%{
:)-'? = {#
Now, determine the result for: #'*('",(%(?,Equation,length_mismatch
35a89469,"In Alice's Wonderland, a secret set of transformation rules is applied to equations. Below are a few examples:
53[40 = 5340
29<13 = 377
92<24 = 2208
75<18 = 1350
Now, determine the result for: 95[25",9525,Equation,length_mismatch
35e12b34,"In Alice's Wonderland, a secret set of transformation rules is applied to equations. Below are a few examples:
79+65 = 14
94+43 = 51
45+11 = 34
Now, determine the result for: 65`48",041,Equation,length_mismatch
35fd8d38,"In Alice's Wonderland, secret encryption rules are used on text. Here are some examples:
lettqr slqrvo ovxlvr -> rabbit writes secret
glepcd lvego qd rcsvl -> dragon reads in tower
ierrvl slqrvo qd aqtlelf -> hatter writes in library
xer orzgqvo qdoqgv qoaedg -> cat studies inside island
Now, decrypt the following text: uzvvd vjnaclvo etckv bclvor",queen explores above forest,Cipher,unknown_query_chars
35fe81df,"In Alice's Wonderland, secret encryption rules are used on text. Here are some examples:
tko yehvkt epyyht qeoptox -> the bright rabbit creates
tko qjmjeawm xtwdozt deopfx -> the colorful student dreams
lhiped qkpxox tko qjmjeawm yjjs -> wizard chases the colorful book
epyyht dhxqjroex tkejwvk mhyepen -> rabbit discovers through library
Now, decrypt the following text: tko lhxo cwooz qeoptox",the wise queen creates,Cipher,unknown_query_chars
36065ab1,"In Alice's Wonderland, secret encryption rules are used on text. Here are some examples:
fejl xkgms ej hgrk -> king reads in cave
xgwwen epglejks jkgx ygvghk -> rabbit imagines near palace
hgn meshzrkxs fkd -> cat discovers key
Now, decrypt the following text: pzbsk snbmeks nqk hbxezbs mzzx",mouse studies the curious door,Cipher,unknown_query_chars
361cfce9,"In Alice's Wonderland, secret encryption rules are used on text. Here are some examples:
kjb idmubdk qvbbd esitr -> the ancient queen draws
agvrb rbbr ksbirvsb -> mouse sees treasure
sinnuk ygffgtr aih -> rabbit follows map
jikkbs rbbr kjb mfbwbs mirkfb -> hatter sees the clever castle
Now, decrypt the following text: esicgd esitr kjb turb aussgs",dragon draws the wise mirror,Cipher,unknown_query_chars
36386064,"In Alice's Wonderland, secret encryption rules are used on text. Here are some examples:
qwfrmzw xpwgemq tz gpym -> student watches in cave
gpw rkpxq rvvk -> cat draws door
qwfrmzw uvfzr htkkvk -> student found mirror
Now, decrypt the following text: rkpovz xktwmq tzqtrm qgevvs",dragon writes inside school,Cipher,unknown_query_chars
364f1279,"In Alice's Wonderland, secret encryption rules are used on text. Here are some examples:
mqtafqs buzavhqsz mfq ygzmqsuvoz atzmdq -> teacher discovers the mysterious castle
zmobqpm jtmafqz asgzmtd -> student watches crystal
ftmmqs buzavhqsz up jvpbqsdtpb -> hatter discovers in wonderland
mqtafqs asqtmqz mfq avdvseod bvvs -> teacher creates the colorful door
Now, decrypt the following text: nusb bstjz yussvs",bird draws mirror,Cipher,unknown_query_chars
36557a2e,"In Alice's Wonderland, a secret set of transformation rules is applied to equations. Below are a few examples:
#]*%) = )%}\
)?*!! = %}{
?%*#< = )}!}
Now, determine the result for: ]%*)?",!{}?,Equation,length_mismatch
365dfd91,"In Alice's Wonderland, secret encryption rules are used on text. Here are some examples:
mgi vwejawb bmwpihm ickoaeib -> the curious student explores
mgi bmexhyi gxmmie bmwpjib -> the strange hatter studies
vxm raooadb vxbmoi -> cat follows castle
fawbi pexdb jh vxti -> mouse draws in cave
mgi vwejawb nhjygm rawhp -> the curious knight found
Now, decrypt the following text: mgi biveim djzxep rawhp",the secret wizard found,Cipher,unknown_query_chars
3661796c,"In Alice's Wonderland, secret encryption rules are used on text. Here are some examples:
blwnmrl nhmdpb lcm bmahml teez -> student dreams the secret book
blwnmrl ahmdlmb tmfern adxm -> student creates beyond cave
adl mjgkehmb lcm cynnmr lhmdbwhm -> cat explores the hidden treasure
Now, decrypt the following text: lcm uybm tyhn ahmdlmb",the wise bird creates,Cipher,unknown_query_chars
36727ff6,"In Alice's Wonderland, secret encryption rules are used on text. Here are some examples:
ekz jmgdke ymbdiw zcanimzu -> the bright dragon explores
ekz oxuezmgifu qfzzw uzzu -> the mysterious queen sees
ekz hnztzm ezbhkzm mzbyu -> the clever teacher reads
Now, decrypt the following text: oifuz zcanimzu ekz uzhmze afrrnz",mouse explores the secret puzzle,Cipher,unknown_query_chars
3687b4bb,"In Alice's Wonderland, a secret set of transformation rules is applied to equations. Below are a few examples:
24`28 = 3443
65#51 = 17
87`61 = 7421
52`01 = 942
14#57 = 611
Now, determine the result for: 53`95",4602,Equation,length_mismatch
3687bc41,"In Alice's Wonderland, a secret set of transformation rules is applied to equations. Below are a few examples:
81}95 = 14
89|63 = 8963
56|56 = 5656
97|35 = 9735
Now, determine the result for: 08`14",121,Equation,length_mismatch
36b5df1b,"In Alice's Wonderland, a secret set of transformation rules is applied to equations. Below are a few examples:
|\$)] = ')!
|\-\) = \`\)
))-!) = `!\)
#`-#! = ]###
'#$]! = #/
Now, determine the result for: `'%|!",%\/,Equation,length_mismatch
36d1dd5d,"In Alice's Wonderland, secret encryption rules are used on text. Here are some examples:
gqh bvfouvr bmkah nxhvba -> the magical mouse dreams
gqh ukxomka bmkah nxhvba -> the curious mouse dreams
vrouh agknoha zhsmdn rozxvxs -> alice studies beyond library
Now, decrypt the following text: qvgghx obvfodha lmgomd",hatter imagines potion,Cipher,unknown_query_chars
36d2d728,"In Alice's Wonderland, a secret set of transformation rules is applied to equations. Below are a few examples:
/>+#$ = />#$
#}*/$ = >/>$
%#*/( = ^#$(
%>-""> = -^(
Now, determine the result for: $""*](","""(](",Equation,length_mismatch
371c5e74,"In Alice's Wonderland, secret encryption rules are used on text. Here are some examples:
vzj vxszjsf nsffzcs -> cat creates message
pokc fjbgosf jts toggsk gwwx -> king studies the hidden door
qohzxg gofvwusxf bkgsx wvszk -> wizard discovers under ocean
Now, decrypt the following text: qohzxg rwllwqf rwxsfj",wizard follows forest,Cipher,unknown_query_chars
3720039c,"In Alice's Wonderland, secret encryption rules are used on text. Here are some examples:
yjd xiburtxl dvx lxytxd pcttrt -> cat explores the secret mirror
agcmvd htjsl dvx pjmcyju mjthxg -> knight draws the magical garden
dvx hjta ldkhxgd htjsl -> the dark student draws
dvx jgycxgd tjqqcd ldkhcxl -> the ancient rabbit studies
dvx pfldxtcrkl agcmvd lxxl -> the mysterious knight sees
Now, decrypt the following text: dvx qtcmvd qcth wruursl",the bright bird follows,Cipher,unknown_query_chars
372bb422,"In Alice's Wonderland, a secret set of transformation rules is applied to equations. Below are a few examples:
74<46 = <28
43(81 = 4381
61<12 = <49
Now, determine the result for: 75(60",7560,Equation,length_mismatch
379d18b7,"In Alice's Wonderland, a secret set of transformation rules is applied to equations. Below are a few examples:
84'59 = 241
84*67 = *82
78'78 = 371
93'18 = 911
05!84 = 0042
Now, determine the result for: 22!64",2101,Equation,length_mismatch
37a2a7ff,"In Alice's Wonderland, a secret set of transformation rules is applied to equations. Below are a few examples:
46-53 = 2438
82#10 = 2
67#40 = 27
12/74 = 1274
Now, determine the result for: 84/83",8483,Equation,length_mismatch
37f04e3e,"In Alice's Wonderland, a secret set of transformation rules is applied to equations. Below are a few examples:
34}51 = 546
96}07 = 0384
29^41 = 601
Now, determine the result for: 85}05",0092,Equation,length_mismatch
38023e84,"In Alice's Wonderland, secret encryption rules are used on text. Here are some examples:
hqshvd sdkbg uegubd hpxds -> turtle reads inside tower
hdkwcds gddg qebds vuysksl -> teacher sees under library
hdkwcds ghqbudg edks ugvkeb -> teacher studies near island
Now, decrypt the following text: hcd wvdjds muet xkhwcdg",the clever king watches,Cipher,unknown_query_chars
380cd444,"In Alice's Wonderland, secret encryption rules are used on text. Here are some examples:
nufyle lbyep skb pslyvwb abppywb -> wizard reads the strange message
agzpb pszeubp sklgzwk qypsdb -> mouse studies through castle
pszebvs tgddgnp uv pqkggd -> student follows in school
Now, decrypt the following text: xvuwks bohdglbp tglbps",knight explores forest,Cipher,unknown_query_chars
3831c67a,"In Alice's Wonderland, a secret set of transformation rules is applied to equations. Below are a few examples:
32+26 = 58
83-49 = -65
11*27 = 2711
Now, determine the result for: 46*51",5146,Equation,length_mismatch
383889e1,"In Alice's Wonderland, a secret set of transformation rules is applied to equations. Below are a few examples:
28(26 = 02
51(95 = (44
88""85 = 8588
42""28 = 2842
Now, determine the result for: 85""51",5185,Equation,length_mismatch
38489191,"In Alice's Wonderland, a secret set of transformation rules is applied to equations. Below are a few examples:
46%21 = 67
44%79 = 123
96(33 = 3169
75(40 = 3001
Now, determine the result for: 70/51",/19,Equation,length_mismatch
386b6d03,"In Alice's Wonderland, a secret set of transformation rules is applied to equations. Below are a few examples:
47[35 = 2293
82-68 = -85
09[97 = 0117
Now, determine the result for: 79'97",671,Equation,length_mismatch
3895fa75,"In Alice's Wonderland, secret encryption rules are used on text. Here are some examples:
kth rbch odk pbcoxjhzc -> the wise cat discovers
zdffbk pzhdlc wiphz lxwikdbi -> rabbit dreams under mountain
tdkkhz ckwpbhc ckxzg -> hatter studies story
Now, decrypt the following text: kwzknh ckwpbhc kth onhjhz fxxy",turtle studies the clever book,Cipher,unknown_query_chars
38a49ff0,"In Alice's Wonderland, a secret set of transformation rules is applied to equations. Below are a few examples:
[^][> = [^[>
^[][! = ^[[!
>&%[} = %}&
Now, determine the result for: &}$\!",&/>?,Equation,length_mismatch
38ae6f6a,"In Alice's Wonderland, secret encryption rules are used on text. Here are some examples:
jpttif ojpqiq tji jvllir lhhf -> hatter chases the hidden door
zhaqi ojpqiq tji zuqtifvhaq qiofit -> mouse chases the mysterious secret
mvbpfl qtalviq tji qtfprci cpflir -> wizard studies the strange garden
dvrc iwyehfiq tji qvekif qthfu -> king explores the silver story
mvbpfl mfvtiq vrqvli thmif -> wizard writes inside tower
Now, decrypt the following text: tji oafvhaq fpnnvt sharl",the curious rabbit found,Cipher,unknown_query_chars
38c7aca1,"In Alice's Wonderland, a secret set of transformation rules is applied to equations. Below are a few examples:
'{*') = !||{
'#+<) = |]{
&&*|{ = &&{
>>-#' = |]
Now, determine the result for: #{*&>",!!]{,Equation,length_mismatch
38e98135,"In Alice's Wonderland, a secret set of transformation rules is applied to equations. Below are a few examples:
39^23 = 898
92!33 = 59
50`47 = 98
Now, determine the result for: 88^57",5017,Equation,length_mismatch
39180e01,"In Alice's Wonderland, secret encryption rules are used on text. Here are some examples:
vuwrof fogrsi rynmg iebnnz -> wizard dreams above school
oryyuj iggi fnno -> rabbit sees door
rzueg ijcfugi jbg buffga pgk -> alice studies the hidden key
Now, decrypt the following text: brjjgo fogrsi jbg srquerz ynnp",hatter dreams the magical book,Cipher,unknown_query_chars
392bc434,"In Alice's Wonderland, secret encryption rules are used on text. Here are some examples:
ozn tkxcikv dcaq qanktf -> the magical bird dreams
mwcxzo ankqf dneywq vcdakae -> knight reads beyond library
mwcxzo nblvyanf ozn kwicnwo foyae -> knight explores the ancient story
opaovn fnnf foyae -> turtle sees story
fopqnwo nblvyanf dyym -> student explores book
Now, decrypt the following text: rcgkaq nblvyanf ozn qkam mne",wizard explores the dark key,Cipher,unknown_query_chars
3937cbf8,"In Alice's Wonderland, a secret set of transformation rules is applied to equations. Below are a few examples:
23+52 = 75
84-64 = -2
33+82 = 16
01*95 = 985
Now, determine the result for: 84+61",46,Equation,length_mismatch
39470bbb,"In Alice's Wonderland, secret encryption rules are used on text. Here are some examples:
nvxxbz apvyjy lqqn -> rabbit chases door
avz dqkkqoy zpj obyj hjyyvgj -> cat follows the wise message
yzuljrz yjjy sqzbqr -> student sees potion
pvzzjn yjjy bryblj qajvr -> hatter sees inside ocean
vkbaj dqurl xjwqrl svkvaj -> alice found beyond palace
Now, decrypt the following text: zpj aqkqnduk eujjr jmskqnjy",the colorful queen explores,Cipher,unknown_query_chars
395a5098,"In Alice's Wonderland, secret encryption rules are used on text. Here are some examples:
sncvd pddp jmtfzim qsnnde -> alice sees through valley
yzddl utdsbp jmd vndqdt hde -> queen dreams the clever key
jmd pjtslid bfzpd rsjvmdp -> the strange mouse watches
msjjdt wfzlu jmd mcuudl bso -> hatter found the hidden map
Now, decrypt the following text: jdsvmdt cbsicldp jmd ifnudl gffh",teacher imagines the golden book,Cipher,unknown_query_chars
3975d230,"In Alice's Wonderland, secret encryption rules are used on text. Here are some examples:
wohcip yehtxt lex eawwxp dioxtl -> dragon chases the hidden forest
lex zvtlxoairt wohcip dirpw -> the mysterious dragon found
lex batx ohuual boalxt -> the wise rabbit writes
baqhow dikkibt leoirce libxo -> wizard follows through tower
lex yroairt mapc dirpw -> the curious king found
Now, decrypt the following text: tlrwxpl dikkibt nrqqkx",student follows puzzle,Cipher,unknown_query_chars
398478f6,"In Alice's Wonderland, a secret set of transformation rules is applied to equations. Below are a few examples:
[]-@] = -!
][*\[ = @@!\
:)*`@ = `|))
Now, determine the result for: |)+@)",:[,Equation,length_mismatch
39918d5b,"In Alice's Wonderland, secret encryption rules are used on text. Here are some examples:
vzuejfz yjgev zcj rgtnhgb vjhyjz -> student reads the magical secret
hgz yjgev ufejy ilyjvz -> cat reads under forest
zcj vjhyjz kfntcz eygxv -> the secret knight draws
synfhjvv ilufe hymvzgb -> princess found crystal
zcj gfhnjfz kfntcz hyjgzjv -> the ancient knight creates
Now, decrypt the following text: zuyzbj jwsblyjv hymvzgb",turtle explores crystal,Cipher,unknown_query_chars
39a1f5e9,"In Alice's Wonderland, a secret set of transformation rules is applied to equations. Below are a few examples:
""\+""% = >[?
""\*!\ = !\""\
%[*""$ = ""$%[
Now, determine the result for: >[*<""","<"">[",Equation,length_mismatch
39c237c7,"In Alice's Wonderland, a secret set of transformation rules is applied to equations. Below are a few examples:
)\*// = ])`\
/{+'{ = /{'{
]&+/` = ]&/`
Now, determine the result for: {]+``",{]``,Equation,length_mismatch
39fd934f,"In Alice's Wonderland, a secret set of transformation rules is applied to equations. Below are a few examples:
34+33 = 57
31+13 = 34
25-74 = 5
98+55 = 341
69-42 = 27
Now, determine the result for: 32-23",-9,Equation,length_mismatch
3a221bb6,"In Alice's Wonderland, secret encryption rules are used on text. Here are some examples:
vuq yfwvtibhw kttj -> cat discovers book
qeb yuhj qbuvebh fzulfdbw -> the dark teacher imagines
yhultd nhfqbw qeb zawqbhftcw otqftd -> dragon writes the mysterious potion
vuq gtpptnw fdwfyb iuppba -> cat follows inside valley
Now, decrypt the following text: wqcybdq bsopthbw cdybh vuwqpb",student explores under castle,Cipher,unknown_query_chars
3a6286e9,"In Alice's Wonderland, a secret set of transformation rules is applied to equations. Below are a few examples:
}`*{{ = `#(
}>+#` = (#
|{-(! = (
}{-%( = }
!>-!| = !
Now, determine the result for: !|*||",!{!$,Equation,length_mismatch
3a7fe2a6,"In Alice's Wonderland, a secret set of transformation rules is applied to equations. Below are a few examples:
)/^|] = }/
}|^`% = )`]
?)&}] = &%}
%)\%| = %)%|
Now, determine the result for: ))&%|",&)!,Equation,length_mismatch
3a8a4ebc,"In Alice's Wonderland, a secret set of transformation rules is applied to equations. Below are a few examples:
26#12 = 2031
56'19 = '62
47#67 = 4265
Now, determine the result for: 74'29",'54,Equation,length_mismatch
3a9a89ef,"In Alice's Wonderland, secret encryption rules are used on text. Here are some examples:
wcjjke kmcakudq qdnwde -> rabbit imagines secret
egd cunkdue cpknd zwdcmq -> the ancient alice dreams
wcjjke kmcakudq udcw lbuzdwpcuz -> rabbit imagines near wonderland
Now, decrypt the following text: jkwz lwkedq nwhqecp",bird writes crystal,Cipher,unknown_query_chars
3acfa7a4,"In Alice's Wonderland, a secret set of transformation rules is applied to equations. Below are a few examples:
19-22 = 96
81}78 = 7881
44%92 = 6721
38-04 = 34
Now, determine the result for: 45%92",6651,Equation,length_mismatch
3ae5412e,"In Alice's Wonderland, secret encryption rules are used on text. Here are some examples:
wez qezwpag zpa wtaval mbllxl -> cat watches the clever mirror
wez wpegag bcgbia mxhczebc -> cat chases inside mountain
gzhiacz akrtxlag uas -> student explores key
Now, decrypt the following text: zpa oxtiac pezzal wpegag",the golden hatter chases,Cipher,unknown_query_chars
3b206148,"In Alice's Wonderland, a secret set of transformation rules is applied to equations. Below are a few examples:
\?+#! = %>
(>+>! = \#?
!^-(! = -&#
@\->^ = &^
??+^^ = ^&
Now, determine the result for: #%+&(",!>?,Equation,length_mismatch
3b2524dd,"In Alice's Wonderland, secret encryption rules are used on text. Here are some examples:
sbdhybu njvwx subdkvub -> teacher found treasure
tgwi ubdxk syb fmksbugjvk kbhubs -> king reads the mysterious secret
ogux xubdfk syb dwhgbws fguuju -> bird dreams the ancient mirror
Now, decrypt the following text: syb xdut fjvkb eugsbk",the dark mouse writes,Cipher,unknown_query_chars
3b2e0cc3,"In Alice's Wonderland, a secret set of transformation rules is applied to equations. Below are a few examples:
57-36 = 21
56+35 = 711
63-53 = 1
12*23 = 276
83*53 = 0331
Now, determine the result for: 57-38",8,Equation,length_mismatch
3b51288b,"In Alice's Wonderland, a secret set of transformation rules is applied to equations. Below are a few examples:
19%38 = 3557
21%22 = 462
89+46 = +43
12%21 = 252
Now, determine the result for: 95%05",0592,Equation,length_mismatch
3b7148f6,"In Alice's Wonderland, a secret set of transformation rules is applied to equations. Below are a few examples:
$$-$^ = -^
$)-^$ = -^^
\>-?\ = -})
Now, determine the result for: &)+)\",&&$,Equation,length_mismatch
3b7e71b2,"In Alice's Wonderland, a secret set of transformation rules is applied to equations. Below are a few examples:
48|42 = 06|
02$89 = 811
54|77 = 23
02!67 = 1251
Now, determine the result for: 17!28",3285,Equation,length_mismatch
3b97e6f6,"In Alice's Wonderland, a secret set of transformation rules is applied to equations. Below are a few examples:
>>+>' = '?(
>'-|' = /(
/<*<! = '$?<
!>*'> = '?|$
Now, determine the result for: >!-/'",<,Equation,length_mismatch
3b9e33f6,"In Alice's Wonderland, a secret set of transformation rules is applied to equations. Below are a few examples:
41+57 = 88
62*67 = 7791
12-19 = -07
27-79 = -52
Now, determine the result for: 31+39",501,Equation,length_mismatch
3ba34e97,"In Alice's Wonderland, secret encryption rules are used on text. Here are some examples:
iojjs zrlndjh ldj huwtjf nfqhlrw -> queen watches the silver crystal
ldj bpwvjs nrl fjrvh -> the golden cat reads
epohj hlovujh ldj vrfm brfvjs -> mouse studies the dark garden
ldj zuhj xfusnjhh zrlndjh -> the wise princess watches
ldj nofupoh msubdl zfuljh -> the curious knight writes
Now, decrypt the following text: rwunj hlovujh xoggwj",alice studies puzzle,Cipher,unknown_query_chars
3bf05c35,"In Alice's Wonderland, a secret set of transformation rules is applied to equations. Below are a few examples:
28-36 = 91
51-97 = 46
02-01 = 01
Now, determine the result for: 86+87",641,Equation,length_mismatch
3bf0875d,"In Alice's Wonderland, a secret set of transformation rules is applied to equations. Below are a few examples:
38%40 = 79
92/95 = 8741
75%74 = 150
62<38 = 24
Now, determine the result for: 28/38",1065,Equation,length_mismatch
3bfa64a7,"In Alice's Wonderland, secret encryption rules are used on text. Here are some examples:
tslc rynzknj kynzjfyn -> king creates treasure
usizya uzkrbnj kbn bsaanl mfiixn -> wizard watches the hidden puzzle
yzoosk aynzej ryhjkzx -> rabbit dreams crystal
knzrbny aynzej lnzy evflkzsl -> teacher dreams near mountain
Now, decrypt the following text: jkfanlk npmxvynj sl gsxxzcn",student explores in village,Cipher,unknown_query_chars
3c12aeb9,"In Alice's Wonderland, a secret set of transformation rules is applied to equations. Below are a few examples:
68|06 = 62
12$29 = 311
29$51 = 701
98|25 = 73
27$85 = 031
Now, determine the result for: 27$15",321,Equation,length_mismatch
3c424916,"In Alice's Wonderland, a secret set of transformation rules is applied to equations. Below are a few examples:
26*84 = 5792
22+78 = 901
49*64 = 3234
Now, determine the result for: 82*55",9351,Equation,length_mismatch
3c8a4e7c,"In Alice's Wonderland, a secret set of transformation rules is applied to equations. Below are a few examples:
05{51 = 56
63{02 = 65
76\74 = 9413
44{27 = 611
Now, determine the result for: 21\34",615,Equation,length_mismatch
3cb3fd89,"In Alice's Wonderland, a secret set of transformation rules is applied to equations. Below are a few examples:
@)-@\ = -)
[$*$$ = [|{\
$]+!\ = |$|
$[*$& = &@![
Now, determine the result for: ]$*$)",[[&],Equation,length_mismatch
3cc03e36,"In Alice's Wonderland, a secret set of transformation rules is applied to equations. Below are a few examples:
>}-^/ = -<?
\}-#/ = -#?
^<+/> = |\#
Now, determine the result for: #/*|#",}|(#,Equation,length_mismatch
3cf0f8cc,"In Alice's Wonderland, a secret set of transformation rules is applied to equations. Below are a few examples:
)%][) = {&
!(^>( = }!
(>^%) = &[
)%^[} = (){
Now, determine the result for: &%]!/",%,Equation,length_mismatch
3d2cb38a,"In Alice's Wonderland, a secret set of transformation rules is applied to equations. Below are a few examples:
))+){ = /)
$\*$} = //#<
<{*!\ = //!}
#{*$) = /{$}
Now, determine the result for: <}+#)",}{,Equation,length_mismatch
3d40a271,"In Alice's Wonderland, a secret set of transformation rules is applied to equations. Below are a few examples:
'@+[: = :@@
:{*`[ = :}'@
""@*>` = '`'@
Now, determine the result for: /:*[{",:/>{,Equation,length_mismatch
3d81acc5,"In Alice's Wonderland, secret encryption rules are used on text. Here are some examples:
rgm dynrmzfkon rmcagmz nmmn -> the mysterious teacher sees
rgm dynrmzfkon nroxmbr lzfrmn -> the mysterious student writes
hbfwgr fdcwfbmn qkzmnr -> knight imagines forest
Now, decrypt the following text: hbfwgr lzfrmn rgm aktkzqot dcu",knight writes the colorful map,Cipher,unknown_query_chars
3d9b455a,"In Alice's Wonderland, secret encryption rules are used on text. Here are some examples:
anffm jrbcvxftb zef ymcrfmz ztfybntf -> queen discovers the ancient treasure
zef qtriez grdytj jrbcvxftb -> the bright wizard discovers
zef ymcrfmz umriez bffb -> the ancient knight sees
Now, decrypt the following text: zef ivpjfm jtyivm gtrzfb",the golden dragon writes,Cipher,unknown_query_chars
3da50553,"In Alice's Wonderland, secret encryption rules are used on text. Here are some examples:
fmsigmq qmswx fgm xjuzmq fqmsxyqm -> teacher reads the silver treasure
gsffmq mvkunqmx xfnqh -> hatter explores story
xfywmcf xmmx fgm scijmcf pnnb -> student sees the ancient book
kqjcimxx tsfigmx bmh -> princess watches key
Now, decrypt the following text: pjqw enuuntx pmhncw enqmxf",bird follows beyond forest,Cipher,unknown_query_chars
3db042cf,"In Alice's Wonderland, secret encryption rules are used on text. Here are some examples:
fysfnb uennezq hbiegm fezbs -> turtle follows beyond tower
msvxeg sbvmq hbiegm fezbs -> dragon reads beyond tower
flb qbcsbf vndcb davxdgbq -> the secret alice imagines
fysfnb msbvaq vherb ecbvg -> turtle dreams above ocean
msvxeg ueygm gbvs ecbvg -> dragon found near ocean
Now, decrypt the following text: flb avxdcvn tybbg msbvaq",the magical queen dreams,Cipher,unknown_query_chars
3e2af93e,"In Alice's Wonderland, secret encryption rules are used on text. Here are some examples:
uejfqg uqesax sza gfqi mcqaxs -> wizard writes the dark forest
iberzs xsngeax szqcnrz devqfqp -> knight studies through library
iebr gqfux eb xozccd -> king draws in school
Now, decrypt the following text: hcnxa qafgx sza vqerzs gccq",mouse reads the bright door,Cipher,unknown_query_chars
3e42c4f9,"In Alice's Wonderland, a secret set of transformation rules is applied to equations. Below are a few examples:
34-44 = 1
85-53 = 32
51-38 = 8
33-96 = 3
45+32 = 77
Now, determine the result for: 45-65",2,Equation,length_mismatch
3e5c7d9b,"In Alice's Wonderland, a secret set of transformation rules is applied to equations. Below are a few examples:
?<*]( = (""(""
]""-?| = -^""
$<-/< = <
]$-|] = |""
[$+$$ = //""
Now, determine the result for: (<-[]",-(|,Equation,length_mismatch
3e60d8bf,"In Alice's Wonderland, secret encryption rules are used on text. Here are some examples:
dynix kbgixi dqffyf -> mouse chases mirror
mnxxw hynwe jbx iqlrxf pxc -> queen found the silver key
jbx aqix mnxxw qdgvqwxi -> the wise queen imagines
ijnexwj hynwe jbfynvb tglgkx -> student found through palace
Now, decrypt the following text: tfqwkxii qdgvqwxi jbx ixkfxj uyyp",princess imagines the secret book,Cipher,unknown_query_chars
3ec77e36,"In Alice's Wonderland, a secret set of transformation rules is applied to equations. Below are a few examples:
54*39 = 6814
75+51 = 27
73-26 = -52
68+37 = 951
87+28 = 061
Now, determine the result for: 86+83",601,Equation,length_mismatch
3ee36e0a,"In Alice's Wonderland, a secret set of transformation rules is applied to equations. Below are a few examples:
15-69 = -54
74)02 = 149
24>42 = 66
Now, determine the result for: 48-99",-51,Equation,length_mismatch
3ef9ab02,"In Alice's Wonderland, a secret set of transformation rules is applied to equations. Below are a few examples:
{'-""( = -$
&%-({ = -(
\'*(( = (\/%
&\*{' = &""((
&\*/% = &%%%
Now, determine the result for: ({-""%",-%],Equation,length_mismatch
3efc46c1,"In Alice's Wonderland, a secret set of transformation rules is applied to equations. Below are a few examples:
36[15 = 3615
55/38 = 93
67<89 = 22
86[39 = 8639
Now, determine the result for: 39[64",3964,Equation,length_mismatch
3f57fc9e,"In Alice's Wonderland, secret encryption rules are used on text. Here are some examples:
krn dsuxnsk udk abdgy -> the ancient cat draws
doxun npfojbny fjkxjs -> alice explores potion
ixsc gbxkny udykon -> king writes castle
abdcjs ykhaxny krbjhcr zxoodcn -> dragon studies through village
Now, decrypt the following text: isxcrk axyujznby sndb oxwbdbq",knight discovers near library,Cipher,unknown_query_chars
3f67321d,"In Alice's Wonderland, a secret set of transformation rules is applied to equations. Below are a few examples:
[{!`{ = }^{
:^/(} = ]{:
(}<(( = <}
\[!(} = ]]
`""/\\ = :^}^
Now, determine the result for: ^`/:[","}""[}",Equation,length_mismatch
3f8d5299,"In Alice's Wonderland, a secret set of transformation rules is applied to equations. Below are a few examples:
"">#@@ = $<@`
""%{>"" = {^^
""!{>$ = {<
$%#!"" = <\\
Now, determine the result for: >""&!^",^\>,Equation,length_mismatch
3fa49035,"In Alice's Wonderland, a secret set of transformation rules is applied to equations. Below are a few examples:
73/78 = 150
96#58 = 38
88>60 = 5280
23/75 = 97
Now, determine the result for: 24>29",696,Equation,length_mismatch
3faf4a36,"In Alice's Wonderland, secret encryption rules are used on text. Here are some examples:
wkl cmsl kawwld udlars -> the wise hatter dreams
wjdwxl cdmwls wkl pjdmhjs ghhn -> turtle writes the curious book
wkl rafmpax kawwld lbzxhdls -> the magical hatter explores
wjdwxl swjumls wkl fhxuly wdlasjdl -> turtle studies the golden treasure
udafhy pdlawls ghhn -> dragon creates book
Now, decrypt the following text: cmvadu cdmwls ehdlsw",wizard writes forest,Cipher,unknown_query_chars
4011d4e5,"In Alice's Wonderland, a secret set of transformation rules is applied to equations. Below are a few examples:
80)58 = 139
47!10 = 471
58?29 = 29
74?19 = 55
25?17 = 8
Now, determine the result for: 78!19",1483,Equation,length_mismatch
4027a3ae,"In Alice's Wonderland, secret encryption rules are used on text. Here are some examples:
txcv dupjazdo hgd ohzscvd lxzzaz -> king explores the strange mirror
hrzhjd izseo xc jxyzszk -> turtle draws in library
larod xlsvxcdo hzdsorzd -> mouse imagines treasure
Now, decrypt the following text: ohridch zdsio prmmjd",student reads puzzle,Cipher,unknown_query_chars
40632c79,"In Alice's Wonderland, secret encryption rules are used on text. Here are some examples:
onllf gtpele mfembl wmsapaj -> queen chases inside library
gpr elle gajerpw -> cat sees crystal
apssmr galprle kialer -> rabbit creates forest
Now, decrypt the following text: ernblfr alpbe rtl elgalr qnyywl",student reads the secret puzzle,Cipher,unknown_query_chars
40979402,"In Alice's Wonderland, secret encryption rules are used on text. Here are some examples:
stul lujce kdg nrxlgm bgeejng -> bird draws the golden message
atmn cutkge kdg etxigu ekruh -> king writes the silver story
kgjydgu lujce kdg etxigu lrru -> teacher draws the silver door
kdg yqutrqe ctzjul tbjntmge -> the curious wizard imagines
Now, decrypt the following text: ujsstk vrqml vrugek",rabbit found forest,Cipher,unknown_query_chars
40b0233b,"In Alice's Wonderland, secret encryption rules are used on text. Here are some examples:
njf dshefz vzyuaw dffd -> the silver dragon sees
njf uahvfw iyn xynijfd -> the golden cat watches
njf mzsujn yhsif dffd -> the bright alice sees
Now, decrypt the following text: batdf xynijfd njf ywisfwn izkdnyh",mouse watches the ancient crystal,Cipher,unknown_query_chars
40ba1b6f,"In Alice's Wonderland, a secret set of transformation rules is applied to equations. Below are a few examples:
`]+#{ = $$`
'(*{{ = '({{
{(*'# = {('#
`(+)` = $(@
@)*]' = @)]'
Now, determine the result for: @]-$(",$(,Equation,length_mismatch
40c53743,"In Alice's Wonderland, a secret set of transformation rules is applied to equations. Below are a few examples:
06-45 = 6
49*58 = 1997
22*17 = 3651
42-65 = -23
69*08 = 1867
Now, determine the result for: 24*88",7963,Equation,length_mismatch
40c70773,"In Alice's Wonderland, secret encryption rules are used on text. Here are some examples:
cyimz wxpfq qxxt -> alice found door
ngz giqqzf gcnnzt isckifzu -> the hidden hatter imagines
nzcmgzt lcnmgzu ifuiqz yijtcte -> teacher watches inside library
ngz kxyqzf sxpuz mtzcnzu -> the golden mouse creates
Now, decrypt the following text: rifk tzcqu mcunyz",king reads castle,Cipher,unknown_query_chars
40d98aca,"In Alice's Wonderland, secret encryption rules are used on text. Here are some examples:
kbinau qotkrpq oyp ctbratq dpqqinp -> dragon studies the curious message
lrun krqcagpbq qoabe -> king discovers story
opicypb qppq ibatuk oaspb -> teacher sees around tower
xbrucpqq mazzasq oyp ctbratq qoabe -> princess follows the curious story
oyp qobiunp kbinau siocypq -> the strange dragon watches
Now, decrypt the following text: bivvro matuk oyp qobiunp qpcbpo",rabbit found the strange secret,Cipher,unknown_query_chars
40fe6e49,"In Alice's Wonderland, secret encryption rules are used on text. Here are some examples:
rvd vnwwdf piddf ariwnda -> the hidden queen studies
vkrrdt ariwnda rvd ozjwdf hkarjd -> hatter studies the golden castle
rvd hzjztbij lnyktw tdkwa -> the colorful wizard reads
mfnovr bzifw mdc -> knight found key
vkrrdt ariwnda rvd vnwwdf hkarjd -> hatter studies the hidden castle
Now, decrypt the following text: rvd kfhndfr gntw bzjjzla",the ancient bird follows,Cipher,unknown_query_chars
41206c8a,"In Alice's Wonderland, secret encryption rules are used on text. Here are some examples:
habbtr zhtrjo nuddkj -> rabbit writes puzzle
imtqlr zhtrjo rlj qvksjm ojchjr -> knight writes the golden secret
rjacljh ojjo rlj otkyjh qahsjm -> teacher sees the silver garden
Now, decrypt the following text: rlj cuhtvuo imtqlr tpaqtmjo",the curious knight imagines,Cipher,unknown_query_chars
412a209f,"In Alice's Wonderland, a secret set of transformation rules is applied to equations. Below are a few examples:
37<57 = <2
49#13 = 521
73#68 = 321
04'79 = 9783
Now, determine the result for: 27'23",3032,Equation,length_mismatch
41300ad0,"In Alice's Wonderland, secret encryption rules are used on text. Here are some examples:
qczho uzmhsvoym poqy shoqp -> alice discovers near ocean
ejo wqnzhqc wsamo hyoqeom -> the magical mouse creates
eayeco uyqgm ejo uqyr ussy -> turtle draws the dark door
Now, decrypt the following text: ejo hscsyxac wsamo xsapu",the colorful mouse found,Cipher,unknown_query_chars
414f87c2,"In Alice's Wonderland, secret encryption rules are used on text. Here are some examples:
baw ijocwx qojtw jrqhjzwi -> the silver alice imagines
tqb txwqbwi baw kxjhab fnbjnz -> cat creates the bright potion
baw kxjhab qojtw ynoonui -> the bright alice follows
baw ujiw bwqtawx taqiwi -> the wise teacher chases
ujeqxp pjitncwxi txdibqo -> wizard discovers crystal
Now, decrypt the following text: baw tnonxyso pxqhnz pjitncwxi",the colorful dragon discovers,Cipher,unknown_query_chars
41554020,"In Alice's Wonderland, a secret set of transformation rules is applied to equations. Below are a few examples:
|""'"""" = |##}
^^'?? = ""|:
""@'|"" = }""}{
#}-#^ = -|
#|'#} = &&?
Now, determine the result for: |:-}@",?:,Equation,length_mismatch
4179c322,"In Alice's Wonderland, a secret set of transformation rules is applied to equations. Below are a few examples:
56*15 = 5133
04*28 = 0823
73*85 = 6412
24-65 = -41
76+06 = 0676
Now, determine the result for: 15-75",-6,Equation,length_mismatch
418895f5,"In Alice's Wonderland, a secret set of transformation rules is applied to equations. Below are a few examples:
79-58 = 21
47*04 = 9592
58+61 = 101
Now, determine the result for: 85*95",1243,Equation,length_mismatch
41a8a9f0,"In Alice's Wonderland, a secret set of transformation rules is applied to equations. Below are a few examples:
|)*|} = )'}
#'*{` = `#})
{<-<} = ""`
'`*'"" = #<|`
Now, determine the result for: #>*`""","|""`>",Equation,length_mismatch
41b892f7,"In Alice's Wonderland, secret encryption rules are used on text. Here are some examples:
lpws twprcq dua -> bird writes map
rnc npssck swuobk spqebmcwq -> the hidden dragon discovers
rnc duopeuj rcuencw ewcurcq -> the magical teacher creates
Now, decrypt the following text: rcuencw swcudq aivvjc",teacher dreams puzzle,Cipher,unknown_query_chars
41babefd,"In Alice's Wonderland, a secret set of transformation rules is applied to equations. Below are a few examples:
24/63 = 88
22/92 = 115
50/81 = 132
96{75 = 21
39*12 = 3912
Now, determine the result for: 41/85",127,Equation,length_mismatch
41dc6441,"In Alice's Wonderland, secret encryption rules are used on text. Here are some examples:
prcbk ikevb pliiri -> mouse reads mirror
qwk blayki prcbk viejb -> the silver mouse draws
gliv jilqkb qwk pubqkilrcb vrri -> bird writes the mysterious door
jlfeiv vlbzrykib qwk jlbk xrqlrt -> wizard discovers the wise potion
Now, decrypt the following text: weqqki hrctv gkurtv xeaezk",hatter found beyond palace,Cipher,unknown_query_chars
41e6cbfc,"In Alice's Wonderland, a secret set of transformation rules is applied to equations. Below are a few examples:
05+12 = 1205
02*63 = 6302
69+97 = 9769
61+47 = 4761
Now, determine the result for: 18+93",9318,Equation,length_mismatch
41ea3fca,"In Alice's Wonderland, secret encryption rules are used on text. Here are some examples:
tcpfx qextib sxlndq ftkx -> alice dreams beyond cave
uepdfxbb qpbfnkxeb sxlndq mnjxe -> princess discovers beyond tower
tcpfx jtmfhxb ateqxd -> alice watches garden
bmzqxdm bxxb ftbmcx -> student sees castle
Now, decrypt the following text: inzbx fextmxb uzrrcx",mouse creates puzzle,Cipher,unknown_query_chars
41ec1ace,"In Alice's Wonderland, secret encryption rules are used on text. Here are some examples:
cfriksll kfsbosl ri lkwppn -> princess creates in school
wboosf fsbzl rilrzs kbxs -> hatter reads inside cave
gpmls dfrosl cmaans -> mouse writes puzzle
fbeero kwblsl lskfso -> rabbit chases secret
Now, decrypt the following text: drabfz upmiz bfpmiz vbfzsi",wizard found around garden,Cipher,unknown_query_chars
41fac383,"In Alice's Wonderland, secret encryption rules are used on text. Here are some examples:
thvec pyzkx uqc xtlb wcaatoc -> alice found the dark message
dlvkecaa acca uqc fvac pylcau -> princess sees the wise forest
auzxcku xltfa uqc ezlvyza dyuvyk -> student draws the curious potion
Now, decrypt the following text: uqc avhscl ucteqcl xlctwa",the silver teacher dreams,Cipher,unknown_query_chars
420d5352,"In Alice's Wonderland, a secret set of transformation rules is applied to equations. Below are a few examples:
>'*'] = )])
''`#] = ]#
#>{>( = |)>)
}?{') = >(#>
Now, determine the result for: ]]*?)",&?,Equation,length_mismatch
422bc5b4,"In Alice's Wonderland, a secret set of transformation rules is applied to equations. Below are a few examples:
29]10 = 2910
51`33 = 1683
53&60 = 7
Now, determine the result for: 80&87",7,Equation,length_mismatch
423cc0d5,"In Alice's Wonderland, secret encryption rules are used on text. Here are some examples:
qtfdzkt dxzgpq tiz pgeubgj bxwqtgj -> student dreams the magical crystal
gjubz rxutzq tiz qujhzx egxdzk -> alice writes the silver garden
tfxtjz rgtbizq tiz iuddzk lyxzqt -> turtle watches the hidden forest
cuke qzzq gxyfkd rykdzxjgkd -> king sees around wonderland
tiz pwqtzxuyfq dxgeyk xzgdq -> the mysterious dragon reads
Now, decrypt the following text: cuke lyjjyrq tiz byjyxlfj afssjz",king follows the colorful puzzle,Cipher,unknown_query_chars
4245e455,"In Alice's Wonderland, a secret set of transformation rules is applied to equations. Below are a few examples:
98-22 = -76
34+43 = 87
66-43 = -23
45-35 = -1
39-49 = -1
Now, determine the result for: 49-56",-92,Equation,length_mismatch
424b50d1,"In Alice's Wonderland, a secret set of transformation rules is applied to equations. Below are a few examples:
@|*|& = |{`%
]>+>& = `>|
&%+`> = `{{
`/*|{ = |&{
\/-\\ = -`
Now, determine the result for: %/*@@",/]|&,Equation,length_mismatch
42553fde,"In Alice's Wonderland, a secret set of transformation rules is applied to equations. Below are a few examples:
16?21 = 37
48?06 = 441
12!65 = 6711
Now, determine the result for: 04?73",77,Equation,length_mismatch
42691ce6,"In Alice's Wonderland, secret encryption rules are used on text. Here are some examples:
fbm inkwgnu tfxdmsf cmndt -> the magical student reads
bnffmc vexsd ncexsd felmc -> hatter found around tower
tfxdmsf winkwsmt fbm irtfmcwext tfecr -> student imagines the mysterious story
dcnkes vexsd fbcexkb hnuumr -> dragon found through valley
Now, decrypt the following text: lwjncd vexsd fbm tmgcmf qefwes",wizard found the secret potion,Cipher,unknown_query_chars
427ba852,"In Alice's Wonderland, a secret set of transformation rules is applied to equations. Below are a few examples:
16+65 = 711
56+45 = 911
66*55 = 5566
96*41 = 4196
67-34 = 33
Now, determine the result for: 14*22",2214,Equation,length_mismatch
427d5643,"In Alice's Wonderland, secret encryption rules are used on text. Here are some examples:
fevcb blpertbu fdrxb mrjwafvw -> alice explores above mountain
fevcb itvabu mbuufob -> alice writes message
qtforw qvucrxbtu ayb crertsje drrk -> dragon discovers the colorful book
Now, decrypt the following text: fevcb uajqvbu ayb uvexbt pjggeb",alice studies the silver puzzle,Cipher,unknown_query_chars
42bde66c,"In Alice's Wonderland, a secret set of transformation rules is applied to equations. Below are a few examples:
/^*#{ = #{/^
)&-#< = -(^
(^+<{ = {(
Now, determine the result for: #<+#/",>),Equation,length_mismatch
42cb233d,"In Alice's Wonderland, a secret set of transformation rules is applied to equations. Below are a few examples:
81*84 = 368
17+26 = 431
41-94 = -53
Now, determine the result for: 59+29",881,Equation,length_mismatch
42d4dcf7,"In Alice's Wonderland, a secret set of transformation rules is applied to equations. Below are a few examples:
26-31 = 01
21-49 = 01
07*65 = 0293
38-07 = 31
Now, determine the result for: 65-57",91,Equation,length_mismatch
42dd5593,"In Alice's Wonderland, secret encryption rules are used on text. Here are some examples:
wvrrql qdbezlqo rlqvoglq -> hatter explores treasure
rglreq mlqvrqo jzlqor -> turtle creates forest
rwq wcffqx orgfqxr flvyo -> the hidden student draws
pzgoq fcomztqlo rwq ycoq hzzn -> mouse discovers the wise book
pzgoq jzeezyo pcllzl -> mouse follows mirror
Now, decrypt the following text: nxcswr oqqo rwq wcffqx pqoovsq",knight sees the hidden message,Cipher,unknown_query_chars
42e06571,"In Alice's Wonderland, secret encryption rules are used on text. Here are some examples:
bhaagl jlqags mhsaxg -> hatter writes castle
aghmbgl klghfs wrkgl dhxhmg -> teacher dreams under palace
aghmbgl klghfs wrkgl fywrahqr -> teacher dreams under mountain
Now, decrypt the following text: prqcba sggs abg cyxkgr pgz",knight sees the golden key,Cipher,unknown_query_chars
42e9ad95,"In Alice's Wonderland, secret encryption rules are used on text. Here are some examples:
fxmmc qmmq aub -> queen sees map
bzhcsmqq szmuimq hc tkzmqi -> princess creates in forest
vhcd ozurq hc rkcomznuco -> king draws in wonderland
zuyyhi tknnkrq ykkv -> rabbit follows book
Now, decrypt the following text: ilm dknomc sui qmmq",the golden cat sees,Cipher,unknown_query_chars
42ebc277,"In Alice's Wonderland, secret encryption rules are used on text. Here are some examples:
qisxtovv eioufv ylo fmvyoiswjv tuvyro -> princess dreams the mysterious castle
qisxtovv odqrwiov ylo euia fuq -> princess explores the dark map
ylo trohoi yjiyro voov -> the clever turtle sees
Now, decrypt the following text: youtloi buytlov vywim",teacher watches story,Cipher,unknown_query_chars
4313506c,"In Alice's Wonderland, secret encryption rules are used on text. Here are some examples:
cny kgqxygc fcrmygc xoklxgyf -> the ancient student imagines
cny fxuwyv iryyg hduudpf -> the silver queen follows
kuxqy xoklxgyf cny quywyv qvbfcku -> alice imagines the clever crystal
mvkldg mxfqdwyvf cny fyqvyc qvbfcku -> dragon discovers the secret crystal
Now, decrypt the following text: mvkldg hdrgm cny quywyv tyb",dragon found the clever key,Cipher,unknown_query_chars
432b1110,"In Alice's Wonderland, a secret set of transformation rules is applied to equations. Below are a few examples:
]{+/] = ]{/]
/[+%\ = /[%\
@[+{@ = @[{@
%/+]% = %/]%
Now, determine the result for: \{*<?",%[:?,Equation,length_mismatch
433095b1,"In Alice's Wonderland, secret encryption rules are used on text. Here are some examples:
cxfhas pibsxjp ngajpi -> wizard studies forest
ioj oxssjm kxas sxpzgwjap -> the hidden bird discovers
cxfhas pjjp ioj cxpj thasjm -> wizard sees the wise garden
ioj kaxtoi hdxzj ajhsp -> the bright alice reads
Now, decrypt the following text: ahkkxi ngbms kjvgms igcja",rabbit found beyond tower,Cipher,unknown_query_chars
434ca68a,"In Alice's Wonderland, a secret set of transformation rules is applied to equations. Below are a few examples:
[<@<$ = %(<
](|>> = <]}(
:])}% = ][
[%|:> = <<&>
%>):] = )]$
Now, determine the result for: ]%@>%",%&&,Equation,length_mismatch
4350015c,"In Alice's Wonderland, a secret set of transformation rules is applied to equations. Below are a few examples:
57*59 = 4217
47-69 = 22
32-75 = 11
Now, determine the result for: 16*72",6461,Equation,length_mismatch
43674aea,"In Alice's Wonderland, a secret set of transformation rules is applied to equations. Below are a few examples:
>\+>& = ?!
?%-^! = -#>
^>*$? = $?^>
#!-^% = !
&!+?% = %&>
Now, determine the result for: &#+&$",}#>,Equation,length_mismatch
43837c5b,"In Alice's Wonderland, a secret set of transformation rules is applied to equations. Below are a few examples:
90^36 = 18
19*32 = 1932
15<45 = 675
54^25 = 4
Now, determine the result for: 45*72",4572,Equation,length_mismatch
43980e72,"In Alice's Wonderland, a secret set of transformation rules is applied to equations. Below are a few examples:
18:44 = 1844
71-89 = 161
96<48 = 48
56<68 = <12
90-82 = 173
Now, determine the result for: 95<31",64,Equation,length_mismatch
43ac121f,"In Alice's Wonderland, a secret set of transformation rules is applied to equations. Below are a few examples:
)(-|) = -''
]{*'| = ]{'|
]]*(\ = ]](\
)!-'| = -(
!$-|\ = )!
Now, determine the result for: \(-({",-!],Equation,length_mismatch
44398869,"In Alice's Wonderland, a secret set of transformation rules is applied to equations. Below are a few examples:
09^83 = 0243
97^26 = 8984
37^04 = 0292
77^69 = 2937
67+97 = 551
Now, determine the result for: 54^17",5913,Equation,length_mismatch
44405d5d,"In Alice's Wonderland, secret encryption rules are used on text. Here are some examples:
xly nrogyk jdyym wkrxyn -> the silver queen writes
nxdbymx wkrxyn rm grooszy -> student writes in village
xly coygyk ksttrx nxdbryn -> the clever rabbit studies
xly fszrcso sorcy ckysxyn -> the magical alice creates
Now, decrypt the following text: ksttrx clsnyn xlkadzl rnosmb",rabbit chases through island,Cipher,unknown_query_chars
446e6bc9,"In Alice's Wonderland, secret encryption rules are used on text. Here are some examples:
bkzzqv reppeou dbyuvkp -> rabbit follows crystal
uvthjgv ujju vfj fqhhjg mevqeg -> student sees the hidden potion
vfj oquj dkv dfkuju -> the wise cat chases
wqgs hbjkau heeb -> king dreams door
Now, decrypt the following text: vfj fqhhjg ltjjg bjkhu",the hidden queen reads,Cipher,unknown_query_chars
44a57762,"In Alice's Wonderland, a secret set of transformation rules is applied to equations. Below are a few examples:
57|64 = 121
49|62 = 021
77|21 = 98
Now, determine the result for: 56[71",5011,Equation,length_mismatch
44e69b7e,"In Alice's Wonderland, a secret set of transformation rules is applied to equations. Below are a few examples:
90%58 = 149
48{24 = {24
29:76 = 2204
95%35 = 131
32%84 = 117
Now, determine the result for: 83%35",119,Equation,length_mismatch
44f01279,"In Alice's Wonderland, secret encryption rules are used on text. Here are some examples:
kvaafm ehvuzu vktqsi tezvs -> rabbit chases around ocean
jkfsezuu znjbtkzu fs ytsizkbvsi -> princess explores in wonderland
csflhm umqifzu szvk tezvs -> knight studies near ocean
xtquz uzzu qsizk lvkizs -> mouse sees under garden
mzvehzk kzviu mhz ltbizs xfkktk -> teacher reads the golden mirror
Now, decrypt the following text: vbfez otbbtyu mhz ufbwzk xfkktk",alice follows the silver mirror,Cipher,unknown_query_chars
45076dc9,"In Alice's Wonderland, a secret set of transformation rules is applied to equations. Below are a few examples:
24[57 = 2457
08}95 = 12}
58^52 = 011
Now, determine the result for: 56}17",6,Equation,length_mismatch
4530aff6,"In Alice's Wonderland, a secret set of transformation rules is applied to equations. Below are a few examples:
50:68 = 18
67&89 = 156
25:32 = 7
16`47 = 753
41:76 = 35
Now, determine the result for: 12&99",111,Equation,length_mismatch
45425563,"In Alice's Wonderland, secret encryption rules are used on text. Here are some examples:
hqrry uersbi cfr amvmejqv umme -> queen dreams the colorful door
kewyarii icquwri briisxr -> princess studies message
asc uwiamnrei bsk -> cat discovers map
uesxmy icquwri cfr aqewmqi kqggvr -> dragon studies the curious puzzle
crsafre uersbi kmcwmy -> teacher dreams potion
Now, decrypt the following text: cfr fwuury fsccre dewcri",the hidden hatter writes,Cipher,unknown_query_chars
45582be0,"In Alice's Wonderland, a secret set of transformation rules is applied to equations. Below are a few examples:
17/59 = 76
73+71 = 5184
86+75 = 6451
15/46 = 61
78/98 = 176
Now, determine the result for: 68/36",104,Equation,length_mismatch
4588b3d0,"In Alice's Wonderland, secret encryption rules are used on text. Here are some examples:
xhn arwung stnng uzpmq -> the golden queen draws
xnpfhnz uznpyq gnpz vqwpgu -> teacher dreams near island
ovzu vypavgnq xhn hvuung qnfznx -> bird imagines the hidden secret
Now, decrypt the following text: yrtqn mzvxnq orrl",mouse writes book,Cipher,unknown_query_chars
45dbc1cc,"In Alice's Wonderland, a secret set of transformation rules is applied to equations. Below are a few examples:
46*53 = 0422
53-01 = -52
49+39 = 3949
Now, determine the result for: 98-63",-35,Equation,length_mismatch
45df54db,"In Alice's Wonderland, a secret set of transformation rules is applied to equations. Below are a few examples:
23-79 = 56
22+68 = 801
29-58 = 7
Now, determine the result for: 56-91",64,Equation,length_mismatch
45fa274d,"In Alice's Wonderland, secret encryption rules are used on text. Here are some examples:
pmyyq rybls mqlyr hbnnyv -> queen reads under valley
gbiiyr dkmql brkmql akmqibzq -> hatter found around mountain
fzrl dkmql brkmql dkrysi -> bird found around forest
uqzegi ogbsys syoryi -> knight chases secret
Now, decrypt the following text: fzrl lrbts igy omrzkms irybsmry",bird draws the curious treasure,Cipher,unknown_query_chars
4612258e,"In Alice's Wonderland, a secret set of transformation rules is applied to equations. Below are a few examples:
}!*)! = }!)!
>{+:) = {!
>>*@{ = >>@{
@}->/ = -[}
{#*}[ = {#}[
Now, determine the result for: )#-:@",-[!,Equation,length_mismatch
4626d641,"In Alice's Wonderland, a secret set of transformation rules is applied to equations. Below are a few examples:
"")[@? = ?@
$/%&$ = ""@
)>{""! = !&/&
/?[@) = @@@
Now, determine the result for: !/{""?","@>"")",Equation,length_mismatch
462e3277,"In Alice's Wonderland, secret encryption rules are used on text. Here are some examples:
aozwjot toznl ajo lvupot atozlfto -> teacher reads the silver treasure
ntzhxr vizhvrol gxxc -> dragon imagines book
gvtn lool vr lwjxxu -> bird sees in school
Now, decrypt the following text: aozwjot nvlwxpotl rozt bzuzwo",teacher discovers near palace,Cipher,unknown_query_chars
465a990c,"In Alice's Wonderland, a secret set of transformation rules is applied to equations. Below are a few examples:
))+$% = >\&
$[-)[ = -)
%)*)) = :>&#
Now, determine the result for: ""[-&[",:,Equation,length_mismatch
466ad340,"In Alice's Wonderland, a secret set of transformation rules is applied to equations. Below are a few examples:
^|+""^ = &/
]$+^} = `#
`#-$` = -#}
|$-|` = -&#
Now, determine the result for: `^-$#",-#$,Equation,length_mismatch
4684abe0,"In Alice's Wonderland, a secret set of transformation rules is applied to equations. Below are a few examples:
06*88 = 1825
26*35 = 7823
61+53 = 5361
Now, determine the result for: 74-86",-12,Equation,length_mismatch
468bf9fc,"In Alice's Wonderland, a secret set of transformation rules is applied to equations. Below are a few examples:
!!-`? = %\
&&->% = \?
>?-}? = >
:%-|` = &?
Now, determine the result for: !!+:!",>!%,Equation,length_mismatch
46c0e367,"In Alice's Wonderland, a secret set of transformation rules is applied to equations. Below are a few examples:
#>-#@ = }&
??+}# = }#&
[\*)) = #]@[
#)+?& = #@
Now, determine the result for: )&*[#",##[,Equation,length_mismatch
46fcfa9c,"In Alice's Wonderland, a secret set of transformation rules is applied to equations. Below are a few examples:
!>*$$ = |?|
>&+$( = >&$(
?|-&| = @[
>&+!@ = >&!@
(}-&[ = -(!
Now, determine the result for: >(-&@",-@?,Equation,length_mismatch
47366481,"In Alice's Wonderland, secret encryption rules are used on text. Here are some examples:
ldftmn snzofxs ohhb -> knight studies door
irn bxros nmbhztm nhpxb -> cat reads through tower
nmx izbfhzs lfdt ahzdo -> the curious king found
lfdt pbfnxs nbxrszbx -> king writes treasure
vbfdixss ofsihexbs snhby -> princess discovers story
Now, decrypt the following text: irn bxros vzwwcx",cat reads puzzle,Cipher,unknown_query_chars
47524987,"In Alice's Wonderland, a secret set of transformation rules is applied to equations. Below are a few examples:
<{-]/ = -|?
?}-{( = -/|
/?+<< = |]
|}+<] = ]/:
Now, determine the result for: </+|{",]?:,Equation,length_mismatch
47adbc85,"In Alice's Wonderland, secret encryption rules are used on text. Here are some examples:
ibrsu tixsguo oxvpy -> alice watches story
kprasuoo sgiouo kvxrva -> princess chases potion
kprasuoo oxelruo xgu hprmgx xpuioepu -> princess studies the bright treasure
xgu iasruax pihhrx lpuino -> the ancient rabbit dreams
Now, decrypt the following text: nveou tprxuo xgu lipc xpuioepu",mouse writes the dark treasure,Cipher,unknown_query_chars
47c1d8f5,"In Alice's Wonderland, a secret set of transformation rules is applied to equations. Below are a few examples:
{/*@] = {(
@%#]] = ]^
]^#]` = {@]
>(*^} = *}]
Now, determine the result for: /`#%`",]%],Equation,length_mismatch
47c368d8,"In Alice's Wonderland, a secret set of transformation rules is applied to equations. Below are a few examples:
13:89 = 76
66!89 = 561
32!56 = 98
Now, determine the result for: 29!56",851,Equation,length_mismatch
47c7c193,"In Alice's Wonderland, secret encryption rules are used on text. Here are some examples:
qmu rqoendu jhyru aeqkmur -> the strange mouse watches
wind aoiqur eohynb deobun -> king writes around garden
qmu dhzbun rqybunq ruur -> the golden student sees
wind ruur pyvvzu -> king sees puzzle
wnidmq thynb qmu beow kerqzu -> knight found the dark castle
Now, decrypt the following text: meqquo aoiqur qmu soidmq shhw",hatter writes the bright book,Cipher,unknown_query_chars
47d45654,"In Alice's Wonderland, secret encryption rules are used on text. Here are some examples:
ogs yhdosaeptd jeinak dssd -> the mysterious wizard sees
xecu dotkesd ogs ynuevnq vndoqs -> king studies the magical castle
gnoosa vasnosd ogs waeugo xsh -> hatter creates the bright key
ogs vtaeptd xceugo fpqqpjd -> the curious knight follows
Now, decrypt the following text: ogs dsvaso btssc vasnosd",the secret queen creates,Cipher,unknown_query_chars
47dc6570,"In Alice's Wonderland, a secret set of transformation rules is applied to equations. Below are a few examples:
79+05 = 1584
59+03 = 1582
87+37 = 5965
67+65 = 7524
51#03 = #51
Now, determine the result for: 48#26",22,Equation,length_mismatch
48194d70,"In Alice's Wonderland, a secret set of transformation rules is applied to equations. Below are a few examples:
[:*""' = [@[
:\/{^ = ^[|@
^[/@{ = :^[[
[\/'[ = '[^
Now, determine the result for: ^@/[:",^[#|,Equation,length_mismatch
482b84d2,"In Alice's Wonderland, secret encryption rules are used on text. Here are some examples:
orfj stts kxxo -> king sees book
ofrjie tqmhxgts eit jxhltf mnppht -> knight explores the golden puzzle
engeht dxnfl eit vhtutg dxgtse -> turtle found the clever forest
orfj viysts eit segyfjt lxxg -> king chases the strange door
ofrjie lgycs rf dxgtse -> knight draws in forest
Now, decrypt the following text: lgyjxf rayjrfts eit lygo aym",dragon imagines the dark map,Cipher,unknown_query_chars
482d0ff2,"In Alice's Wonderland, secret encryption rules are used on text. Here are some examples:
avgmjc elgcsy cjs egys hfrrbs -> knight writes the wise puzzle
cjs jgttsv tlqmiv uifvt -> the hidden dragon found
hlgvwsyy wjqysy qlifvt kifvcqgv -> princess chases around mountain
Now, decrypt the following text: ofssv yssy kqh",queen sees map,Cipher,unknown_query_chars
484075a4,"In Alice's Wonderland, secret encryption rules are used on text. Here are some examples:
kliiqy sgmdbrqym gxmgsq vgcylyj -> hatter discovers inside library
tgxh sylum fxsqy hlysqx -> king draws under garden
cgys sylum ikq kgssqx mqdyqi -> bird draws the hidden secret
pfqqx dklmqm mibyj -> queen chases story
Now, decrypt the following text: ikq dvqrqy ebfmq syqlem",the clever mouse dreams,Cipher,unknown_query_chars
487bcdac,"In Alice's Wonderland, secret encryption rules are used on text. Here are some examples:
rqirkh giyrhb exryxs -> turtle writes potion
eiysvhbb brqdyhb mhbbjfh -> princess studies message
jkyvh hnekxihb qsdhi oykkjfh -> alice explores under village
rqirkh vtjbhb qsdhi oykkjfh -> turtle chases under village
Now, decrypt the following text: rth mlbrhiyxqb tjrrhi dijgb",the mysterious hatter draws,Cipher,unknown_query_chars
48817fa0,"In Alice's Wonderland, a secret set of transformation rules is applied to equations. Below are a few examples:
\#]\\ = :[
@[]#& = !#
@%-%} = }\
&}]\[ = %[]
Now, determine the result for: }[?!""",##:%,Equation,length_mismatch
4895b955,"In Alice's Wonderland, a secret set of transformation rules is applied to equations. Below are a few examples:
40^13 = 1
86(19 = 8619
58{88 = 5104
99(67 = 9967
Now, determine the result for: 47(96",4796,Equation,length_mismatch
48ae115d,"In Alice's Wonderland, a secret set of transformation rules is applied to equations. Below are a few examples:
[^-\\ = (::
[`)\> = `]
>\'|` = (>@`
(:'>@ = @^:
\>)`\ = |]
Now, determine the result for: ]>']|",\[@`,Equation,length_mismatch
48c25e0e,"In Alice's Wonderland, a secret set of transformation rules is applied to equations. Below are a few examples:
82-18 = 1476
93^50 = ^43
26-61 = 1586
Now, determine the result for: 43&11",53,Equation,length_mismatch
48cd9139,"In Alice's Wonderland, secret encryption rules are used on text. Here are some examples:
ijgirc syrryqo sygcoi -> turtle follows forest
wfiicg xgcfho iwc hkoicgbyjo sygcoi -> hatter dreams the mysterious forest
iwc hkoicgbyjo pfi qgbico -> the mysterious cat writes
icfpwcg xgcfho juxcg mfgxcu -> teacher dreams under garden
eubmwi xgfqo iwc qboc mfgxcu -> knight draws the wise garden
Now, decrypt the following text: oijxcui xgcfho hft",student dreams map,Cipher,unknown_query_chars
490884a0,"In Alice's Wonderland, secret encryption rules are used on text. Here are some examples:
gspo bayel yrwka kyffai -> king reads above valley
gpsoux zwffwml raiwpe wdayp -> knight follows beyond ocean
ebyowp dbayxal xua rbsoux rwwg -> dragon creates the bright book
gspo dbayxal zwbalx -> king creates forest
Now, decrypt the following text: gpsoux zwffwml vpeab dylxfa",knight follows under castle,Cipher,unknown_query_chars
491b8ea5,"In Alice's Wonderland, a secret set of transformation rules is applied to equations. Below are a few examples:
!^+){ = |}
]/*|| = ]/||
]@-|] = !)
Now, determine the result for: @|-]!",)!,Equation,length_mismatch
4925c815,"In Alice's Wonderland, secret encryption rules are used on text. Here are some examples:
gryl tpnorkt rytrok hvtpak -> king studies inside castle
puk tkhxkp tpnokyp tpnorkt -> the secret student studies
xvddrp oxvjt nyokx fvavhk -> rabbit draws under palace
Now, decrypt the following text: gryl hxkvpkt vxwnyo whkvy",king creates around ocean,Cipher,unknown_query_chars
492fa295,"In Alice's Wonderland, secret encryption rules are used on text. Here are some examples:
qlaao srmhsoaj nafpow tpowaezmow -> queen imagines beyond wonderland
emnnsc wsjipyaej cua hpzwao rmd -> rabbit discovers the golden map
mzsia srmhsoaj meplow hmewao -> alice imagines around garden
Now, decrypt the following text: desoiajj vplow cua wmex iefjcmz",princess found the dark crystal,Cipher,unknown_query_chars
4955726d,"In Alice's Wonderland, secret encryption rules are used on text. Here are some examples:
txwhzxr vkwovaxu jlln -> teacher imagines book
tzx kwovhwy nvao rxwcu -> the magical king reads
zwttxr uxxu uxhrxt -> hatter sees secret
Now, decrypt the following text: srvahxuu uxxu tzrlfoz tlbxr",princess sees through tower,Cipher,unknown_query_chars
49578b02,"In Alice's Wonderland, a secret set of transformation rules is applied to equations. Below are a few examples:
05*63 = 1081
15+12 = 37
05-39 = -34
53*69 = 1633
Now, determine the result for: 07+22",39,Equation,length_mismatch
49699136,"In Alice's Wonderland, a secret set of transformation rules is applied to equations. Below are a few examples:
88*39 = 8839
64<16 = 80
26#12 = #14
21*72 = 2172
Now, determine the result for: 77#25",#52,Equation,length_mismatch
49743645,"In Alice's Wonderland, a secret set of transformation rules is applied to equations. Below are a few examples:
83-86 = 03
72*86 = 7381
42+25 = 67
83+05 = 88
71+73 = 45
Now, determine the result for: 99*07",1396,Equation,length_mismatch
49824755,"In Alice's Wonderland, secret encryption rules are used on text. Here are some examples:
tlh lmyyhf tqdteh ydhbcj -> the hidden turtle dreams
tlh jtdbfkh thbolhd ydhbcj -> the strange teacher dreams
dbnnmt olbjhj tlh ndmklt vqggeh -> rabbit chases the bright puzzle
Now, decrypt the following text: jtqyhft olbjhj tldrqkl urdhjt",student chases through forest,Cipher,unknown_query_chars
498d71dc,"In Alice's Wonderland, secret encryption rules are used on text. Here are some examples:
jseuzk rleknf wmb -> knight writes map
dpnns ngbqhlnf anxhsi veqqmun -> queen explores beyond village
zmkknl fkpienf kzn imlj omfkqn -> hatter studies the dark castle
mqeon fkpienf mlhpsi honms -> alice studies around ocean
Now, decrypt the following text: kzn ohqhltpq whpfn rmkoznf",the colorful mouse watches,Cipher,unknown_query_chars
49919931,"In Alice's Wonderland, a secret set of transformation rules is applied to equations. Below are a few examples:
78:29 = 4008
04*01 = 0
02:18 = 0261
Now, determine the result for: 42*59",32,Equation,length_mismatch
49ac9daf,"In Alice's Wonderland, a secret set of transformation rules is applied to equations. Below are a few examples:
75*17 = 921
18+32 = 85
07'05 = 0053
89+73 = 16
Now, determine the result for: 64*52",27,Equation,length_mismatch
49b244e3,"In Alice's Wonderland, secret encryption rules are used on text. Here are some examples:
mvl kreasrj rjasl lfyjbclz -> the magical alice explores
vrmmlc obnhx mvl kpzmlcabnz kry -> hatter found the mysterious map
ihaevm zmnxalz gbbi -> knight studies book
crggam zllz mvl sncabnz mclrzncl -> rabbit sees the curious treasure
Now, decrypt the following text: iahe trmsvlz mvl gcaevm scpzmrj",king watches the bright crystal,Cipher,unknown_query_chars
49bc1b7b,"In Alice's Wonderland, a secret set of transformation rules is applied to equations. Below are a few examples:
89`47 = 2527
05]86 = ]81
38[48 = 861
11]68 = ]57
Now, determine the result for: 88[79",681,Equation,length_mismatch
49f6975c,"In Alice's Wonderland, secret encryption rules are used on text. Here are some examples:
tvzmcq vlztp ual ihpulvxcdp uvlzpdvl -> dragon reads the mysterious treasure
ual bvxmau icdpl txpjcrlvp -> the bright mouse discovers
pudtlqu jvlzulp blhcqt rzsslh -> student creates beyond valley
Now, decrypt the following text: gxqm pudtxlp uavcdma icdquzxq",king studies through mountain,Cipher,unknown_query_chars
49f6ba46,"In Alice's Wonderland, a secret set of transformation rules is applied to equations. Below are a few examples:
#{&'\ = )!{
`)&)) = )\{
`)@[{ = `)[{
Now, determine the result for: )>&'!",``,Equation,length_mismatch
4a02017f,"In Alice's Wonderland, a secret set of transformation rules is applied to equations. Below are a few examples:
""""-[: = ?
[/-&[ = -@""
/[-&"" = [/
Now, determine the result for: #?+'""",'&},Equation,length_mismatch
4a0a0c84,"In Alice's Wonderland, secret encryption rules are used on text. Here are some examples:
xeoxuy ywsutoyb xfoterf lkuuyc -> turtle explores through valley
kujdy vtuutqb gyc -> alice follows key
xfy bydoyx qjnkoi vtemi -> the secret wizard found
Now, decrypt the following text: qjnkoi qojxyb pks",wizard writes map,Cipher,unknown_query_chars
4a0dd54e,"In Alice's Wonderland, secret encryption rules are used on text. Here are some examples:
paiiow xwoaioc ipo nwjepi iwoacfwo -> hatter creates the bright treasure
ioaxpow jyaejhoc ipo yaejxaq gos -> teacher imagines the magical key
ciftohi ciftjoc ipo ciwaheo yaz -> student studies the strange map
ufooh tjcxlmowc zfrrqo -> queen discovers puzzle
njwt twoayc blwoci -> bird dreams forest
Now, decrypt the following text: twaelh twakc anlmo jcqaht",dragon draws above island,Cipher,unknown_query_chars
4a1d0740,"In Alice's Wonderland, secret encryption rules are used on text. Here are some examples:
hgto pgauzjmna ycm cgppmt egnnzn -> king discovers the hidden mirror
ycm ayndtom bngtumaa pgauzjmna -> the strange princess discovers
ndwwgy pgauzjmna tmdn fgwndns -> rabbit discovers near library
Now, decrypt the following text: kxmmt pndqa ycnzxoc qztpmnfdtp",queen draws through wonderland,Cipher,unknown_query_chars
4a30dd44,"In Alice's Wonderland, secret encryption rules are used on text. Here are some examples:
ipc pdbbcl mfoodi tfiupcw -> the hidden rabbit watches
fxduc tmdicw bnnm -> alice writes door
ipc unxnmkhx jdlv dqfvdlcw -> the colorful king imagines
Now, decrypt the following text: mfoodi upfwcw rhzzxc",rabbit chases puzzle,Cipher,unknown_query_chars
4a4fc4db,"In Alice's Wonderland, secret encryption rules are used on text. Here are some examples:
rsm yvjzmvr tnipm jsypmp -> the ancient mouse chases
gvzesr jkmyrmp yhnqm zpxyvc -> knight creates above island
rsm szccmv rikrxm mldxnkmp -> the hidden turtle explores
rsm jxmqmk tnipm priczmp -> the clever mouse studies
ozbykc ckyop zvpzcm qzxxyem -> wizard draws inside village
Now, decrypt the following text: rmyjsmk ckmytp hmfnvc onvcmkxyvc",teacher dreams beyond wonderland,Cipher,unknown_query_chars
4a550d12,"In Alice's Wonderland, secret encryption rules are used on text. Here are some examples:
wvttyj pyqzbofwq jcf zlwyblq xvi -> rabbit discovers the curious map
mlffr hvjzcfq ilssuf -> queen watches puzzle
jcf xeqjfwyblq vuyzf zwfvjfq -> the mysterious alice creates
hysvwp pwvhq tbbd -> wizard draws book
Now, decrypt the following text: jcf qfzwfj hysvwp yxvayrfq",the secret wizard imagines,Cipher,unknown_query_chars
4a569495,"In Alice's Wonderland, a secret set of transformation rules is applied to equations. Below are a few examples:
52-27 = -74
02+79 = 611
13*13 = 1313
Now, determine the result for: 53+04",47,Equation,length_mismatch
4a573530,"In Alice's Wonderland, secret encryption rules are used on text. Here are some examples:
ujq suocirq bldcox xocbs -> the strange wizard draws
uqcejqo qmkvpoqs tpoqsu -> teacher explores forest
uqcejqo xocbs eonsucv -> teacher draws crystal
Now, decrypt the following text: ecu tpvvpbs yloopo",cat follows mirror,Cipher,unknown_query_chars
4a8eafe3,"In Alice's Wonderland, a secret set of transformation rules is applied to equations. Below are a few examples:
65+27 = 921
02*91 = 183
84*44 = 3112
82+62 = 55
Now, determine the result for: 95*68",5705,Equation,length_mismatch
4aa837c4,"In Alice's Wonderland, secret encryption rules are used on text. Here are some examples:
jgk xromqrf vmyl phffhea -> the magical bird follows
symnqkaa lmaqhdkya xrs -> princess discovers map
jgk qiymhia jkrqgky eymjka -> the curious teacher writes
jgk lryc emtryl lmaqhdkya -> the dark wizard discovers
jkrqgky lmaqhdkya jgyhiog drffkw -> teacher discovers through valley
Now, decrypt the following text: jgk qiymhia symnqkaa kzsfhyka",the curious princess explores,Cipher,unknown_query_chars
4aabfc3b,"In Alice's Wonderland, a secret set of transformation rules is applied to equations. Below are a few examples:
03*61 = 64
05*84 = 89
27""97 = 8865
Now, determine the result for: 31*85",17,Equation,length_mismatch
4abe4a51,"In Alice's Wonderland, secret encryption rules are used on text. Here are some examples:
xmn ysbxprkwb akl -> cat discovers key
nhk bsurkw asqv ysbxprkwb -> the silver king discovers
eswy ywmjb akl -> bird draws key
Now, decrypt the following text: iwsqxkbb jmnxhkb nhk ewsvhn omi",princess watches the bright map,Cipher,unknown_query_chars
4ad6f14b,"In Alice's Wonderland, secret encryption rules are used on text. Here are some examples:
qjw fpnxopc bpyyxq xfpnxkwd -> the magical rabbit imagines
dqirwkq rbptd qjw txdw rggb -> student draws the wise door
eiwwk bwprd qjw ocwlwb hgqxgk -> queen reads the clever potion
jpqqwb dqirxwd fph -> hatter studies map
Now, decrypt the following text: yxbr ugikr xk tgkrwbcpkr",bird found in wonderland,Cipher,unknown_query_chars
4aeed935,"In Alice's Wonderland, a secret set of transformation rules is applied to equations. Below are a few examples:
24*74 = 7424
75+78 = 7875
31+96 = 9631
07-19 = -12
Now, determine the result for: 55*14",1455,Equation,length_mismatch
4af42bde,"In Alice's Wonderland, secret encryption rules are used on text. Here are some examples:
kseft vbhftf dbt kzfdtwpsef fdswz -> mouse chases the mysterious story
dbt vrtctw jplhwi jwpdtf -> the clever wizard writes
jplhwi osrrsjf gsdpsm -> wizard follows potion
dbt ihwn ypwi wthif -> the dark bird reads
Now, decrypt the following text: vhd osemi dbt khapvhr ahwitm",cat found the magical garden,Cipher,unknown_query_chars
4b257a7e,"In Alice's Wonderland, secret encryption rules are used on text. Here are some examples:
nlot qolgpr larltp idotpa -> bird writes inside garden
edggpo opdtr gep suzuoyhz yuoprg -> hatter reads the colorful forest
vlai yuhat bloouo -> king found mirror
gep bdilsdz vlai topdbr -> the magical king dreams
khppa yuzzuqr vpf -> queen follows key
Now, decrypt the following text: vlai todqr dnump sdrgzp",king draws above castle,Cipher,unknown_query_chars
4b68c0aa,"In Alice's Wonderland, secret encryption rules are used on text. Here are some examples:
ewig xyuzk pby gnhzyi fnpwni -> king reads the golden potion
pqxphy vxyupyk pxyukqxy -> turtle creates treasure
xusswp vxyupyk iyux kvbnnh -> rabbit creates near school
Now, decrypt the following text: ewig yrfhnxyk twxxnx",king explores mirror,Cipher,unknown_query_chars
4b70414e,"In Alice's Wonderland, a secret set of transformation rules is applied to equations. Below are a few examples:
35+44 = 79
41#55 = 967
07<13 = 93<
19+14 = 231
06#21 = 917
Now, determine the result for: 48#83",1913,Equation,length_mismatch
4b7c076e,"In Alice's Wonderland, a secret set of transformation rules is applied to equations. Below are a few examples:
`/)$@ = #&$
$]^&` = &/`""
&`*]# = *#$
#])$` = @""$
Now, determine the result for: #]){$",#{$,Equation,length_mismatch
4bb8c6cd,"In Alice's Wonderland, a secret set of transformation rules is applied to equations. Below are a few examples:
`!-|: = -]!
]/-]: = `
'`-\' = -`/
]`+\| = ]`\|
]^-|/ = -`|
Now, determine the result for: ]}*\!",]}\!,Equation,length_mismatch
4bc2ac16,"In Alice's Wonderland, secret encryption rules are used on text. Here are some examples:
ndybuett dexot lce teudel sxn -> princess reads the secret map
wbygcl rdylet nqppve -> knight writes puzzle
uxl fiqbo uxtlve -> cat found castle
lce cyooeb wbygcl rxlucet -> the hidden knight watches
Now, decrypt the following text: dxjjyl odexst lce xbuyebl sxn",rabbit dreams the ancient map,Cipher,unknown_query_chars
4bc6e6b5,"In Alice's Wonderland, a secret set of transformation rules is applied to equations. Below are a few examples:
16/70 = 6
59$26 = 1535
31/58 = 27
11/98 = 10
23+49 = 72
Now, determine the result for: 31+36",67,Equation,length_mismatch
4be63499,"In Alice's Wonderland, secret encryption rules are used on text. Here are some examples:
cgl thny ohc rcftslr -> the dark cat studies
cgl rsuiln clhogln rcftslr -> the silver teacher studies
yswa onlhclr wlhn pknlrc -> king creates near forest
Now, decrypt the following text: qfllw pkfwt swrstl isuuhal",queen found inside village,Cipher,unknown_query_chars
4bfd095a,"In Alice's Wonderland, a secret set of transformation rules is applied to equations. Below are a few examples:
{%*)) = )){
)/*/"" = [^^{
)""-\[ = -\\
{)*[{ = \\@
Now, determine the result for: @/*[@",{<<<,Equation,length_mismatch
4c1962eb,"In Alice's Wonderland, secret encryption rules are used on text. Here are some examples:
kzxl qyjjyfb vtlex udjdae -> bird follows under palace
ado qyvtl oge myjlet sebbdme -> cat found the golden message
ovxoje fdoageb oge beaxeo uyozyt -> turtle watches the secret potion
gdooex axedoeb oge gzllet sdu -> hatter creates the hidden map
Now, decrypt the following text: oedagex lxedsb axhbodj",teacher dreams crystal,Cipher,unknown_query_chars
4c19c1cb,"In Alice's Wonderland, a secret set of transformation rules is applied to equations. Below are a few examples:
76?45 = 8163
72?62 = 207
91&14 = 9114
Now, determine the result for: 35?09",0774,Equation,length_mismatch
4c57a53f,"In Alice's Wonderland, a secret set of transformation rules is applied to equations. Below are a few examples:
67[45 = [22
25?33 = 59
16?36 = 53
17[87 = [70
Now, determine the result for: 37[33",[4,Equation,length_mismatch
4c6cf9d9,"In Alice's Wonderland, a secret set of transformation rules is applied to equations. Below are a few examples:
58*34 = 24
41`35 = 86
53`27 = 801
29*25 = 04
Now, determine the result for: 29*65",63,Equation,length_mismatch
4c7ed129,"In Alice's Wonderland, secret encryption rules are used on text. Here are some examples:
ncpqtr huzidf froua -> knight dreams story
tirrzu fzzf rtz tphhzc dzffiqz -> hatter sees the hidden message
jpmiuh huzidf rtz tphhzc wymmxz -> wizard dreams the hidden puzzle
Now, decrypt the following text: rtz eyupoyf fryhzcr etifzf",the curious student chases,Cipher,unknown_query_chars
4cb5e927,"In Alice's Wonderland, a secret set of transformation rules is applied to equations. Below are a few examples:
37/18 = 665
88:71 = 159
25-97 = -72
Now, determine the result for: 69-49",-20,Equation,length_mismatch
4ccc4137,"In Alice's Wonderland, secret encryption rules are used on text. Here are some examples:
iwb nerqg bmy phdbyflerd iwdbjy -> cat found the mysterious castle
bmy dbfwqcy tflqiydd kflbyd -> the strange princess writes
mwbbyf ifywbyd bfywdrfy -> hatter creates treasure
Now, decrypt the following text: perdy yztjefyd vyheqg keqgyfjwqg",mouse explores beyond wonderland,Cipher,unknown_query_chars
4cec672c,"In Alice's Wonderland, secret encryption rules are used on text. Here are some examples:
kglkfm ommo pgaafm -> turtle sees puzzle
zjxtuk ieksumo kulqgtu dqgjkexj -> knight watches through mountain
zjxtuk ommo jmel weffmn -> knight sees near valley
kum sfmwml uekkml sueomo -> the clever hatter chases
Now, decrypt the following text: plxjsmoo lmeho pqkxqj",princess reads potion,Cipher,unknown_query_chars
4cf073bf,"In Alice's Wonderland, a secret set of transformation rules is applied to equations. Below are a few examples:
93+01 = 94
19^33 = 1933
04^26 = 0426
Now, determine the result for: 02+06",08,Equation,length_mismatch
4d04ce0c,"In Alice's Wonderland, a secret set of transformation rules is applied to equations. Below are a few examples:
`[>`\ = (}#}
:#&?' = ]'
(]>\\ = (##(
\#>?' = ?#'#
Now, determine the result for: ?(&[}",&:?,Equation,length_mismatch
4d1ae327,"In Alice's Wonderland, a secret set of transformation rules is applied to equations. Below are a few examples:
96&97 = &01
44+52 = 96
19&76 = 42
99&84 = 15
52?12 = 625
Now, determine the result for: 22&64",&42,Equation,length_mismatch
4d39d098,"In Alice's Wonderland, a secret set of transformation rules is applied to equations. Below are a few examples:
94+92 = 97
92+66 = 69
12*99 = 9702
67-32 = -35
34*71 = 137
Now, determine the result for: 96*36",7434,Equation,length_mismatch
4d714623,"In Alice's Wonderland, a secret set of transformation rules is applied to equations. Below are a few examples:
95""84 = 179
67""31 = 98
20""12 = 32
11""91 = 102
64:52 = 6452
Now, determine the result for: 57""50",107,Equation,length_mismatch
4d71da81,"In Alice's Wonderland, secret encryption rules are used on text. Here are some examples:
efl cirl biqz ofkrlr -> the wise bird chases
retzlxe zqlkar aiqqpq -> student dreams mirror
vxisfe ckeoflr kqptxz okregl -> knight watches around castle
vxisfe oqlkelr efl cirl ypeipx -> knight creates the wise potion
Now, decrypt the following text: cidkqz cqielr efl bqisfe oqnrekg",wizard writes the bright crystal,Cipher,unknown_query_chars
4d81ccf0,"In Alice's Wonderland, secret encryption rules are used on text. Here are some examples:
ebssa icsqfsl hsr -> queen creates key
yqffsc csqkl pqm -> hatter reads map
qotis lfbktsl fys lsicsf hsr -> alice studies the secret key
cqggtf kcsqpl fys ltonsc pqm -> rabbit dreams the silver map
Now, decrypt the following text: fsqiysc kcsqpl fys prlfsctvbl gvvh",teacher dreams the mysterious book,Cipher,unknown_query_chars
4d8bcaa8,"In Alice's Wonderland, secret encryption rules are used on text. Here are some examples:
tkeez qgknmeq guexqkue -> queen studies treasure
xamje jixqeq gie ymqe hxunez -> alice chases the wise garden
qgknezg nuxyq zexu wxaxje -> student draws near palace
tkeez qeeq deo -> queen sees key
jxg nuexrq reqqxhe -> cat dreams message
Now, decrypt the following text: ixggeu qeeq xbfse smaaxhe",hatter sees above village,Cipher,unknown_query_chars
4d8df95b,"In Alice's Wonderland, a secret set of transformation rules is applied to equations. Below are a few examples:
/:-%( = -""^
(?-^/ = -/""
^/*@! = ^)(/
Now, determine the result for: ??-??",),Equation,length_mismatch
4d8f8111,"In Alice's Wonderland, a secret set of transformation rules is applied to equations. Below are a few examples:
98+78 = 7898
77-93 = 83
42-23 = 8
42*09 = 0612
92+63 = 6392
Now, determine the result for: 01+76",7601,Equation,length_mismatch
4d92de08,"In Alice's Wonderland, a secret set of transformation rules is applied to equations. Below are a few examples:
03]36 = 39
13#44 = 4631
57]28 = 751
04<42 = 61
Now, determine the result for: 15#81",819,Equation,length_mismatch
4dbec546,"In Alice's Wonderland, a secret set of transformation rules is applied to equations. Below are a few examples:
61-22 = -6
51+72 = 24
63*47 = 4763
18*63 = 6318
08*67 = 6708
Now, determine the result for: 06+65",611,Equation,length_mismatch
4dcc1844,"In Alice's Wonderland, a secret set of transformation rules is applied to equations. Below are a few examples:
17*71 = 87
63$50 = 13
85$33 = 52
28$92 = $64
69&17 = 6917
Now, determine the result for: 63*21",83,Equation,length_mismatch
4dcd1b40,"In Alice's Wonderland, a secret set of transformation rules is applied to equations. Below are a few examples:
@{`#@ = ]#
!{<{"" = ##@
}@\}} = }^)@
""""\!: = }#]#
}}`)! = `{@
Now, determine the result for: }:`]""",`:{,Equation,length_mismatch
4dd131c2,"In Alice's Wonderland, secret encryption rules are used on text. Here are some examples:
fvh sqhahb gdbw uhhu -> the clever bird sees
viffhb bhiwu fvh wibn uflbj -> hatter reads the dark story
biggdf wbiou fvh ufbiyph zdbblb -> rabbit draws the strange mirror
Now, decrypt the following text: fvh slqlbkrq wbiply dzipdyhu",the colorful dragon imagines,Cipher,unknown_query_chars
4dd98412,"In Alice's Wonderland, secret encryption rules are used on text. Here are some examples:
lbxuwgkk mbgovk tdg kxipgb woktig -> princess dreams the silver castle
quxjdt fotwdgk ugob wopg -> knight watches near cave
tdg ktboujg tgowdgb mbofk -> the strange teacher draws
Now, decrypt the following text: mbojsu fotwdgk jobmgu",dragon watches garden,Cipher,unknown_query_chars
4ddff177,"In Alice's Wonderland, secret encryption rules are used on text. Here are some examples:
gazyko tfrxdc confv -> knight dreams story
gzay bnwwnlc yxftra -> king follows garden
okr ihfznhc cohtrao tfxlc -> the curious student draws
cohtrao ifrxorc xpnsr szwwxyr -> student creates above village
Now, decrypt the following text: qhrra frxtc okfnhyk nirxa",queen reads through ocean,Cipher,unknown_query_chars
4de466bf,"In Alice's Wonderland, a secret set of transformation rules is applied to equations. Below are a few examples:
<$&^> = @@<
<^|<@ = @$$^
/[&:/ = @::
Now, determine the result for: @>&</",^[,Equation,length_mismatch
4df01584,"In Alice's Wonderland, a secret set of transformation rules is applied to equations. Below are a few examples:
07+04 = 0407
62-71 = 9
44-43 = 01
Now, determine the result for: 35+19",1935,Equation,length_mismatch
4e1a4d0e,"In Alice's Wonderland, secret encryption rules are used on text. Here are some examples:
lissx smbvghsp knhhgh -> queen explores mirror
ocs pnvesh kgips fhsuosp -> the silver mouse creates
kgips pssp knhhgh -> mouse sees mirror
Now, decrypt the following text: whutgx juofcsp ochgitc aghspo",dragon watches through forest,Cipher,unknown_query_chars
4e28b132,"In Alice's Wonderland, a secret set of transformation rules is applied to equations. Below are a few examples:
>@%): = /#>
/]?)# = :)}
/)&#@ = }
'#&)> = ''
Now, determine the result for: //%>:",:},Equation,length_mismatch
4e5fa95b,"In Alice's Wonderland, a secret set of transformation rules is applied to equations. Below are a few examples:
93(51 = 4744
44(82 = 3609
13(26 = 339
49+81 = 32
84?47 = 131
Now, determine the result for: 27?59",86,Equation,length_mismatch
4e67b066,"In Alice's Wonderland, a secret set of transformation rules is applied to equations. Below are a few examples:
&""*{! = <))!
(&-`^ = ""(
)<-)( = )(
&""+""` = @`{
Now, determine the result for: `^-@(",-{^,Equation,length_mismatch
4e7d1773,"In Alice's Wonderland, a secret set of transformation rules is applied to equations. Below are a few examples:
^|+'"" = \{:
?:<^\ = $""
\^%@: = %|@
@^+{^ = ?:""$
'?+@? = '|'?
Now, determine the result for: ^\+$:",^:?:,Equation,length_mismatch
4e7e64a2,"In Alice's Wonderland, a secret set of transformation rules is applied to equations. Below are a few examples:
?%)%< = |%
>')?$ = $%
>|)!$ = ?>&
''""'$ = $$?
&`)|$ = ?'?
Now, determine the result for: ?>""!>",?&?%,Equation,length_mismatch
4e840a1a,"In Alice's Wonderland, a secret set of transformation rules is applied to equations. Below are a few examples:
58*93 = 152
26*21 = 48
56*65 = 122
Now, determine the result for: 15+53",38,Equation,length_mismatch
4e8982d6,"In Alice's Wonderland, a secret set of transformation rules is applied to equations. Below are a few examples:
|@+/@ = ""|
:\*/? = /|:?
:\-@/ = -::
?@-@/ = -/]
Now, determine the result for: ]]+?]",/@:,Equation,length_mismatch
4ed6b56f,"In Alice's Wonderland, a secret set of transformation rules is applied to equations. Below are a few examples:
`'+:' = (`]
]:*}> = !""(/
:}*:' = :/(/
>]-(( = '!
Now, determine the result for: !:*`(","(""/""",Equation,length_mismatch
4f06e1c0,"In Alice's Wonderland, a secret set of transformation rules is applied to equations. Below are a few examples:
79*29 = 2979
12*65 = 6512
47*03 = 0347
Now, determine the result for: 07+38",351,Equation,length_mismatch
4f0b3c51,"In Alice's Wonderland, secret encryption rules are used on text. Here are some examples:
yjligjw dwlqp osdjw mlwdjs -> teacher draws under garden
ygj ifjvjw rszmgy iglpjp -> the clever knight chases
xwzsijpp juxfkwjp lwkosd mlwdjs -> princess explores around garden
lfzij iwjlyjp iwcpylf -> alice creates crystal
ily bkosd ygj pzfvjw hzwwkw -> cat found the silver mirror
Now, decrypt the following text: aojjs dwlqp ygj pywlsmj ilpyfj",queen draws the strange castle,Cipher,unknown_query_chars
4f0e0273,"In Alice's Wonderland, a secret set of transformation rules is applied to equations. Below are a few examples:
64*49 = 4234
01{83 = 8
33@74 = 08
87{78 = 9
Now, determine the result for: 36*53",5022,Equation,length_mismatch
4f2351e5,"In Alice's Wonderland, a secret set of transformation rules is applied to equations. Below are a few examples:
<@""<' = )|[`
&<""&< = &^|[
|`""&@ = |<&}
&&{|[ = `<
Now, determine the result for: [[\})",<`,Equation,length_mismatch
4f660f4b,"In Alice's Wonderland, a secret set of transformation rules is applied to equations. Below are a few examples:
86[91 = 2921
33\14 = 37
94`42 = 52
41\69 = 901
Now, determine the result for: 76[86",6554,Equation,length_mismatch
4f68fa80,"In Alice's Wonderland, secret encryption rules are used on text. Here are some examples:
godpvq qvuphm hummpxu -> wizard dreams message
ayuui tvupeum qrrv -> queen creates door
ezu qpvl jovq ohpxoium -> the dark bird imagines
ezu qpvl tpe kryiq -> the dark cat found
qvpxri vupqm ezu xrsqui xpvqui -> dragon reads the golden garden
Now, decrypt the following text: godpvq meyqoum ezu gomu fyddsu",wizard studies the wise puzzle,Cipher,unknown_query_chars
4f79d075,"In Alice's Wonderland, secret encryption rules are used on text. Here are some examples:
dmodxi akneie rmppxi -> turtle chases puzzle
hmiil vndakie dki zbxjil tieenzi -> queen watches the golden message
dki abxbocmx dmodxi cbmlj -> the colorful turtle found
hmiil cbmlj dki amoybme aofednx -> queen found the curious crystal
Now, decrypt the following text: nxyai jointe yleyji xyuonof",alice dreams inside library,Cipher,unknown_query_chars
4f8571a3,"In Alice's Wonderland, secret encryption rules are used on text. Here are some examples:
aovzbs krrk porvkdor -> dragon sees treasure
evp kpdaxrk ptr woxztp gborkp -> cat studies the bright forest
hxsz eorvprk ptr kreorp qduunr -> king creates the secret puzzle
hxsz xcvzxsrk ptr edoxbdk kreorp -> king imagines the curious secret
Now, decrypt the following text: hxsz gbnnbfk ptobdzt jxnnvzr",king follows through village,Cipher,unknown_query_chars
4f8da43f,"In Alice's Wonderland, a secret set of transformation rules is applied to equations. Below are a few examples:
83>28 = 021
77'32 = 1771
99'39 = 7029
87>16 = 931
Now, determine the result for: 82>63",46,Equation,length_mismatch
4fbbafe5,"In Alice's Wonderland, secret encryption rules are used on text. Here are some examples:
cgqhrl eiie hrmkfl cmflirphfl -> wizard sees around wonderland
rhddgv nmppmce kflir ohevpi -> rabbit follows under castle
vzi cgei zhvvir evklgie -> the wise hatter studies
ugft gahtgfie vzrmktz ohji -> king imagines through cave
Now, decrypt the following text: ykiif eiie gfegli vmcir",queen sees inside tower,Cipher,unknown_query_chars
4fd29059,"In Alice's Wonderland, a secret set of transformation rules is applied to equations. Below are a few examples:
[[+'% = [{
%%-'% = -%
}:-!{ = -(%
{(-:] = -%(
Now, determine the result for: :[*':",'%%[,Equation,length_mismatch
4fe27d76,"In Alice's Wonderland, secret encryption rules are used on text. Here are some examples:
ydvvco scpitlbyp ntybpo -> rabbit discovers forest
mczu iybdobp ogb pbiybo idpokb -> king creates the secret castle
eyczibpp sybdqp dvtlb kcvydyr -> princess dreams above library
hwbbz igdpbp ogb itktynwk qde -> queen chases the colorful map
mczu ybdsp ogytwug qtwzodcz -> king reads through mountain
Now, decrypt the following text: ogb pbiybo acfdys ybdsp",the secret wizard reads,Cipher,unknown_query_chars
4ff92c73,"In Alice's Wonderland, a secret set of transformation rules is applied to equations. Below are a few examples:
33-91 = 41
32-33 = 01
31*13 = 204
82*28 = 5922
Now, determine the result for: 75-38",62,Equation,length_mismatch
5039d1a0,"In Alice's Wonderland, a secret set of transformation rules is applied to equations. Below are a few examples:
64*44 = 3202
21*84 = 575
64*69 = 5144
28-18 = 1
Now, determine the result for: 06+08",041,Equation,length_mismatch
5045ed9a,"In Alice's Wonderland, secret encryption rules are used on text. Here are some examples:
ctskng cywpnxftw qlf pufxft ptvwqsu -> dragon discovers the clever crystal
jtygpfww ctfsmw mfwwskf -> princess dreams message
qlf mvwqftynew jtygpfww htyqfw -> the mysterious princess writes
oygk htyqfw ofv -> king writes key
oygk ptfsqfw qlf sgpyfgq zntfwq -> king creates the ancient forest
Now, decrypt the following text: ieffg fdjuntfw pswquf",queen explores castle,Cipher,unknown_query_chars
50630ad8,"In Alice's Wonderland, a secret set of transformation rules is applied to equations. Below are a few examples:
49`94 = 9449
67`98 = 9867
03$01 = 02
37+35 = 621
59`76 = 7659
Now, determine the result for: 51$37",$85,Equation,length_mismatch
508532aa,"In Alice's Wonderland, secret encryption rules are used on text. Here are some examples:
xrpw iqmwrli xlbusw udlvs -> bird studies beyond ocean
qhl iqpvsgl pvxxrq wridunlpi -> the strange rabbit discovers
hvqqlp kuoouci qhl hrwwls elb -> hatter follows the hidden key
qhl hrwwls esrghq illi -> the hidden knight sees
esrghq cprqli ildplq -> knight writes secret
Now, decrypt the following text: tmlls illi rs fvovdl",queen sees in palace,Cipher,unknown_query_chars
50a694de,"In Alice's Wonderland, a secret set of transformation rules is applied to equations. Below are a few examples:
""#{""[ = !`!
%#)[[ = `[
[})""% = !""
["")!# = ""'
`'(["" = %[
Now, determine the result for: ]`(!!",%],Equation,length_mismatch
50a6d9d8,"In Alice's Wonderland, secret encryption rules are used on text. Here are some examples:
iweouwk okweiwp mwek pouvvs -> teacher creates near school
iuw ylpiwkqvtp kehhqi aqpovbwkp -> the mysterious rabbit discovers
esqow akenp iuw pikemgw ikweptkw -> alice draws the strange treasure
hqka okweiwp qm reseow -> bird creates in palace
Now, decrypt the following text: iuw pqsbwk hqka wxrsvkwp",the silver bird explores,Cipher,unknown_query_chars
50abdbeb,"In Alice's Wonderland, secret encryption rules are used on text. Here are some examples:
pmd ndcrdp hgddq irdutn -> the secret queen dreams
uvkcd crdupdn yoos -> alice creates book
ykri djxvordn pmd uqckdqp tkrror -> bird explores the ancient mirror
iruwoq irdutn urogqi ocduq -> dragon dreams around ocean
Now, decrypt the following text: skqw bupcmdn kq wuridq",king watches in garden,Cipher,unknown_query_chars
50adc396,"In Alice's Wonderland, a secret set of transformation rules is applied to equations. Below are a few examples:
34*06 = 0634
97+66 = 541
13*26 = 2613
16-23 = -92
Now, determine the result for: 15+88",931,Equation,length_mismatch
50adfd54,"In Alice's Wonderland, a secret set of transformation rules is applied to equations. Below are a few examples:
12*23 = 176
52-61 = 9
88*89 = 3268
Now, determine the result for: 42-18",-75,Equation,length_mismatch
50ba5396,"In Alice's Wonderland, a secret set of transformation rules is applied to equations. Below are a few examples:
\/*:"" = >/:
:""*?@ = >]>
//*&@ = }]
@\{/: = >/
\\(?? = """"@@
Now, determine the result for: }&(\""",\]]@,Equation,length_mismatch
50c066b0,"In Alice's Wonderland, secret encryption rules are used on text. Here are some examples:
kej vighjik cwvrqi uvkgejx -> the ancient dragon watches
kej gdjnjw evkkjw cwvux -> the clever hatter draws
kej uhxj kjvgejw hsvrhijx -> the wise teacher imagines
Now, decrypt the following text: wvoohk aqmic kej gqdqwamd sjxxvrj",rabbit found the colorful message,Cipher,unknown_query_chars
50c0b6f8,"In Alice's Wonderland, a secret set of transformation rules is applied to equations. Below are a few examples:
39+04 = 331
67*67 = 6767
21*56 = 5621
94+28 = 131
26-76 = 5
Now, determine the result for: 96+06",921,Equation,length_mismatch
50f8e2c0,"In Alice's Wonderland, a secret set of transformation rules is applied to equations. Below are a few examples:
14-19 = -05
35+39 = 3935
62*58 = 1122
Now, determine the result for: 31-53",-22,Equation,length_mismatch
51174a9d,"In Alice's Wonderland, a secret set of transformation rules is applied to equations. Below are a few examples:
$')|$ = )'\
'[)[/ = [`
||^/$ = ||/$
Now, determine the result for: $|}||",[/<,Equation,length_mismatch
51181706,"In Alice's Wonderland, a secret set of transformation rules is applied to equations. Below are a few examples:
[|*|) = ?'[[
?\->' = ??
[$*>| = >?/\
Now, determine the result for: /\*//",'[)\,Equation,length_mismatch
5128831c,"In Alice's Wonderland, a secret set of transformation rules is applied to equations. Below are a few examples:
^&*$( = ^\\[
$(*\' = \^^|
'\-^& = [$
{^-^' = $&
Now, determine the result for: [^+{&",&[$,Equation,length_mismatch
51352792,"In Alice's Wonderland, a secret set of transformation rules is applied to equations. Below are a few examples:
)#-|( = -""#
#""+/` = <(
?`-`) = -#/
!(-?( = `
!`-""< = -(#
Now, determine the result for: ""/*|""","`""<`",Equation,length_mismatch
5144897d,"In Alice's Wonderland, a secret set of transformation rules is applied to equations. Below are a few examples:
99-66 = 6533
13:92 = 1
49|31 = 80
76|65 = 141
Now, determine the result for: 90:15",0,Equation,length_mismatch
5155003c,"In Alice's Wonderland, secret encryption rules are used on text. Here are some examples:
neotwej elgcfjes nwe tcevej gfnpfm -> teacher explores the clever potion
kpja iontwes kffd -> bird watches book
wonnej snhapes zojaem -> hatter studies garden
nwe tfcfjyhc bheem ajeoxs -> the colorful queen dreams
jokkpn iontwes nwe snjomze xessoze -> rabbit watches the strange message
Now, decrypt the following text: wonnej ajeoxs kerfma yfjesn",hatter dreams beyond forest,Cipher,unknown_query_chars
5156f5fa,"In Alice's Wonderland, secret encryption rules are used on text. Here are some examples:
mncpl qtnntzy mbters tplmr -> alice follows around ocean
sbmxtr blmsy vlu -> dragon reads key
bmddch qters hkl pnlglb dttv -> rabbit found the clever book
Now, decrypt the following text: hkl pebctey abcrplyy pblmhly",the curious princess creates,Cipher,unknown_query_chars
515ebada,"In Alice's Wonderland, secret encryption rules are used on text. Here are some examples:
xbg eagogv qyusvc cyjehogvj -> the clever wizard discovers
xbg qyjg cvslhi ydslyigj -> the wise dragon imagines
dhzjg thaahqj yi thvgjx -> mouse follows in forest
Now, decrypt the following text: sayeg ebsjgj mgkhic aymvsvk",alice chases beyond library,Cipher,unknown_query_chars
51643f4a,"In Alice's Wonderland, secret encryption rules are used on text. Here are some examples:
tkrneb bentm cuble gkiinjl -> wizard draws under village
xkuj mllm snp -> king sees map
pekuvlmm tnzvalm zaeocja mvaooi -> princess watches through school
socml velnzlm hoelmz -> mouse creates forest
tkrneb tnzvalm mzoey -> wizard watches story
Now, decrypt the following text: nikvl mzcbklm cuble ikdeney",alice studies under library,Cipher,unknown_query_chars
5164f026,"In Alice's Wonderland, secret encryption rules are used on text. Here are some examples:
nwbem hmije smih qlrrivm -> mouse reads near village
irltm fwbsj ihwbsj lerisj -> alice found around island
aslvcx emme jwwh -> knight sees door
xcm glem ybmms jhige -> the wise queen draws
xcm istlmsx plhj ghlxme -> the ancient bird writes
Now, decrypt the following text: xmitcmh tcieme xcm nuexmhlwbe xhmiebhm",teacher chases the mysterious treasure,Cipher,unknown_query_chars
518244f1,"In Alice's Wonderland, secret encryption rules are used on text. Here are some examples:
xlojrlg ywobyalh xrl tyhl qlk -> teacher imagines the wise key
xrl hyivlg jox mfiifth -> the silver cat follows
wfnhl hllh xrgfnbr xftlg -> mouse sees through tower
xrl bfizla oiyjl toxjrlh -> the golden alice watches
Now, decrypt the following text: jox zglowh effq",cat dreams book,Cipher,unknown_query_chars
5186f2d7,"In Alice's Wonderland, a secret set of transformation rules is applied to equations. Below are a few examples:
!?-?' = -""
?>)?} = !}$}
\')\' = \\'<
?>)>"" = !!$""
Now, determine the result for: }>)\?",\?!$,Equation,length_mismatch
518d8529,"In Alice's Wonderland, a secret set of transformation rules is applied to equations. Below are a few examples:
64@61 = 03
85^75 = 7585
21@05 = @83
Now, determine the result for: 91@67",@75,Equation,length_mismatch
518deb39,"In Alice's Wonderland, a secret set of transformation rules is applied to equations. Below are a few examples:
<'+<"" = (>
""'-$< = '<
(""*(< = <<!!
!$*<> = !^\
Now, determine the result for: $$-<>",$,Equation,length_mismatch
51b9d95c,"In Alice's Wonderland, secret encryption rules are used on text. Here are some examples:
geq bytq lyca tgxkyqt -> the wise king studies
geq sxjyoxt tgxkqcg tqqt -> the curious student sees
viysq woiiobt lqh -> alice follows key
geq siquqj evggqj jqvkt -> the clever hatter reads
kjvaoc tqqt xckqj uviiqh -> dragon sees under valley
Now, decrypt the following text: geq bytq moxtq tgxkyqt",the wise mouse studies,Cipher,unknown_query_chars
51c682af,"In Alice's Wonderland, secret encryption rules are used on text. Here are some examples:
zvg veqqgm xjewg gksjubgc -> the hidden alice explores
zvg ibenvz bxiiez bgxqc -> the bright rabbit reads
zvg xmwegmz zabzjg bgxqc -> the ancient turtle reads
Now, decrypt the following text: laggm cggc quub",queen sees door,Cipher,unknown_query_chars
51da0ee1,"In Alice's Wonderland, a secret set of transformation rules is applied to equations. Below are a few examples:
:!+^! = {!
:&-""^ = :}
'`*]` = '}^'
Now, determine the result for: ]]+]""",:]:,Equation,length_mismatch
51dafb5b,"In Alice's Wonderland, a secret set of transformation rules is applied to equations. Below are a few examples:
67*68 = 5356
03-99 = 96
11-81 = 7
02*14 = 918
14-35 = 21
Now, determine the result for: 86*53",9732,Equation,length_mismatch
51decb6e,"In Alice's Wonderland, secret encryption rules are used on text. Here are some examples:
isqduyjj lvmda xtsvmot irzruy -> princess found through palace
trxxys jyyj rfvwy qjzrda -> hatter sees above island
edqotx ynizvsyj xtsvmot wrzzyk -> knight explores through valley
trxxys lvmda urjxzy -> hatter found castle
Now, decrypt the following text: bqprsa jxmaqyj xty umsqvmj hqssvs",wizard studies the curious mirror,Cipher,unknown_query_chars
51f28386,"In Alice's Wonderland, secret encryption rules are used on text. Here are some examples:
kwfje bdwwdiq uoe qupkyle rdufdy -> alice follows the strange potion
apkldy apkiq zeh -> dragon draws key
uoe jdwdpbcw sceey egrwdpeq -> the colorful queen explores
Now, decrypt the following text: ifmkpa ikujoeq rcmmwe",wizard watches puzzle,Cipher,unknown_query_chars
522cc588,"In Alice's Wonderland, secret encryption rules are used on text. Here are some examples:
bkfs xftagty grt ygfaolt bnnp -> bird creates the strange book
ahkxt kdalkoty grt aoxktog ptj -> alice imagines the ancient key
qfkoxtyy enhhnuy grt ukyt ytxftg -> princess follows the wise secret
xag ftasy grt bfklrg ygnfj -> cat reads the bright story
poklrg sfauy grt xcfkncy daq -> knight draws the curious map
Now, decrypt the following text: dncyt encos otaf ikhhalt",mouse found near village,Cipher,unknown_query_chars
522f94ac,"In Alice's Wonderland, secret encryption rules are used on text. Here are some examples:
qrxxvf vircvwkm crqpkw -> rabbit imagines garden
averqp mkkm fjk avmk zrmftk -> wizard sees the wise castle
fjk rwzvkwf qrxxvf qkrpm -> the ancient rabbit reads
rtvzk pvmzbhkqm rxbhk tvxqrqg -> alice discovers above library
Now, decrypt the following text: fjk prql pqrcbw dbttbam",the dark dragon follows,Cipher,unknown_query_chars
52395e9a,"In Alice's Wonderland, a secret set of transformation rules is applied to equations. Below are a few examples:
$){#% = #'
\'|<! = !$})
'/|<\ = #/)%
Now, determine the result for: '#|</",#!%\,Equation,length_mismatch
524cb5c6,"In Alice's Wonderland, a secret set of transformation rules is applied to equations. Below are a few examples:
$?:>` = $?>`
\<:\` = \<\`
\{@)? = @$)
{`:?> = {`?>
Now, determine the result for: $>:>\",$>>\,Equation,length_mismatch
528b694b,"In Alice's Wonderland, a secret set of transformation rules is applied to equations. Below are a few examples:
@>+^\ = @@^>
]@<@\ = <')
'>+^$ = @]{)
@'<)> = "")
Now, determine the result for: >]<])","""'",Equation,length_mismatch
528ec0d8,"In Alice's Wonderland, a secret set of transformation rules is applied to equations. Below are a few examples:
38(96 = 3648
13(43 = 559
42#38 = 81
41(94 = 3854
Now, determine the result for: 11-50",-39,Equation,length_mismatch
52be4988,"In Alice's Wonderland, a secret set of transformation rules is applied to equations. Below are a few examples:
[&+/` = '!
<\-<\ = \
`|-'' = -<|
/&*?\ = &/|
//-?? = -``
Now, determine the result for: &&+&`",'!,Equation,length_mismatch
52c62a3e,"In Alice's Wonderland, a secret set of transformation rules is applied to equations. Below are a few examples:
48\75 = 72\
56\24 = 32\
62*43 = 4362
02*71 = 7102
77*33 = 3377
Now, determine the result for: 92*12",1292,Equation,length_mismatch
52d3dfa9,"In Alice's Wonderland, secret encryption rules are used on text. Here are some examples:
ztizlx xrblpixo zmx oziqswx kppi -> turtle explores the strange door
qlacx xrblpixo sxqi bqlqcx -> alice explores near palace
ysawmz ajqwasxo cieozql -> knight imagines crystal
qlacx oztkaxo zmx jeozxiapto btddlx -> alice studies the mysterious puzzle
zxqcmxi kixqjo oxcixz -> teacher dreams secret
Now, decrypt the following text: kiqwps fptsk vxepsk fpixoz",dragon found beyond forest,Cipher,unknown_query_chars
52f499f4,"In Alice's Wonderland, a secret set of transformation rules is applied to equations. Below are a few examples:
%/&'^ = &^'
$}>'@ = [^/'
@!+$[ = %!/
Now, determine the result for: /(>}@",$[^%,Equation,length_mismatch
536b705e,"In Alice's Wonderland, secret encryption rules are used on text. Here are some examples:
ahr fszursa ocrrs wukzbgryk -> the ancient queen discovers
ahr huwwrs nsuiha wukzbgryk -> the hidden knight discovers
hfaary yrfwk us tbcsafus -> hatter reads in mountain
zfa kacwurk ahr tfiuzfd krzyra -> cat studies the magical secret
juxfyw wukzbgryk ayrfkcyr -> wizard discovers treasure
Now, decrypt the following text: ahr wfyn yfqqua jyuark",the dark rabbit writes,Cipher,unknown_query_chars
536d9cca,"In Alice's Wonderland, a secret set of transformation rules is applied to equations. Below are a few examples:
)|*""< = ""]|}
]:-)[ = )}
<|*}] = <))[
&&-}: = )[
<<+<| = ]}}
Now, determine the result for: <|-]<",&',Equation,length_mismatch
538de189,"In Alice's Wonderland, secret encryption rules are used on text. Here are some examples:
lpu kcamghkv jphiks -> cat explores garden
obtphi dgrsi dghkvu -> wizard found forest
ihpjgs dgmmgov unhgrjn xbmmpjk -> dragon follows through village
unk pslbksu pmblk bfpjbskv -> the ancient alice imagines
lpu lnpvkv unk lgmghdrm vklhku -> cat chases the colorful secret
Now, decrypt the following text: ebhi kcamghkv unk fqvukhbgrv vughq",bird explores the mysterious story,Cipher,unknown_query_chars
53b48918,"In Alice's Wonderland, a secret set of transformation rules is applied to equations. Below are a few examples:
70|42 = 7042
51#94 = 4794
56#88 = 4928
22+71 = 49
Now, determine the result for: 91+10",81,Equation,length_mismatch
53bf0235,"In Alice's Wonderland, secret encryption rules are used on text. Here are some examples:
vucyi nuzzuty vbddud -> mouse follows mirror
dlhhbo kdlty bq slyozi -> rabbit draws in castle
ogi gbkkiq kdlruq tdboiy -> the hidden dragon writes
lzbsi iwjzudiy bq byzlqk -> alice explores in island
Now, decrypt the following text: aqbrgo nuzzuty jcmmzi",knight follows puzzle,Cipher,unknown_query_chars
540535a0,"In Alice's Wonderland, secret encryption rules are used on text. Here are some examples:
zgwwkv dkculnozc qoccgpo -> rabbit discovers message
bgvvoz uzogvoc vbo cvzgxpo dllz -> hatter creates the strange door
ugv oayslzoc wlle -> cat explores book
vbo wzkpbv exkpbv dkculnozc -> the bright knight discovers
vbo plsdox cvidoxv zogdc -> the golden student reads
Now, decrypt the following text: ugv uzogvoc vbo ulslzfis flzocv",cat creates the colorful forest,Cipher,unknown_query_chars
540fce84,"In Alice's Wonderland, secret encryption rules are used on text. Here are some examples:
fao bico cfjlozf pwnnwbc -> the wise student follows
eivl hamcoc ymvloz -> bird chases garden
sizy vomlc dmt -> king reads map
eivl pwnnwbc mewro ymvloz -> bird follows above garden
Now, decrypt the following text: sizy lvomdc fao eviyaf sog",king dreams the bright key,Cipher,unknown_query_chars
542800ae,"In Alice's Wonderland, secret encryption rules are used on text. Here are some examples:
uzd hkiadku umoubd dlqbgodx -> the ancient turtle explores
vgmxd fodhvx uzd caxd vaoogo -> mouse dreams the wise mirror
umoubd fodhvx uzd vhsaihb shofdk -> turtle dreams the magical garden
vgmxd dlqbgodx uzd zaffdk fggo -> mouse explores the hidden door
naks xumfadx kdho ugcdo -> king studies near tower
Now, decrypt the following text: naks faxigpdox egodxu",king discovers forest,Cipher,unknown_query_chars
54315dd1,"In Alice's Wonderland, secret encryption rules are used on text. Here are some examples:
ubjumr xqbhg uar ekmorj idw -> turtle found the silver map
fdu gkefqorje hrdj xqjreu -> cat discovers near forest
tkhl jrdge khekgr wdmdfr -> king reads inside palace
Now, decrypt the following text: fdu jrdge uar fqmqjxbm nqqt",cat reads the colorful book,Cipher,unknown_query_chars
544f0433,"In Alice's Wonderland, a secret set of transformation rules is applied to equations. Below are a few examples:
')`\! = %!?!
%/`|) = %/&!
%\*'> = ''
/\`\? = !/|?
Now, determine the result for: |'`//",/>)&,Equation,length_mismatch
5473bb28,"In Alice's Wonderland, secret encryption rules are used on text. Here are some examples:
shaqnhg khhk eagyhi -> teacher sees garden
fgtiqhkk ytkqjchgk snh ejlyhi yjjg -> princess discovers the golden door
fgtiqhkk ojlljdk snh khqghs ksjgm -> princess follows the secret story
gabbts txaetihk snh ktlchg zhm -> rabbit imagines the silver key
ygaeji dgtshk xaf -> dragon writes map
Now, decrypt the following text: xjwkh ygadk bhmjiy kqnjjl",mouse draws beyond school,Cipher,unknown_query_chars
549f5220,"In Alice's Wonderland, a secret set of transformation rules is applied to equations. Below are a few examples:
12+01 = 13
77+25 = 921
94-82 = 12
85+13 = 98
32-15 = 82
Now, determine the result for: 48*55",5548,Equation,length_mismatch
54c9bde5,"In Alice's Wonderland, a secret set of transformation rules is applied to equations. Below are a few examples:
52(28 = 79
50-78 = 5078
71\89 = \18
36-79 = 3679
87(18 = 104
Now, determine the result for: 30-64",3064,Equation,length_mismatch
54dbab41,"In Alice's Wonderland, a secret set of transformation rules is applied to equations. Below are a few examples:
$)-|` = -[$
})+)' = [}'
}]*[{ = }][{
!]-$| = '
!]*{{ = !]{{
Now, determine the result for: `$+')",|$,Equation,length_mismatch
54e8c553,"In Alice's Wonderland, a secret set of transformation rules is applied to equations. Below are a few examples:
$\#^' = #<$
'\#[< = #[]
]`*`^ = $\]
`<*\< = $[]
$""#]$ = #\<
Now, determine the result for: """"|""]",$$<<,Equation,length_mismatch
54f74901,"In Alice's Wonderland, secret encryption rules are used on text. Here are some examples:
ylh qkjh yhaclhr kuankshj -> the wise teacher imagines
rammky qrkyhj tsphr jclxxz -> rabbit writes under school
ylh jyrasnh uxtjh praqj -> the strange mouse draws
Now, decrypt the following text: ylh jhcrhy wthhs qayclhj",the secret queen watches,Cipher,unknown_query_chars
5501c054,"In Alice's Wonderland, a secret set of transformation rules is applied to equations. Below are a few examples:
'){^' = #[
""!{#^ = ^>
[#}\"" = #>
!&}"""" = ^[""
#)}'\ = ^!>
Now, determine the result for: !#$#^",[#>#,Equation,length_mismatch
550bb9ef,"In Alice's Wonderland, secret encryption rules are used on text. Here are some examples:
sbggk xwvvwio zwjewk -> queen follows potion
fwbog oggo ojwqr -> mouse sees story
fwbog mpyogo fyz -> mouse chases map
jpg ogmqgj pyjjgq ojbcego -> the secret hatter studies
iedyqc qgyco ekoecg xwqgoj -> wizard reads inside forest
Now, decrypt the following text: leqc xwvvwio ojwqr",bird follows story,Cipher,unknown_query_chars
550de4d8,"In Alice's Wonderland, secret encryption rules are used on text. Here are some examples:
moddcf rmcfqt cg thzjjn -> rabbit writes in school
rcyome mqoet cg thzjjn -> wizard reads in school
onchq rmcfqt fzq hwmcjwt bjfcjg -> alice writes the curious potion
dcme mqoet fzq hjnjmswn tfjmu -> bird reads the colorful story
onchq emqokt cg bonohq -> alice dreams in palace
Now, decrypt the following text: lcgi ckoicgqt omjwge hotfnq",king imagines around castle,Cipher,unknown_query_chars
552e14d7,"In Alice's Wonderland, a secret set of transformation rules is applied to equations. Below are a few examples:
59+94 = 9459
68+08 = 0868
14+35 = 3514
12+98 = 9812
76'52 = 24'
Now, determine the result for: 56+17",1756,Equation,length_mismatch
553b3af9,"In Alice's Wonderland, a secret set of transformation rules is applied to equations. Below are a few examples:
86%99 = 13
94+24 = 09
43%52 = 9%
87)52 = 0591
Now, determine the result for: 08%46",61%,Equation,length_mismatch
5541d35c,"In Alice's Wonderland, a secret set of transformation rules is applied to equations. Below are a few examples:
33-12 = -21
37+87 = 151
32-34 = -02
Now, determine the result for: 97*93",2803,Equation,length_mismatch
556ee87d,"In Alice's Wonderland, secret encryption rules are used on text. Here are some examples:
uweh fmyiva aycmyo -> king dreams secret
uweh fmyiva aycmyo -> king dreams secret
opy dmwhpo piooym fmyiva -> the bright hatter dreams
Now, decrypt the following text: qkyye ygbsnmya opy pwffye aycmyo",queen explores the hidden secret,Cipher,unknown_query_chars
557c54fb,"In Alice's Wonderland, secret encryption rules are used on text. Here are some examples:
hoq kdudnbwu nsjjih bdwzy -> the colorful rabbit found
suikq koslql jqadzy bdnqlh -> alice chases beyond forest
xnizkqll ynqspl hoq kdudnbwu psx -> princess dreams the colorful map
nsjjih vnihql xwffuq -> rabbit writes puzzle
Now, decrypt the following text: pdwlq qexudnql wzyqn iluszy",mouse explores under island,Cipher,unknown_query_chars
55954e3c,"In Alice's Wonderland, a secret set of transformation rules is applied to equations. Below are a few examples:
02-87 = -85
73+51 = 25
53*69 = 1633
57+97 = 451
Now, determine the result for: 39*36",0685,Equation,length_mismatch
559d4177,"In Alice's Wonderland, secret encryption rules are used on text. Here are some examples:
yvfakvl gvvg udhvl opdhvlxfdh -> teacher sees under wonderland
rlmdavgg akfgvg jmllpl -> princess chases mirror
tmde ofyakvg fcpwv opdhvlxfdh -> king watches above wonderland
hlfepd gyuhmvg jvggfev -> dragon studies message
ykv hflt tmde lvfhg -> the dark king reads
Now, decrypt the following text: lfccmy gvvg ykv jfemafx ruiixv",rabbit sees the magical puzzle,Cipher,unknown_query_chars
55bc449c,"In Alice's Wonderland, a secret set of transformation rules is applied to equations. Below are a few examples:
[<(}& = &{:
[:(!! = &&[
)}?)& = :&&}
<)-!: = -&}
Now, determine the result for: !`(&:",:<,Equation,length_mismatch
55c7342b,"In Alice's Wonderland, secret encryption rules are used on text. Here are some examples:
vgm ivltzxm vklvqm yhiobumli -> the strange turtle discovers
phetly olmtvmi vgm jsivmlhbki olsivtq -> wizard creates the mysterious crystal
vgm oqmuml otv rbqqbpi -> the clever cat follows
otv rbkzy vlmtiklm -> cat found treasure
Now, decrypt the following text: flhzomii ivkyhmi tlbkzy rblmiv",princess studies around forest,Cipher,unknown_query_chars
55d86f7e,"In Alice's Wonderland, secret encryption rules are used on text. Here are some examples:
czd cnwzdwa uwaazsw -> cat creates message
nzvvkd jnkdwa fgown dbjwn -> rabbit writes under tower
jkxzno cnwzdwa ibdkbg -> wizard creates potion
adfowgd cnwzdwa kg rbnwad -> student creates in forest
jkxzno rbfgo vwtbgo rbnwad -> wizard found beyond forest
Now, decrypt the following text: adfowgd okacbewna dmw awcnwd obbn",student discovers the secret door,Cipher,unknown_query_chars
55dbd860,"In Alice's Wonderland, secret encryption rules are used on text. Here are some examples:
hwu tkxewh qhdbuzh mkxhuq -> the bright student writes
mxjpkb bkupaq hwkgdew xqipzb -> wizard dreams through island
ykxzfuqq ulyigkuq epkbuz -> princess explores garden
agdqu fwpquq epkbuz -> mouse chases garden
Now, decrypt the following text: hwu mxqu nduuz mphfwuq",the wise queen watches,Cipher,unknown_query_chars
55f19327,"In Alice's Wonderland, a secret set of transformation rules is applied to equations. Below are a few examples:
47-84 = 131
72\97 = 6983
72-20 = 92
20:20 = 0
44\21 = 923
Now, determine the result for: 77:38",1,Equation,length_mismatch
55f4fa64,"In Alice's Wonderland, a secret set of transformation rules is applied to equations. Below are a few examples:
]@)!@ = @?
|{):@ = @#
}!)#} = ]
Now, determine the result for: {{[!?",{{!?,Equation,length_mismatch
5612eb54,"In Alice's Wonderland, secret encryption rules are used on text. Here are some examples:
vegql olrbq jfl broi vlqqrml -> mouse reads the dark message
jlrcflo olrbq mrobln -> teacher reads garden
jfl meabln crj boruq -> the golden cat draws
orpphj cfrqlq jfl qjornml qjeod -> rabbit chases the strange story
Now, decrypt the following text: jlrcflo bhqcekloq jfl ceaeotga peei",teacher discovers the colorful book,Cipher,unknown_query_chars
56343b77,"In Alice's Wonderland, a secret set of transformation rules is applied to equations. Below are a few examples:
02+35 = 27
34-08 = -73
79*44 = 4479
05-21 = 83
43*73 = 7343
Now, determine the result for: 17+74",711,Equation,length_mismatch
563bf8f9,"In Alice's Wonderland, a secret set of transformation rules is applied to equations. Below are a few examples:
"":*<% = %"":$
/!+!` = %!
!/+%"" = {`:
$`*<$ = /!<:
Now, determine the result for: ""!-//",-'/,Equation,length_mismatch
5642802d,"In Alice's Wonderland, secret encryption rules are used on text. Here are some examples:
vckxtcy eykru uvlym -> teacher draws story
vdyvac xtkucu qdnnac -> turtle chases puzzle
vtc rfuc rfnkye bldie -> the wise wizard found
tkvvcy efuxlhcyu qdnnac -> hatter discovers puzzle
plduc ryfvcu vtc ufahcy xkuvac -> mouse writes the silver castle
Now, decrypt the following text: zfiw rkvxtcu vtc pkwfxka xymuvka",king watches the magical crystal,Cipher,unknown_query_chars
564916b5,"In Alice's Wonderland, a secret set of transformation rules is applied to equations. Below are a few examples:
!&-""$ = <
""{*<! = ""<""!
{!-""& = /
<{*$< = ""<`$
/$->| = |>
Now, determine the result for: ""!-$$",$,Equation,length_mismatch
5658dd8a,"In Alice's Wonderland, secret encryption rules are used on text. Here are some examples:
uqvs svjph qmhqsr ljccrw -> bird draws inside valley
uqvs kfjhrh dfr kcrlrv uxxi -> bird chases the clever book
hdzsrmd hrrh zmsrv lqccjar -> student sees under village
nxzhr hdzsqrh kvwhdjc -> mouse studies crystal
iqma robcxvrh dfr kcrlrv nrhhjar -> king explores the clever message
Now, decrypt the following text: vjuuqd pvqdrh urwxms txvrhd",rabbit writes beyond forest,Cipher,unknown_query_chars
5660874b,"In Alice's Wonderland, secret encryption rules are used on text. Here are some examples:
tlz mohnwok awokz dhntzk -> the curious mouse writes
ktovzst rwxxwdk tlhwoil gnxxuiz -> student follows through village
tlz mxzgzh luttzh vhzuak -> the clever hatter dreams
jhnsmzkk mlukzk tlz usmnzst azkkuiz -> princess chases the ancient message
Now, decrypt the following text: vhuiws zpjxwhzk ns gnxxuiz",dragon explores in village,Cipher,unknown_query_chars
5690981d,"In Alice's Wonderland, a secret set of transformation rules is applied to equations. Below are a few examples:
$(-<( = -(
`$-(% = ||
!|+($ = |((
&|+&< = `|(
^]*|] = ($&|
Now, determine the result for: (`-&%",-](,Equation,length_mismatch
56ac76c6,"In Alice's Wonderland, a secret set of transformation rules is applied to equations. Below are a few examples:
?$+`$ = >^{
/^*/` = /`/^
$`-/\ = $\
&&-!$ = -$\
Now, determine the result for: $^+^`",>&{,Equation,length_mismatch
56b28de2,"In Alice's Wonderland, secret encryption rules are used on text. Here are some examples:
mkwebp hqpcbit qgldky lciqk -> knight watches around ocean
hwuqgy tpdywit pbi nxtpigwldt cqtpzi -> wizard studies the mysterious castle
ygqelk hgwpit cgxtpqz -> dragon writes crystal
owgy isvzlgit wk jqzzix -> bird explores in valley
tpdyikp ygqht kiqg cqji -> student draws near cave
Now, decrypt the following text: pbi ticgip rdiik hgwpit",the secret queen writes,Cipher,unknown_query_chars
56c59dfd,"In Alice's Wonderland, a secret set of transformation rules is applied to equations. Below are a few examples:
15+43 = 1543
34-87 = -53
28!85 = 112
14+75 = 1475
94+77 = 9477
Now, determine the result for: 96-74",22,Equation,length_mismatch
56efc838,"In Alice's Wonderland, a secret set of transformation rules is applied to equations. Below are a few examples:
>}'$( = $\'
()'$( = #|'
>(*?\ = >}#
}(""}) = (#
>&""&( = &||
Now, determine the result for: ()*?}",}$?(,Equation,length_mismatch
5738dc2a,"In Alice's Wonderland, secret encryption rules are used on text. Here are some examples:
icyqoac qfozsi lzicpo -> student dreams castle
lzc iooi cho bdio lzicpo -> cat sees the wise castle
icyqoac ueppebi cho lepefuyp iolfoc -> student follows the colorful secret
Now, decrypt the following text: zpdlo dszwdaoi cfoziyfo",alice imagines treasure,Cipher,unknown_query_chars
57712d01,"In Alice's Wonderland, a secret set of transformation rules is applied to equations. Below are a few examples:
$'+`` = ""`(
{<*/( = """"/(
!<-`` = -?
{""-'< = -{{
'<+""' = /?
Now, determine the result for: $/-'{",-/<,Equation,length_mismatch
5785a3bd,"In Alice's Wonderland, secret encryption rules are used on text. Here are some examples:
riy zyjvyr tvgajyzz hvgryz -> the secret princess writes
nagwir ybtlsvyz rvyezqvy -> knight explores treasure
jer zrqogyz evsqao kgllewy -> cat studies around village
ngaw msllshz jezrly -> king follows castle
ovewsa msqao nyf -> dragon found key
Now, decrypt the following text: riy jslsvmql veddgr ogzjskyvz",the colorful rabbit discovers,Cipher,unknown_query_chars
5787c3d0,"In Alice's Wonderland, a secret set of transformation rules is applied to equations. Below are a few examples:
22@80 = 1759
15`29 = 44
51^49 = ^2
Now, determine the result for: 85^86",^1,Equation,length_mismatch
579b4607,"In Alice's Wonderland, a secret set of transformation rules is applied to equations. Below are a few examples:
44`64 = 107
66(45 = 21
35(80 = (45
37`34 = 70
Now, determine the result for: 90(74",16,Equation,length_mismatch
579f0cea,"In Alice's Wonderland, secret encryption rules are used on text. Here are some examples:
vkz kgeezm bmgnkv sdvfkzy -> the hidden knight watches
vhlvuz flzdvzy vkz fhlgxhy ndlezm -> turtle creates the curious garden
sgodle cxuuxsy yzflzv -> wizard follows secret
tlgmfzyy egyfxazly yzflzv -> princess discovers secret
vhlvuz eldsy vklxhnk tdudfz -> turtle draws through palace
Now, decrypt the following text: jxhyz cxhme fdyvuz",mouse found castle,Cipher,unknown_query_chars
57c845a6,"In Alice's Wonderland, a secret set of transformation rules is applied to equations. Below are a few examples:
@?[&> = |&
>][`? = `%\
:?'@| = ?:@]
`%'`% = `%%
?>-@> = &%
Now, determine the result for: >>-@`",]|,Equation,length_mismatch
57f6878e,"In Alice's Wonderland, a secret set of transformation rules is applied to equations. Below are a few examples:
/%<@{ = %(
$@&^) = /$
{@&|/ = @$
$:<:@ = ()
%:&@@ = /|&
Now, determine the result for: |@<:(",%{{,Equation,length_mismatch
585b3442,"In Alice's Wonderland, a secret set of transformation rules is applied to equations. Below are a few examples:
27+58 = 84
30}61 = 1
12}90 = 6
36$59 = 2124
Now, determine the result for: 32$97",3104,Equation,length_mismatch
58b9492e,"In Alice's Wonderland, a secret set of transformation rules is applied to equations. Below are a few examples:
39+16 = 54
48^42 = 2016
95^49 = 4655
77\31 = 15
Now, determine the result for: 14\15",1,Equation,length_mismatch
58c099d2,"In Alice's Wonderland, a secret set of transformation rules is applied to equations. Below are a few examples:
`|+\& = &]
`]+|^ = &|
#&-]& = -)!
Now, determine the result for: ^!-#\",-)\,Equation,length_mismatch
58c4ced1,"In Alice's Wonderland, a secret set of transformation rules is applied to equations. Below are a few examples:
29?35 = ?6
58""50 = 5850
87?38 = 49
Now, determine the result for: 96?87",9,Equation,length_mismatch
58c587c7,"In Alice's Wonderland, secret encryption rules are used on text. Here are some examples:
rnkko qfsuvbkms ewk skumke xfmmvm -> queen discovers the secret mirror
xvnsk qmzys qvvm -> mouse draws door
qmzjvo ymfeks cnlltk -> dragon writes puzzle
Now, decrypt the following text: aofjwe gvttvys ewk jvtqko qvvm",knight follows the golden door,Cipher,unknown_query_chars
58e33b70,"In Alice's Wonderland, secret encryption rules are used on text. Here are some examples:
ctiipy vktjvqpo icyuljc dtep -> hatter imagines through cave
icp jumxpq svyx oppo -> the golden bird sees
iptdcpy dyptipo spzuqx kulqitvq -> teacher creates beyond mountain
icp wvop oilxpqi gummuwo -> the wise student follows
Now, decrypt the following text: wvntyx dctopo icp ktjvdtm apz",wizard chases the magical key,Cipher,unknown_query_chars
58eadc55,"In Alice's Wonderland, a secret set of transformation rules is applied to equations. Below are a few examples:
)`]\@ = )!$@
\#|@# = )@`
#{|`! = )!!
Now, determine the result for: @@|@`",!#,Equation,length_mismatch
58f63e94,"In Alice's Wonderland, a secret set of transformation rules is applied to equations. Below are a few examples:
74*82 = 5131
07*42 = 9761
48-66 = -81
35+73 = 09
Now, determine the result for: 85+74",501,Equation,length_mismatch
58f82741,"In Alice's Wonderland, secret encryption rules are used on text. Here are some examples:
vriwgkr vggv bppt -> student sees book
tkaynr aoxyakgv zxvrug -> knight imagines castle
rng ohvrgsapiv xuazg wsgxov -> the mysterious alice dreams
rng xkzagkr sxbbar vggv -> the ancient rabbit sees
Now, decrypt the following text: rng lavg xuazg lxrzngv",the wise alice watches,Cipher,unknown_query_chars
58fed63a,"In Alice's Wonderland, a secret set of transformation rules is applied to equations. Below are a few examples:
68*91 = 9168
06-65 = 4
86-72 = 41
Now, determine the result for: 11-39",5,Equation,length_mismatch
592107c3,"In Alice's Wonderland, a secret set of transformation rules is applied to equations. Below are a few examples:
70<36 = 2520
21+95 = 2195
69<15 = 1035
Now, determine the result for: 75/62",/13,Equation,length_mismatch
59407f0d,"In Alice's Wonderland, secret encryption rules are used on text. Here are some examples:
dlvrtql dlvrktd lwt dlofqht rcco -> student studies the strange door
lwt uvokcvd fnkut rotfid -> the curious alice dreams
ekor otfrd lwt wkrrtq ikooco -> bird reads the hidden mirror
icvdt otfrd lwt dlofqht lotfdvot -> mouse reads the strange treasure
icvdt uwfdtd xtg -> mouse chases key
Now, decrypt the following text: icvdt dlvrktd lwt untzto ikooco",mouse studies the clever mirror,Cipher,unknown_query_chars
5968bf6c,"In Alice's Wonderland, a secret set of transformation rules is applied to equations. Below are a few examples:
:(*\| = \^}/
\/+\"" = &}
&}-:| = (:
""""+&^ = |""
!\*&| = &""&""
Now, determine the result for: (!*:""","(""/^",Equation,length_mismatch
597dc93a,"In Alice's Wonderland, secret encryption rules are used on text. Here are some examples:
wceljpc wjjw bp ixjnp -> student sees in ocean
qpbsoc kiepl coj huwcjabiew remmdj -> knight found the mysterious puzzle
vejjp ajnlw coj oblljp wjxajc -> queen reads the hidden secret
ndbxj wcelbjw tiiq -> alice studies book
Now, decrypt the following text: vejjp zabcjw coaieso zipljadnpl",queen writes through wonderland,Cipher,unknown_query_chars
5998ac05,"In Alice's Wonderland, a secret set of transformation rules is applied to equations. Below are a few examples:
]@}]< = [\:$
]:/\\ = @?
:\/:! = \($
[?}(! = \$@(
([}]\ = \(\[
Now, determine the result for: ]<""@:","""<",Equation,length_mismatch
599e922a,"In Alice's Wonderland, a secret set of transformation rules is applied to equations. Below are a few examples:
$>+@? = #@
>'*@< = >'@<
<'*$> = <'$>
Now, determine the result for: @<+:{",>@,Equation,length_mismatch
59b2cbbf,"In Alice's Wonderland, a secret set of transformation rules is applied to equations. Below are a few examples:
38+27 = 551
97+57 = 451
74`59 = 84
64+54 = 19
87`28 = 4
Now, determine the result for: 83+47",211,Equation,length_mismatch
5a0d5d2a,"In Alice's Wonderland, a secret set of transformation rules is applied to equations. Below are a few examples:
27-65 = 61
47*42 = 7771
81-09 = -27
Now, determine the result for: 39+94",341,Equation,length_mismatch
5a0d95e2,"In Alice's Wonderland, a secret set of transformation rules is applied to equations. Below are a few examples:
{{-(( = &&
((-## = -{{
[@+|& = [@|&
|)*[{ = /&""[
[#+#"" = [##""
Now, determine the result for: {@*|{",/(#),Equation,length_mismatch
5a343705,"In Alice's Wonderland, secret encryption rules are used on text. Here are some examples:
fekrxm bkjdlsvzj bllz -> knight discovers door
bztrle jmgbkvj mxv jvdzvm fvu -> dragon studies the secret key
ztookm dxtjvj mxv jmzterv igwwyv -> rabbit chases the strange puzzle
jmgbvem ptmdxvj dzujmty -> student watches crystal
Now, decrypt the following text: ztookm kqtrkevj bllz",rabbit imagines door,Cipher,unknown_query_chars
5a35e698,"In Alice's Wonderland, a secret set of transformation rules is applied to equations. Below are a few examples:
}(-}( = ^
?\+\? = [|""
(|+%^ = [""(
}^*|[ = [?}^
[\*%) = [(|""
Now, determine the result for: \\+%|",[\),Equation,length_mismatch
5a3cbc28,"In Alice's Wonderland, secret encryption rules are used on text. Here are some examples:
hda xirbsiy csiya bcumblay -> the curious mouse imagines
frumsl xrauhay hda yaxrah murfal -> dragon creates the secret garden
zblm wsilf bl xuyhna -> king found in castle
unbxa raufy hda ybnvar cayyuma -> alice reads the silver message
Now, decrypt the following text: xuh guhxday blybfa vbnnuma",cat watches inside village,Cipher,unknown_query_chars
5a3eaf6f,"In Alice's Wonderland, a secret set of transformation rules is applied to equations. Below are a few examples:
\^)^^ = )${
\^)\' = )$
(?<}? = }""(?
#}%\( = $""?
^"")\? = )?
Now, determine the result for: (?<\""","\{}""",Equation,length_mismatch
5a763686,"In Alice's Wonderland, a secret set of transformation rules is applied to equations. Below are a few examples:
67&82 = 6782
41)47 = 88
12>37 = 25
Now, determine the result for: 74&95",7495,Equation,length_mismatch
5a9fcf68,"In Alice's Wonderland, a secret set of transformation rules is applied to equations. Below are a few examples:
36?55 = 8?
97?14 = 83?
23?74 = 51?
Now, determine the result for: 24@28",4443,Equation,length_mismatch
5aa83f14,"In Alice's Wonderland, secret encryption rules are used on text. Here are some examples:
aeo exttou tlifmu slxaoj -> the hidden dragon writes
hxlt pmyut jonloa -> bird found secret
aeo nmbmlpyb ibxno slxaoj -> the colorful alice writes
sxrilt xqifxuoj aeo tilk jamlc -> wizard imagines the dark story
Now, decrypt the following text: kxuf jooj xujxto nivo",king sees inside cave,Cipher,unknown_query_chars
5abb1149,"In Alice's Wonderland, secret encryption rules are used on text. Here are some examples:
zftk fwenfdgy umg ygctgu yujtb -> bird imagines the secret story
uitulg yggy fdyfkg netkgd -> turtle sees inside garden
umg yflagt tezzfu peucmgy -> the silver rabbit watches
Now, decrypt the following text: vfdn kfycjagty umtjinm aflleng",king discovers through village,Cipher,unknown_query_chars
5ad26838,"In Alice's Wonderland, a secret set of transformation rules is applied to equations. Below are a few examples:
/|*`: = `|/(
`(-(/ = -{
:|*]( = >`:(
:`*:` = {/>$
Now, determine the result for: /|-/{",-{,Equation,length_mismatch
5aeb4ba5,"In Alice's Wonderland, a secret set of transformation rules is applied to equations. Below are a few examples:
32>84 = 4011
62%37 = 74
89>83 = 4273
72>55 = 5841
72>08 = 0612
Now, determine the result for: 17>38",3985,Equation,length_mismatch
5b06502f,"In Alice's Wonderland, a secret set of transformation rules is applied to equations. Below are a few examples:
20!22 = 441
37^62 = 25
77!93 = 7162
16!70 = 1121
98<87 = 185
Now, determine the result for: 31!57",1768,Equation,length_mismatch
5b2523e6,"In Alice's Wonderland, a secret set of transformation rules is applied to equations. Below are a few examples:
?>+') = :<
!&*$< = &'\:
&\+\& = ><
?$+:! = ><
Now, determine the result for: ><-\$",&&,Equation,length_mismatch
5b3a4603,"In Alice's Wonderland, secret encryption rules are used on text. Here are some examples:
adwkqnmm uiokj sgn qpnrnd tydjnk -> princess found the clever garden
bwkt msojwnm sgn msdyktn qymspn -> king studies the strange castle
sgn msdyktn snyqgnd uiokj -> the strange teacher found
msojnks jdnyfm aovvpn -> student dreams puzzle
sgn msdyktn xwvydj qgymnm -> the strange wizard chases
Now, decrypt the following text: sodspn jdnyfm hnzikj qyrn",turtle dreams beyond cave,Cipher,unknown_query_chars
5b4245de,"In Alice's Wonderland, secret encryption rules are used on text. Here are some examples:
tybbdi jtayiau rag -> rabbit creates key
uicfapi tayfu ocnnla -> student reads puzzle
rpdhvi deyhdpau rag -> knight imagines key
ictila tayfu jyuila -> turtle reads castle
tybbdi ftywu ybkza ldbtytg -> rabbit draws above library
Now, decrypt the following text: scaap qkllkwu ocnnla",queen follows puzzle,Cipher,unknown_query_chars
5b673564,"In Alice's Wonderland, a secret set of transformation rules is applied to equations. Below are a few examples:
$?'?[ = \[?
]}':"" = \""]
\%/]] = \:
$}`\$ = ""\$
}%`$\ = \:[%
Now, determine the result for: ?)/%}",],Equation,length_mismatch
5b8105fd,"In Alice's Wonderland, secret encryption rules are used on text. Here are some examples:
igodqj yqfji scp rhep tfmmzp -> dragon found the wise puzzle
whjd rghspe hj dogipj -> king writes in garden
rhmogi eppe epngps -> wizard sees secret
lfppj igore hj noeszp -> queen draws in castle
scp nqzqgyfz sfgszp igpobe -> the colorful turtle dreams
Now, decrypt the following text: ozhnp pvtzqgpe dogipj",alice explores garden,Cipher,unknown_query_chars
5bc9b870,"In Alice's Wonderland, a secret set of transformation rules is applied to equations. Below are a few examples:
92<38 = 211
89|98 = 3278
97-05 = 92
87<18 = 951
01-57 = -56
Now, determine the result for: 24<48",621,Equation,length_mismatch
5bcb572e,"In Alice's Wonderland, a secret set of transformation rules is applied to equations. Below are a few examples:
)!*]( = /{!!
""(+""{ = ){{
])-([ = ({
Now, determine the result for: ""{-{!",-!#,Equation,length_mismatch
5bd9919c,"In Alice's Wonderland, a secret set of transformation rules is applied to equations. Below are a few examples:
/`|)` = {/]
/]<)] = /])]
'`|{` = ]]
Now, determine the result for: ]'<]`",]']`,Equation,length_mismatch
5be6a3c1,"In Alice's Wonderland, a secret set of transformation rules is applied to equations. Below are a few examples:
@:!?& = @:?&
&[{?} = '@&[
@[*@[ = %
[@{?} = ':[@
Now, determine the result for: [:{}@",}}?),Equation,length_mismatch
5c008804,"In Alice's Wonderland, a secret set of transformation rules is applied to equations. Below are a few examples:
98'21 = 101
07)76 = 0964
91'15 = 07
19@84 = 34
Now, determine the result for: 83@36",52,Equation,length_mismatch
5c22d573,"In Alice's Wonderland, secret encryption rules are used on text. Here are some examples:
tgbjo bdtubxoz ako epbuka zojpoa -> alice imagines the bright secret
pteeba potvz jplzatg -> rabbit reads crystal
ako zbgyop qwoox nfwxv -> the silver queen found
ako jfgfpnwg jta ohrgfpoz -> the colorful cat explores
Now, decrypt the following text: pteeba mpbaoz ako txjboxa nfpoza",rabbit writes the ancient forest,Cipher,unknown_query_chars
5c2ef0ae,"In Alice's Wonderland, a secret set of transformation rules is applied to equations. Below are a few examples:
]#*`( = *?(
(&<]@ = ']
`(^@` = `#/\
/@^`( = '&@`
Now, determine the result for: /&*\?",'@,Equation,length_mismatch
5c588e57,"In Alice's Wonderland, secret encryption rules are used on text. Here are some examples:
qyw dwusbmd lrjmdw -> cat studies forest
ypbqm dwusbmd gmkrts erutwybt -> alice studies beyond mountain
dwusmtw sjyfd wzm nrpsmt eya -> student draws the golden map
Now, decrypt the following text: wzm dbpcmj vbtn sbdqrcmjd",the silver king discovers,Cipher,unknown_query_chars
5c743e8a,"In Alice's Wonderland, a secret set of transformation rules is applied to equations. Below are a few examples:
67(30 = 2010
85`55 = `30
91(23 = 2093
45(43 = 1935
83(26 = 2158
Now, determine the result for: 27(65",1755,Equation,length_mismatch
5c938bea,"In Alice's Wonderland, a secret set of transformation rules is applied to equations. Below are a few examples:
97/53 = 5142
84(80 = 4
58/75 = 4351
90(82 = 8
37(72 = 35
Now, determine the result for: 48(75",27,Equation,length_mismatch
5c9f274a,"In Alice's Wonderland, a secret set of transformation rules is applied to equations. Below are a few examples:
:>+<[ = '}
:?*!' = {!:'
:}-'` = >:
Now, determine the result for: }:*?:",:[``,Equation,length_mismatch
5ca3193a,"In Alice's Wonderland, secret encryption rules are used on text. Here are some examples:
ocqufvxx xvvx riip -> princess sees book
eyv dqxv lihxv xvvx -> the wise mouse sees
gbqfv dgefyvx oieqiu -> alice watches potion
ygeevc dcqevx niic -> hatter writes door
Now, decrypt the following text: zhvvu cvgnx niic",queen reads door,Cipher,unknown_query_chars
5cc25518,"In Alice's Wonderland, secret encryption rules are used on text. Here are some examples:
usk mbeebxz kvi ueicit uszkei -> cat follows the clever castle
xgqsty ygzubcitz go kbxit -> wizard discovers in tower
jtgouizz tisyz jbkgbo -> princess reads potion
xgqsty ygzubcitz jbkgbo -> wizard discovers potion
kvi ystw vskkit mbeebxz -> the dark hatter follows
Now, decrypt the following text: kvi rnzkitgbaz ytshbo mbeebxz",the mysterious dragon follows,Cipher,unknown_query_chars
5ce7c6b4,"In Alice's Wonderland, a secret set of transformation rules is applied to equations. Below are a few examples:
\{@^> = '&^
[&:[{ = ^'`{
^^|\\ = |&&
<>@`' = '{>
Now, determine the result for: \\@>>",'>&,Equation,length_mismatch
5d055504,"In Alice's Wonderland, a secret set of transformation rules is applied to equations. Below are a few examples:
51>09 = 0531
94>17 = 9743
41>57 = 0501
Now, determine the result for: 76!23",99,Equation,length_mismatch
5d318851,"In Alice's Wonderland, secret encryption rules are used on text. Here are some examples:
dmjf fjbpe vbekic -> bird draws castle
ksc ecvjck sbkkcj jcbfe -> the secret hatter reads
vbk fmevnacje wceebzc -> cat discovers message
ksc bqvmcqk fjbznq fmevnacje -> the ancient dragon discovers
Now, decrypt the following text: ksc whekcjmnte jbddmk jcbfe",the mysterious rabbit reads,Cipher,unknown_query_chars
5d35ee2e,"In Alice's Wonderland, a secret set of transformation rules is applied to equations. Below are a few examples:
&)*"") = &)"")
}/-"") = -\{
)}-}& = -[/
[[-&: = -\/
Now, determine the result for: [&+[[",&/{,Equation,length_mismatch
5d44a0b2,"In Alice's Wonderland, a secret set of transformation rules is applied to equations. Below are a few examples:
98-57 = -41
19+77 = 861
86-68 = -81
17+87 = 941
16*34 = 4262
Now, determine the result for: 78*16",8035,Equation,length_mismatch
5d786524,"In Alice's Wonderland, a secret set of transformation rules is applied to equations. Below are a few examples:
/:-(' = -([
[`+(% = /(
:?*?[ = (:?`
Now, determine the result for: [@*`%",[{%',Equation,length_mismatch
5d7ada5b,"In Alice's Wonderland, secret encryption rules are used on text. Here are some examples:
ujwwlk bccb kpufvop hfucbk -> rabbit sees through forest
ntlopk xulkcb tcju gjyycm -> knight writes near valley
rultqcbb caryfucb kucjbvuc -> princess explores treasure
kpc jtqlctk rultqcbb caryfucb -> the ancient princess explores
Now, decrypt the following text: bkvsctk hfvts bcquck",student found secret,Cipher,unknown_query_chars
5d834875,"In Alice's Wonderland, a secret set of transformation rules is applied to equations. Below are a few examples:
08`18 = 0846
34-95 = 201
79`94 = 3574
33`23 = 6501
Now, determine the result for: 91-33",25,Equation,length_mismatch
5d89a09c,"In Alice's Wonderland, a secret set of transformation rules is applied to equations. Below are a few examples:
49*28 = 7077
32*02 = 954
46+78 = 151
48*91 = 5951
28*01 = 918
Now, determine the result for: 78-78",0,Equation,length_mismatch
5d8c51ce,"In Alice's Wonderland, a secret set of transformation rules is applied to equations. Below are a few examples:
65+29 = 941
44+88 = 331
87-24 = 63
Now, determine the result for: 91+04",06,Equation,length_mismatch
5dacf7ca,"In Alice's Wonderland, secret encryption rules are used on text. Here are some examples:
rlpnble lqdatelj mtte -> teacher explores door
rbl vujrleotkj fzoibr nelprlj -> the mysterious knight creates
rlpnble georlj ipemlz -> teacher writes garden
Now, decrypt the following text: gocpem ovpiozlj rbl ntatexka dkccal",wizard imagines the colorful puzzle,Cipher,unknown_query_chars
5dc0aca5,"In Alice's Wonderland, a secret set of transformation rules is applied to equations. Below are a few examples:
87+93 = 6
70/47 = 118
10)86 = 860
69/17 = 87
75/37 = 113
Now, determine the result for: 15+12",3,Equation,length_mismatch
5e0c542f,"In Alice's Wonderland, a secret set of transformation rules is applied to equations. Below are a few examples:
^([?' = }:}
/?['^ = }@}
/?{?/ = <@!:
:![^@ = /!
Now, determine the result for: }:#}(",/,Equation,length_mismatch
5e1de0ad,"In Alice's Wonderland, secret encryption rules are used on text. Here are some examples:
hfvvwk zfkeolm kol ejtjhxrt mkjhi -> rabbit watches the colorful story
kol gimklhwjrm klfeolh lpntjhlm -> the mysterious teacher explores
arllq xjttjzm kol ejtjhxrt xjhlmk -> queen follows the colorful forest
Now, decrypt the following text: gjrml mkrywlm sli",mouse studies key,Cipher,unknown_query_chars
5e2581b6,"In Alice's Wonderland, a secret set of transformation rules is applied to equations. Below are a few examples:
[%->? = -(%
['*>] = @#?\
'[*\[ = \%%(
%?+'' = ['
Now, determine the result for: '\+\[",]#,Equation,length_mismatch
5e2d5262,"In Alice's Wonderland, secret encryption rules are used on text. Here are some examples:
swak xyyx kvntya -> king sees garden
xcmtyac evcbdyx cdy vabwyac umiipy -> student watches the ancient puzzle
vpwby whvkwayx cdy xwpjyn umiipy -> alice imagines the silver puzzle
Now, decrypt the following text: gwnt youplnyx vnlmat jvppyf",bird explores around valley,Cipher,unknown_query_chars
5e4393fc,"In Alice's Wonderland, a secret set of transformation rules is applied to equations. Below are a few examples:
::^>$ = ^|:
:&<\/ = #\
/?[$\ = #//$
Now, determine the result for: :|[\""","?"">""",Equation,length_mismatch
5e67b1a1,"In Alice's Wonderland, a secret set of transformation rules is applied to equations. Below are a few examples:
93{16 = 001
18}99 = 9108
99{97 = 871
11<35 = 24<
Now, determine the result for: 32{31",63,Equation,length_mismatch
5e84cf1a,"In Alice's Wonderland, secret encryption rules are used on text. Here are some examples:
qdavbh arsvadyc nypkdf oanxsxp -> knight imagines beyond library
soaiy xysfc ixpchso -> alice reads crystal
hby fsxq soaiy facikgyxc -> the dark alice discovers
soaiy arsvadyc edfyx hklyx -> alice imagines under tower
Now, decrypt the following text: mxadiycc yjmokxyc mkhakd",princess explores potion,Cipher,unknown_query_chars
5e95a417,"In Alice's Wonderland, a secret set of transformation rules is applied to equations. Below are a few examples:
||:]? = ]$?&
|?<{| = (|
?(`&/ = ]]{
Now, determine the result for: $]:]$",](>?,Equation,length_mismatch
5e989cc5,"In Alice's Wonderland, a secret set of transformation rules is applied to equations. Below are a few examples:
/{-:$ = -<
:^*): = {))^
:$*/< = :${$
Now, determine the result for: >{+$^",$$,Equation,length_mismatch
5ecf246d,"In Alice's Wonderland, secret encryption rules are used on text. Here are some examples:
vjnrth gpnrghzm hznj gmqnhv -> dragon imagines near island
osz fgmz moivzho xtqqtfm -> the wise student follows
osz pbmozjgtim whgrso jznvm -> the mysterious knight reads
Now, decrypt the following text: moivzho fnoeszm ihvzj otfzj",student watches under tower,Cipher,unknown_query_chars
5eea60e7,"In Alice's Wonderland, a secret set of transformation rules is applied to equations. Below are a few examples:
50`92 = 4601
51%42 = 9
10`79 = 791
Now, determine the result for: 79`10",791,Equation,length_mismatch
5ef42242,"In Alice's Wonderland, secret encryption rules are used on text. Here are some examples:
edkknf rqaaqxm ken dpolnpk kfndmzfn -> hatter follows the ancient treasure
hqzmn jfdxm ken jdfb hnmmdun -> mouse draws the dark message
xlgdfj xflknm ken hduloda udfjnp -> wizard writes the magical garden
Now, decrypt the following text: hqzmn ofndknm snvqpj tdadon",mouse creates beyond palace,Cipher,unknown_query_chars
5f0da536,"In Alice's Wonderland, secret encryption rules are used on text. Here are some examples:
ftrspw mturxuq xku vtnskx qumtux -> dragon creates the bright secret
xku mdtnpdq vntf quuq -> the curious bird sees
krxxut mkrquq rtpdwf yptuqx -> hatter chases around forest
mrx narsnwuq rvpbu nqzrwf -> cat imagines above island
Now, decrypt the following text: xku mpzptydz inws turfq",the colorful king reads,Cipher,unknown_query_chars
5f0ed8ad,"In Alice's Wonderland, secret encryption rules are used on text. Here are some examples:
zmipfn jxhwnhu mhwx gibbwph -> knight creates near village
nhwjfhx yxweu zhv -> teacher draws key
unryhmn iswpimhu oraabh -> student imagines puzzle
jwn xhwyu yccx -> cat reads door
Now, decrypt the following text: kixy lcbbceu nfh uibghx zhv",bird follows the silver key,Cipher,unknown_query_chars
5f135096,"In Alice's Wonderland, secret encryption rules are used on text. Here are some examples:
honhsu qrotb yteybu pjsjiu -> turtle found inside palace
hfu bjnm fjhhun bnjge -> the dark hatter draws
njllyh byeirvune euinuh -> rabbit discovers secret
hfu djcyijs jsyiu qrotb -> the magical alice found
ijh inujhue jnrotb drothjyt -> cat creates around mountain
Now, decrypt the following text: hfu ehnjtcu hujifun ukpsrnue",the strange teacher explores,Cipher,unknown_query_chars
5f5227b5,"In Alice's Wonderland, a secret set of transformation rules is applied to equations. Below are a few examples:
53^32 = 608
02%69 = 611
64%86 = 411
81%56 = 38
Now, determine the result for: 06@52",53@,Equation,length_mismatch
5f5a73ff,"In Alice's Wonderland, a secret set of transformation rules is applied to equations. Below are a few examples:
61""82 = 844
09}88 = 971
72}22 = 05
Now, determine the result for: 59""48",0897,Equation,length_mismatch
5f6798e1,"In Alice's Wonderland, a secret set of transformation rules is applied to equations. Below are a few examples:
04-49 = -45
21-74 = -53
83*05 = 0583
Now, determine the result for: 06-71",34,Equation,length_mismatch
5f6b6ea3,"In Alice's Wonderland, a secret set of transformation rules is applied to equations. Below are a few examples:
34+19 = 3193
55+45 = 0792
63+52 = 009
Now, determine the result for: 51(63",6,Equation,length_mismatch
5f8be7e2,"In Alice's Wonderland, secret encryption rules are used on text. Here are some examples:
pqjaf lpkslwfa mfcqwv axuqqt -> mouse imagines beyond school
mlhv xukafa xhcaikt -> bird chases crystal
hkmmli aijvlfa iuf aihkwsf skhvfw -> rabbit studies the strange garden
rjffw xhfkifa lw pqjwiklw -> queen creates in mountain
mlhv hfkva vqqh -> bird reads door
Now, decrypt the following text: aijvfwi nqjwv kmqbf blttksf",student found above village,Cipher,unknown_query_chars
5f9f0ed7,"In Alice's Wonderland, a secret set of transformation rules is applied to equations. Below are a few examples:
@/*`/ = }`]`
@]+}/ = }|
/]-[| = ->>
}!*@` = }`@]
[>*[] = @`!}
Now, determine the result for: |!*@[",}/!},Equation,length_mismatch
5fe8d710,"In Alice's Wonderland, a secret set of transformation rules is applied to equations. Below are a few examples:
26-74 = 51
83+52 = 46
81*92 = 325
14+39 = 531
02*01 = 102
Now, determine the result for: 59+68",281,Equation,length_mismatch
602077e7,"In Alice's Wonderland, secret encryption rules are used on text. Here are some examples:
cntek hyidke bxedgk -> mouse writes castle
pyizbkee icxuizke iz dnhky -> princess imagines in tower
edtrkzd icxuizke dfyntuf bxedgk -> student imagines through castle
Now, decrypt the following text: hilxyr hyidke dfk rxyo rnny",wizard writes the dark door,Cipher,unknown_query_chars
603ad93b,"In Alice's Wonderland, a secret set of transformation rules is applied to equations. Below are a few examples:
38+05 = 231
17-64 = 52
97+37 = 151
65-29 = -63
83+43 = 17
Now, determine the result for: 32*05",9411,Equation,length_mismatch
6046d372,"In Alice's Wonderland, a secret set of transformation rules is applied to equations. Below are a few examples:
|(+|[ = `|`
`[-)$ = [`
`""-\"" = -/
/""-/` = &(
Now, determine the result for: )|-[\",[/,Equation,length_mismatch
605e1c08,"In Alice's Wonderland, a secret set of transformation rules is applied to equations. Below are a few examples:
90""19 = 9019
38]92 = 3497
76+73 = 3
Now, determine the result for: 10""20",1020,Equation,length_mismatch
6079c08f,"In Alice's Wonderland, secret encryption rules are used on text. Here are some examples:
yxr qtwhitz yrtixrl lrtmu -> the magical teacher reads
ohjw egzzgvu yxr uyltjwr qhllgl -> king follows the strange mirror
yxr vhur ojhwxy mhuigprlu -> the wise knight discovers
Now, decrypt the following text: vhstlm ixturu yxr xhmmrj dfsszr",wizard chases the hidden puzzle,Cipher,unknown_query_chars
609250f7,"In Alice's Wonderland, secret encryption rules are used on text. Here are some examples:
vnmt gqhxf whk -> king reads map
xghtdm uhbprqf kaccyq -> dragon watches puzzle
brq rnxxqm vnmt fbaxnqf -> the hidden king studies
Now, decrypt the following text: xghtdm prhfqf brq fqpgqb fbdgi",dragon chases the secret story,Cipher,unknown_query_chars
60d928d0,"In Alice's Wonderland, a secret set of transformation rules is applied to equations. Below are a few examples:
[%-}"" = [[[""
""""-#"" = }<@
<""-[% = <^^'
""[-^% = }''[
Now, determine the result for: }^$%?",@}',Equation,length_mismatch
60ed3f31,"In Alice's Wonderland, a secret set of transformation rules is applied to equations. Below are a few examples:
:}-^} = :<
#(+># = :@:
#>*>} = #>>}
Now, determine the result for: @%*:\",@%:\,Equation,length_mismatch
60f55291,"In Alice's Wonderland, a secret set of transformation rules is applied to equations. Below are a few examples:
|""-!{ = ?]
{!*{| = ]!]]
""!*\[ = \[]/
/:-{: = |!""
Now, determine the result for: |/*/!",/\|?,Equation,length_mismatch
60f7501d,"In Alice's Wonderland, secret encryption rules are used on text. Here are some examples:
suhhzp dzxglaesx yun -> rabbit discovers map
czousd seudx zq ylbqpuzq -> wizard reads in mountain
kqzwmp gseupex dlls -> knight creates door
pme xpsuqwe czousd seudx -> the strange wizard reads
Now, decrypt the following text: pme xztaes gup zyuwzqex",the silver cat imagines,Cipher,unknown_query_chars
610bf536,"In Alice's Wonderland, a secret set of transformation rules is applied to equations. Below are a few examples:
\^+|| = &|)
^\+&# = ""&
&}-&& = &
^%+\@ = &@\
|%+\@ = &^\
Now, determine the result for: #}-#^",^,Equation,length_mismatch
614408ea,"In Alice's Wonderland, a secret set of transformation rules is applied to equations. Below are a few examples:
32*88 = 011
71-22 = -5
86+55 = 0473
11+32 = 352
Now, determine the result for: 15*33",38,Equation,length_mismatch
61557701,"In Alice's Wonderland, a secret set of transformation rules is applied to equations. Below are a few examples:
((+|: = ::
$'+&| = ((&
'}+'& = ):
($-{| = -'""
Now, determine the result for: '{+{)",|&,Equation,length_mismatch
61766c6f,"In Alice's Wonderland, a secret set of transformation rules is applied to equations. Below are a few examples:
98[13 = 9572
33\41 = 74
23\23 = 46
Now, determine the result for: 46[34",2572,Equation,length_mismatch
6183bab7,"In Alice's Wonderland, a secret set of transformation rules is applied to equations. Below are a few examples:
/^+^[ = :/%
^]-/] = []
/^+""@ = [/
Now, determine the result for: ""{-:/",@@,Equation,length_mismatch
61abed03,"In Alice's Wonderland, secret encryption rules are used on text. Here are some examples:
fbvpxl szvpslye eywbyj -> dragon imagines secret
dbslwyee szvpslye juy eskoyb eywbyj -> princess imagines the silver secret
hgyyl ejgfsye vbxglf wvejky -> queen studies around castle
Now, decrypt the following text: dbslwyee ejgfsye myi",princess studies key,Cipher,unknown_query_chars
61bbcdc3,"In Alice's Wonderland, a secret set of transformation rules is applied to equations. Below are a few examples:
06`77 = 631
61`93 = 45
95^89 = 2875
Now, determine the result for: 75`34",99,Equation,length_mismatch
620c2521,"In Alice's Wonderland, a secret set of transformation rules is applied to equations. Below are a few examples:
35-83 = -51
63+83 = 47
54*78 = 6193
Now, determine the result for: 85*11",936,Equation,length_mismatch
621eb10d,"In Alice's Wonderland, secret encryption rules are used on text. Here are some examples:
vsa botjah dyaae fuvnsab -> the silver queen watches
fomuhw bvywoab kqqr -> wizard studies book
vsa foba utona wobnqjahb -> the wise alice discovers
Now, decrypt the following text: vaunsah gqttqfb xqvoqe",teacher follows potion,Cipher,unknown_query_chars
6253521c,"In Alice's Wonderland, secret encryption rules are used on text. Here are some examples:
ijrqu ufnyjguq ilggjg -> mouse explores mirror
ngleouqq qprtluq zjguqp -> princess studies forest
pudokug quuq pku oyusug njplje -> teacher sees the clever potion
vlhdgt vglpuq pku klttue qpjgb -> wizard writes the hidden story
Now, decrypt the following text: odp lidcleuq qpjgb",cat imagines story,Cipher,unknown_query_chars
6258d182,"In Alice's Wonderland, secret encryption rules are used on text. Here are some examples:
ydm cuvndy iwy rumwkj -> the bright cat dreams
suvzimjj ruwoj ydm nfgrmz nwurmz -> princess draws the golden garden
ydm jvgpmu uwccvy rumwkj -> the silver rabbit dreams
Now, decrypt the following text: ymwidmu vkwnvzmj tzrmu ofzrmugwzr",teacher imagines under wonderland,Cipher,unknown_query_chars
62885797,"In Alice's Wonderland, secret encryption rules are used on text. Here are some examples:
hqenxs wvvw sxv webdvo sovgwkov -> knight sees the silver treasure
skosbv wskrevw kqrvo beyogoj -> turtle studies under library
heqn cxgwvw sxv zjwsvoelkw tlovws -> king chases the mysterious forest
Now, decrypt the following text: poeqcvww roguw sovgwkov",princess draws treasure,Cipher,unknown_query_chars
62896e95,"In Alice's Wonderland, a secret set of transformation rules is applied to equations. Below are a few examples:
}&*]] = #>#
&><]] = [%
""}*[# = }%
||<""> = %|
]|<&& = <[/
Now, determine the result for: &&`}/",]]%&,Equation,length_mismatch
6290496a,"In Alice's Wonderland, secret encryption rules are used on text. Here are some examples:
crskjvii hrdpi sk ijfnnq -> princess draws in school
zfv dkjsvkz ysku ivvi -> the ancient king sees
ysku jfdivi udrhvk -> king chases garden
Now, decrypt the following text: mlvvk hrvdoi bvxnkh qsbrdrx",queen dreams beyond library,Cipher,unknown_query_chars
6296c317,"In Alice's Wonderland, a secret set of transformation rules is applied to equations. Below are a few examples:
@>:@@ = :<
[>:[\ = #
]"":"""" = :#{
\>}>"" = #{[
@[}|< = #"">
Now, determine the result for: ##:[\",:#<,Equation,length_mismatch
62c13a9b,"In Alice's Wonderland, secret encryption rules are used on text. Here are some examples:
fvdwh kqilw xbh whoqhx fzqqvq -> mouse draws the secret mirror
xbh odqzvdw wxdkhex wxdkzhw -> the curious student studies
wxdkhex kzwovnhqw xbh wxqieah aiqkhe -> student discovers the strange garden
oix qhikw xbh ochnhq kvvq -> cat reads the clever door
Now, decrypt the following text: xhiobhq kzwovnhqw yvxzve",teacher discovers potion,Cipher,unknown_query_chars
62da6274,"In Alice's Wonderland, secret encryption rules are used on text. Here are some examples:
swxtk jsqtlka qlk teweiczw gsh -> alice watches the colorful map
swxtk aqzvxka sbepk etksy -> alice studies above ocean
gezak kdhweika qlk twkpki tsaqwk -> mouse explores the clever castle
bxiv akka qlk gsoxtsw hzrrwk -> bird sees the magical puzzle
visoey cezyv xyaxvk tsaqwk -> dragon found inside castle
Now, decrypt the following text: qlk twkpki fyxolq jsqtlka",the clever knight watches,Cipher,unknown_query_chars
62ec34ac,"In Alice's Wonderland, secret encryption rules are used on text. Here are some examples:
ntfyq wcquoqy vz xvdduhq -> mouse creates in village
lcuhtz wpuyqy wceyoud -> dragon chases crystal
ofcodq stddtky huclqz -> turtle follows garden
Now, decrypt the following text: puooqc stddtky opq nuhvwud btti",hatter follows the magical book,Cipher,unknown_query_chars
62fc7798,"In Alice's Wonderland, a secret set of transformation rules is applied to equations. Below are a few examples:
>(+`& = }`
>>+}? = `]:
''+#} = '::
``+#' = `(:
Now, determine the result for: ((-&}",}&,Equation,length_mismatch
63491be4,"In Alice's Wonderland, secret encryption rules are used on text. Here are some examples:
jstv ygerz zgwygc -> king reads secret
cdg etwsgtc nmhzg ygerz -> the ancient mouse reads
elswg rygenz tgey osllevg -> alice dreams near village
deccgy rygenz ekmog bmtrgyletr -> hatter dreams above wonderland
Now, decrypt the following text: chyclg ryebz cdg wmlmyphl zgwygc",turtle draws the colorful secret,Cipher,unknown_query_chars
63500e84,"In Alice's Wonderland, secret encryption rules are used on text. Here are some examples:
jhmz ncgqb wcvfmq uhrrgzc -> king reads beyond village
qngzfm qngib xteerc -> dragon draws puzzle
whnq inhlcb shnnfn -> bird writes mirror
dgl inhlcb afncbl -> cat writes forest
Now, decrypt the following text: jmhzkl cyxrfncb hmbhqc bdkffr",knight explores inside school,Cipher,unknown_query_chars
63603ee7,"In Alice's Wonderland, a secret set of transformation rules is applied to equations. Below are a few examples:
$`+`: = $``:
&""-&[ = `
""$*^: = `""`&
Now, determine the result for: ^[-[^",-$,Equation,length_mismatch
6385674a,"In Alice's Wonderland, a secret set of transformation rules is applied to equations. Below are a few examples:
24-87 = -63
98-25 = -73
61*43 = 345
27*33 = 5732
94*24 = 7502
Now, determine the result for: 41+28",69,Equation,length_mismatch
638f93ca,"In Alice's Wonderland, a secret set of transformation rules is applied to equations. Below are a few examples:
#>*?? = /<@
$<*<' = ?<?'
$$*]` = ?]<?
$]-<@ = ?#
Now, determine the result for: $<-]$",@,Equation,length_mismatch
6402d0ee,"In Alice's Wonderland, a secret set of transformation rules is applied to equations. Below are a few examples:
03|85 = 88
74|97 = 621
17\27 = \1
94\21 = 73
Now, determine the result for: 92\86",\93,Equation,length_mismatch
642c84f0,"In Alice's Wonderland, a secret set of transformation rules is applied to equations. Below are a few examples:
|(-{/ = $
({*|| = ""$%@
/}*{{ = |/@
""`+(` = /{%
Now, determine the result for: `}*|}",{(}%,Equation,length_mismatch
64553a64,"In Alice's Wonderland, a secret set of transformation rules is applied to equations. Below are a few examples:
']:]# = :}'
`^""[] = }^`
}]|`@ = }@#'
Now, determine the result for: !@""`/",}#',Equation,length_mismatch
648e2da2,"In Alice's Wonderland, a secret set of transformation rules is applied to equations. Below are a few examples:
84-33 = 51
67*35 = 8204
02*81 = 063
Now, determine the result for: 34+88",031,Equation,length_mismatch
64943206,"In Alice's Wonderland, secret encryption rules are used on text. Here are some examples:
jsqupvhh kfiplvh evx -> princess watches key
sfaaqi kfiplvh quhqbv qhtfub -> rabbit watches inside island
ilv hisfuyv drvvu hvvh -> the strange queen sees
lfiivs kfiplvh avxoub hploot -> hatter watches beyond school
Now, decrypt the following text: pfi hirbqvh ilv yotbvu gvhhfyv",cat studies the golden message,Cipher,unknown_query_chars
64a4121a,"In Alice's Wonderland, secret encryption rules are used on text. Here are some examples:
rvt bnht rtalvto gnhlmxtoh -> the wise teacher discovers
rtalvto bonrth rvt htlotr ynoomo -> teacher writes the secret mirror
rvt qmsgte ionelthh gotayh -> the golden princess dreams
Now, decrypt the following text: rvt yaqnlas oappnr hrzgnth",the magical rabbit studies,Cipher,unknown_query_chars
64b2cbb6,"In Alice's Wonderland, a secret set of transformation rules is applied to equations. Below are a few examples:
:@&(( = ?<#(
:<""}# = :?
@(*@$ = }^
?|*}^ = ?(
#^""}< = #:
Now, determine the result for: ((*|<",*^#,Equation,length_mismatch
64c494d5,"In Alice's Wonderland, secret encryption rules are used on text. Here are some examples:
noq cqyhsbc qxb cqtovub uothbv -> cat studies the strange garden
qxb fzcqbtsiyc rybbv aoqnxbc -> the mysterious queen watches
noq cqyhsbc qxtiyux uothbv -> cat studies through garden
Now, decrypt the following text: qxb hotg asmoth tbohc",the dark wizard reads,Cipher,unknown_query_chars
64c53621,"In Alice's Wonderland, a secret set of transformation rules is applied to equations. Below are a few examples:
[[-&` = -<>
>#+`| = `$>
|#*|` = |<&#
<#+<' = `>>
Now, determine the result for: `$*##",&>'$,Equation,length_mismatch
64d775e5,"In Alice's Wonderland, a secret set of transformation rules is applied to equations. Below are a few examples:
<$+@< = @<<$
$`*`% = /$%$
&$+<% = <%&$
&`*/! = &$@/
Now, determine the result for: )<+$&",$&)<,Equation,length_mismatch
64e9f690,"In Alice's Wonderland, secret encryption rules are used on text. Here are some examples:
wum sqvgnqt wqvwbm hvdyt -> the curious turtle draws
wum pdogsdb vdffgw xnbbnyt -> the magical rabbit follows
sdw sudtmt lmr -> cat chases key
Now, decrypt the following text: wum onbhmi ygadvh xnqih",the golden wizard found,Cipher,unknown_query_chars
64fd429b,"In Alice's Wonderland, secret encryption rules are used on text. Here are some examples:
taiyzb vmphoc kpswav icrhav -> knight dreams beyond island
bphfzpm dwrrwuc dwmpcb -> teacher follows forest
fhb umibpc bzp fwrwmdnr cbwms -> cat writes the colorful story
Now, decrypt the following text: hrifp dwnav bzmwnyz ehrrps",alice found through valley,Cipher,unknown_query_chars
64fe405e,"In Alice's Wonderland, a secret set of transformation rules is applied to equations. Below are a few examples:
69<51 = 18
56\81 = 4535
44%71 = 115
58\29 = 1681
Now, determine the result for: 32<33",1,Equation,length_mismatch
6548d382,"In Alice's Wonderland, a secret set of transformation rules is applied to equations. Below are a few examples:
(""[^( = (""^(
^:'("" = >\\
\:[>: = \:>:
Now, determine the result for: \@'((",/\,Equation,length_mismatch
656cfb5f,"In Alice's Wonderland, a secret set of transformation rules is applied to equations. Below are a few examples:
83*09 = 1243
26-52 = -73
73-39 = -65
Now, determine the result for: 72+44",17,Equation,length_mismatch
657bcae9,"In Alice's Wonderland, a secret set of transformation rules is applied to equations. Below are a few examples:
[(#]( = '""&
($^""} = >}$
}}^&| = (>|}
'|#[' = &$
>(#([ = '$>
Now, determine the result for: >|#>}",'}[,Equation,length_mismatch
65a61279,"In Alice's Wonderland, a secret set of transformation rules is applied to equations. Below are a few examples:
]^*^] = $<%/
}/*^^ = %%//
?""-""< = {$
""""+^} = ??
Now, determine the result for: ]/*<]",?]$/,Equation,length_mismatch
65add53a,"In Alice's Wonderland, a secret set of transformation rules is applied to equations. Below are a few examples:
[?*?\ = !\!]
]%+&& = %[]
%}+}& = [?
Now, determine the result for: }^*%]",]}%,Equation,length_mismatch
65b13ba2,"In Alice's Wonderland, a secret set of transformation rules is applied to equations. Below are a few examples:
/%{@] = ]%#%
@""+]@ = |'
#|\]' = |@
^/\#^ = \^]
Now, determine the result for: #@{]""","]/""}",Equation,length_mismatch
65c52214,"In Alice's Wonderland, a secret set of transformation rules is applied to equations. Below are a few examples:
67-65 = -02
06+31 = 37
44*27 = 7613
94+19 = 041
Now, determine the result for: 67*25",1593,Equation,length_mismatch
65f64bfe,"In Alice's Wonderland, secret encryption rules are used on text. Here are some examples:
rnz jghxze ugfmep jrtpgzj -> the silver wizard studies
pemsbv anmjzj smepzv -> dragon chases garden
mhgaz ybtvp jzaezr -> alice found secret
emiigr pgjabxzej amjrhz -> rabbit discovers castle
Now, decrypt the following text: rzmanze aezmrzj lzw",teacher creates key,Cipher,unknown_query_chars
662fd21c,"In Alice's Wonderland, a secret set of transformation rules is applied to equations. Below are a few examples:
51!65 = 116
43[47 = 2022
20[79 = 1581
Now, determine the result for: 70]53",17,Equation,length_mismatch
66338d95,"In Alice's Wonderland, secret encryption rules are used on text. Here are some examples:
lnhvt ctlia jpt phiitz etaalst -> alice reads the hidden message
jpt phiitz ajfitzj rljvpta -> the hidden student watches
kchzvtaa helshzta vlajnt -> princess imagines castle
jpt elshvln edfat ajfihta -> the magical mouse studies
cloohj mdnndra jpt phiitz oddx -> rabbit follows the hidden book
Now, decrypt the following text: jpt atvctj bfttz tukndcta",the secret queen explores,Cipher,unknown_query_chars
66a0856f,"In Alice's Wonderland, a secret set of transformation rules is applied to equations. Below are a few examples:
70-75 = 7075
60-87 = 6087
53-49 = 5349
Now, determine the result for: 74[36",38,Equation,length_mismatch
66c5974c,"In Alice's Wonderland, a secret set of transformation rules is applied to equations. Below are a few examples:
71-82 = 11
37-69 = 32
41*28 = 1148
64*58 = 3712
18^30 = 49
Now, determine the result for: 55^24",80,Equation,length_mismatch
66c7ff81,"In Alice's Wonderland, secret encryption rules are used on text. Here are some examples:
lcqyoi kgppgfb ioe jhdqghb len -> knight follows the curious key
ioe jgpgdkhp ihdipe josbeb -> the colorful turtle chases
mqdv josbeb ioe vsdl rebbsye -> bird chases the dark message
ioe jpexed ihdipe qrsyqceb -> the clever turtle imagines
Now, decrypt the following text: aheec vdsfb vggd",queen draws door,Cipher,unknown_query_chars
671a6761,"In Alice's Wonderland, secret encryption rules are used on text. Here are some examples:
jbt olgt olszqv mbzgtg -> the wise wizard chases
mzj dckkcog jbt glkntq mzgjkt -> cat follows the silver castle
jtzmbtq gjpvltg zfcnt nlkkzat -> teacher studies above village
Now, decrypt the following text: qzfflj dcprv jbt uwgjtqlcpg xtw",rabbit found the mysterious key,Cipher,unknown_query_chars
672029b2,"In Alice's Wonderland, a secret set of transformation rules is applied to equations. Below are a few examples:
27*77 = 4455
18*84 = 8883
78*99 = 3168
Now, determine the result for: 98-83",31,Equation,length_mismatch
673d0b1b,"In Alice's Wonderland, secret encryption rules are used on text. Here are some examples:
ofj mhvoblynv jnyfvuny -> cat discovers treasure
jxy mfnw pbuvy oxfvyv -> the dark mouse chases
jxy obrbnzur euyya onyfjyv -> the colorful queen creates
jyfoxyn onyfjyv uamyn voxbbr -> teacher creates under school
ihtfnm oxfvyv fdbly boyfa -> wizard chases above ocean
Now, decrypt the following text: jxy obrbnzur junjry ygsrbnyv",the colorful turtle explores,Cipher,unknown_query_chars
6782db61,"In Alice's Wonderland, secret encryption rules are used on text. Here are some examples:
axvtq nsare adwyq wtqal -> alice draws above ocean
ubsuxq rautiqe uiq mgeuqsvwbe eqtsqu -> turtle watches the mysterious secret
tau vmakvlqe uiq altvqlu mqeeakq -> cat imagines the ancient message
nsakwl vmakvlqe fbppxq -> dragon imagines puzzle
Now, decrypt the following text: dvsn qjfxwsqe usqaebsq",bird explores treasure,Cipher,unknown_query_chars
67995540,"In Alice's Wonderland, a secret set of transformation rules is applied to equations. Below are a few examples:
/""^/% = ""'
(/|]@ = |""'
(/:@"" = ))]/
Now, determine the result for: ""&|@'",|%@,Equation,length_mismatch
67aa8dc6,"In Alice's Wonderland, secret encryption rules are used on text. Here are some examples:
msiih wfshb yqzfseq cdtohb -> queen found through island
yqi qcbbih ucnozb dysbcid -> the hidden wizard studies
yszyti igptfzid yqi bozr kop -> turtle explores the dark map
yqi qcbbih yszyti diid -> the hidden turtle sees
yszyti bziokd hioz aottix -> turtle dreams near valley
Now, decrypt the following text: yszyti bziokd vixfhb wfzidy",turtle dreams beyond forest,Cipher,unknown_query_chars
67de8e10,"In Alice's Wonderland, a secret set of transformation rules is applied to equations. Below are a few examples:
27+72 = 99
26+02 = 28
08-25 = 82
69-37 = 32
58+15 = 631
Now, determine the result for: 69+47",071,Equation,length_mismatch
67f1bc8a,"In Alice's Wonderland, a secret set of transformation rules is applied to equations. Below are a few examples:
72-79 = 8162
69?68 = 01?
35?88 = 53
31?46 = 15
76>64 = 311
Now, determine the result for: 77-61",1321,Equation,length_mismatch
67ff169c,"In Alice's Wonderland, secret encryption rules are used on text. Here are some examples:
vdmmy phmfkme knhjdgn gfhsmy -> queen creates through garden
kmfpnmh emme gfhsmy -> teacher sees garden
cjdem shfqe dysmh pfekum -> mouse draws under castle
Now, decrypt the following text: qixfhs ojuujqe fwjzm ziuufgm",wizard follows above village,Cipher,unknown_query_chars
680b66f2,"In Alice's Wonderland, a secret set of transformation rules is applied to equations. Below are a few examples:
<{*^& = ^&<{
^|-[$ = ^<
[}*|< = |<[}
Now, determine the result for: !<+<\",}$,Equation,length_mismatch
680f19b3,"In Alice's Wonderland, a secret set of transformation rules is applied to equations. Below are a few examples:
28@11 = 308
76?18 = 7618
53)50 = )3
31?65 = 3165
Now, determine the result for: 97?56",9756,Equation,length_mismatch
68158a62,"In Alice's Wonderland, secret encryption rules are used on text. Here are some examples:
mox bfwfgkdw gurrhm gxuqv -> the colorful rabbit reads
mdgmwx hiushexv ihggfg -> turtle imagines mirror
mox ohqqxe oummxg kfwwfav -> the hidden hatter follows
rhgq kfdeq mox rghsom vmfgl -> bird found the bright story
zehsom qguav kfgxvm -> knight draws forest
Now, decrypt the following text: ahjugq qhvbfcxgv mox vmguesx ihggfg",wizard discovers the strange mirror,Cipher,unknown_query_chars
684013e1,"In Alice's Wonderland, secret encryption rules are used on text. Here are some examples:
dih jhanhd jdtghmd lnvdhj -> the secret student writes
svmc lnvdhj dih crkghm phjjfch -> king writes the golden message
xthhm vpfcvmhj vm prtmdfvm -> queen imagines in mountain
jdtghmd lfdaihj urnhjd -> student watches forest
onvmahjj jhhj tmghn ofkfah -> princess sees under palace
Now, decrypt the following text: jdtghmd hyokrnhj dih znvcid anejdfk",student explores the bright crystal,Cipher,unknown_query_chars
6848a4e8,"In Alice's Wonderland, a secret set of transformation rules is applied to equations. Below are a few examples:
\^*\[ = '<%<
<%*%% = ""$\'
""%*""\ = """"^|
|\+<$ = $['
Now, determine the result for: %|+<<",\$,Equation,length_mismatch
684de068,"In Alice's Wonderland, a secret set of transformation rules is applied to equations. Below are a few examples:
)""*}! = )}$}
?$-{"" = !
$}+!& = &)
"")*#^ = """"""^
?)*$) = ?$$&
Now, determine the result for: {""-)&","^""",Equation,length_mismatch
6852113b,"In Alice's Wonderland, secret encryption rules are used on text. Here are some examples:
kpu vjeklrsoe uds njes fpovsi -> cat discovers the wise garden
uds bojfdu opbbju nojuse -> the bright rabbit writes
kpu ospve ispo rpyysg -> cat reads near valley
Now, decrypt the following text: xjif vjeklrsoe uds hpfjkpy uospemos",king discovers the magical treasure,Cipher,unknown_query_chars
685be3a7,"In Alice's Wonderland, a secret set of transformation rules is applied to equations. Below are a few examples:
|?*|& = [$?
`&*<| = `>`$
`<*`| = $|&!
Now, determine the result for: !?+`:",>$$,Equation,length_mismatch
6882b8f0,"In Alice's Wonderland, secret encryption rules are used on text. Here are some examples:
mfw fxiiwp mwdcfwo zgaagql -> the hidden teacher follows
mfw fxiiwp hoxpcwll xydvxpwl -> the hidden princess imagines
mfw eoxvfm hoxpcwll xydvxpwl -> the bright princess imagines
Now, decrypt the following text: fdmmwo cowdmwl mfogrvf axeodok",hatter creates through library,Cipher,unknown_query_chars
688c807b,"In Alice's Wonderland, a secret set of transformation rules is applied to equations. Below are a few examples:
76&34 = &42
49<39 = 88
50&40 = &10
64&35 = &29
Now, determine the result for: 28\64",1793,Equation,length_mismatch
68903918,"In Alice's Wonderland, a secret set of transformation rules is applied to equations. Below are a few examples:
54/69 = 15
92/78 = 14
23+20 = 43
Now, determine the result for: 59-69",4072,Equation,length_mismatch
6897f05e,"In Alice's Wonderland, a secret set of transformation rules is applied to equations. Below are a few examples:
>\-\/ = ""\
:/-/"" = :>
%\+%! = %\%!
:""*?% = :::""
Now, determine the result for: :%+::",:%::,Equation,length_mismatch
689cea6b,"In Alice's Wonderland, secret encryption rules are used on text. Here are some examples:
lcwwx hwwh xwfj havyyn -> queen sees near school
bvw acjzych vfbbwj hbcgzwh -> the curious hatter studies
bvw hznkwj bwfavwj hbcgzwh -> the silver teacher studies
Now, decrypt the following text: bvw fxazwxb qjzxawhh tfbavwh",the ancient princess watches,Cipher,unknown_query_chars
68b9b9a8,"In Alice's Wonderland, a secret set of transformation rules is applied to equations. Below are a few examples:
73*37 = 1072
16*82 = 8071
84*78 = 6714
11+42 = 63
71+39 = 111
Now, determine the result for: 45*18",4734,Equation,length_mismatch
68eb43f1,"In Alice's Wonderland, secret encryption rules are used on text. Here are some examples:
tvbbwx jxwvki btxomrt qviblw -> hatter dreams through castle
btw iplhwx emwwz jxwvki -> the silver queen dreams
vlpqw wayloxwi fwc -> alice explores key
qvb svbqtwi vxomzj oqwvz -> cat watches around ocean
spdvxj jxvsi zwvx pilvzj -> wizard draws near island
Now, decrypt the following text: komiw jxwvki btw qoloxgml kvy",mouse dreams the colorful map,Cipher,unknown_query_chars
6914a55d,"In Alice's Wonderland, secret encryption rules are used on text. Here are some examples:
ltkkjm hjjh klj vmdilk geem -> hatter sees the bright door
vdmg cmdkjh da qtffjo -> bird writes in valley
klj tandjak cdytmg hjjh -> the ancient wizard sees
klj cdhj hkbgjak cmdkjh -> the wise student writes
Now, decrypt the following text: pdai nlthjh klj vmdilk geem",king chases the bright door,Cipher,unknown_query_chars
69197d42,"In Alice's Wonderland, a secret set of transformation rules is applied to equations. Below are a few examples:
06{33 = 72{
78%14 = 7653
65%98 = 4894
93%03 = 0711
Now, determine the result for: 27%73",4662,Equation,length_mismatch
691f2f76,"In Alice's Wonderland, a secret set of transformation rules is applied to equations. Below are a few examples:
65+55 = 111
15+04 = 19
03+34 = 37
13+44 = 57
Now, determine the result for: 57+85",331,Equation,length_mismatch
693432da,"In Alice's Wonderland, a secret set of transformation rules is applied to equations. Below are a few examples:
^?*[? = \${|
[(-[? = -|
(>*[$ = \|$$
{[+(\ = |^$
Now, determine the result for: ?(+>^",|>[,Equation,length_mismatch
69771374,"In Alice's Wonderland, a secret set of transformation rules is applied to equations. Below are a few examples:
'(*(} = ']]
)}*([ = )<>}
[[*#) = )}})
>(*>( = ##(
Now, determine the result for: <'+)#",#}(,Equation,length_mismatch
69aa57b3,"In Alice's Wonderland, a secret set of transformation rules is applied to equations. Below are a few examples:
65+83 = 8365
62-23 = -6
69*72 = 2952
Now, determine the result for: 72+44",4472,Equation,length_mismatch
69eccfa5,"In Alice's Wonderland, a secret set of transformation rules is applied to equations. Below are a few examples:
^^+!) = #[
"")-$! = -""
\|+\! = |$
|)*|) = |!!
Now, determine the result for: $$-)|",\^,Equation,length_mismatch
69fe4b0d,"In Alice's Wonderland, a secret set of transformation rules is applied to equations. Below are a few examples:
90#96 = 8639
63^42 = 105
61#74 = 4513
31#74 = 2293
58^68 = 126
Now, determine the result for: 70-11",59,Equation,length_mismatch
6a12624f,"In Alice's Wonderland, secret encryption rules are used on text. Here are some examples:
mwo uohsom nlzpwm asotgu -> the secret knight dreams
vzsa sotau htumxo -> bird reads castle
mwo pkxaol txzho asotgu -> the golden alice dreams
mwo gtpzhtx astpkl uoou -> the magical dragon sees
Now, decrypt the following text: mwo hkxksdex gkeuo dkela",the colorful mouse found,Cipher,unknown_query_chars
6a5cd9ec,"In Alice's Wonderland, a secret set of transformation rules is applied to equations. Below are a few examples:
!!%(( = $$
<$%(| = $!
$$-|$ = -/[
(?%|? = //(
|/#?| = !![^
Now, determine the result for: <$#|?",<[<\,Equation,length_mismatch
6a9cf9e1,"In Alice's Wonderland, secret encryption rules are used on text. Here are some examples:
dvwe mrvyqc yrqacirq -> king writes treasure
kay knacqc dqh -> cat chases key
mvgarx lpiwx cqkrqy -> wizard found secret
Now, decrypt the following text: xraepw lpiwx ynq cqkrqy fvrrpr",dragon found the secret mirror,Cipher,unknown_query_chars
6ab04968,"In Alice's Wonderland, a secret set of transformation rules is applied to equations. Below are a few examples:
66""29 = 1915
59(88 = 29
12(79 = 67
36(96 = 60
Now, determine the result for: 20""62",1241,Equation,length_mismatch
6ac4d8c2,"In Alice's Wonderland, a secret set of transformation rules is applied to equations. Below are a few examples:
08-29 = -21
78*63 = 3313
86*23 = 7712
Now, determine the result for: 17+76",831,Equation,length_mismatch
6b2e0c5a,"In Alice's Wonderland, a secret set of transformation rules is applied to equations. Below are a few examples:
/:[$@ = :^
(]*/$ = !^:
:@*:] = @}
!![/} = [^$
!:*/$ = (@
Now, determine the result for: ':""/$",!(:',Equation,length_mismatch
6b393b81,"In Alice's Wonderland, a secret set of transformation rules is applied to equations. Below are a few examples:
19>36 = 1936
63>24 = 6324
36>39 = 3639
50<19 = 5019
65<72 = 6572
Now, determine the result for: 40>46",4046,Equation,length_mismatch
6b769a9e,"In Alice's Wonderland, a secret set of transformation rules is applied to equations. Below are a few examples:
56-36 = 821
84{57 = 9953
51+19 = +67
Now, determine the result for: 24+17",+92,Equation,length_mismatch
6ba59385,"In Alice's Wonderland, secret encryption rules are used on text. Here are some examples:
oeigc towgzcj wzvuxqz jgzuue -> alice watches through school
fikq iboqikcj rcauky gojwec -> king imagines beyond castle
pxcck dueeutj wzc queyck gojwec -> queen follows the golden castle
yvoquk jwxyicj ikjiyc duvcjw -> dragon studies inside forest
Now, decrypt the following text: tihovy gzojcj kcov qovyck",wizard chases near garden,Cipher,unknown_query_chars
6bbfc336,"In Alice's Wonderland, secret encryption rules are used on text. Here are some examples:
hyem urntqag nqa qykkae lfcagn -> king watches the hidden forest
oyck ydrmyeag daggrma -> bird imagines message
dfiga kygtfwacg mrckae -> mouse discovers garden
trn tcarnag dyccfc -> cat creates mirror
kcrmfe kygtfwacg nqa drmytrs haj -> dragon discovers the magical key
Now, decrypt the following text: nqa gyswac pcyetagg tqrgag",the silver princess chases,Cipher,unknown_query_chars
6bd59a1f,"In Alice's Wonderland, a secret set of transformation rules is applied to equations. Below are a few examples:
35+01 = 34
74$02 = 939
93[74 = 68
72[49 = 121
41$63 = 305
Now, determine the result for: 82$15",7241,Equation,length_mismatch
6be00ae9,"In Alice's Wonderland, a secret set of transformation rules is applied to equations. Below are a few examples:
35*26 = 6823
46*41 = 698
61-26 = -64
52*43 = 058
07-66 = -4
Now, determine the result for: 29+11",401,Equation,length_mismatch
6beb3a1f,"In Alice's Wonderland, a secret set of transformation rules is applied to equations. Below are a few examples:
&\*&[ = [`?^
:)-^^ = [?
&`-/} = [`
^:*`: = /\/:
Now, determine the result for: `)-/[",??,Equation,length_mismatch
6bef7413,"In Alice's Wonderland, a secret set of transformation rules is applied to equations. Below are a few examples:
42*06 = 0441
87+04 = 711
46*25 = 8233
71+58 = 101
Now, determine the result for: 01-29",-28,Equation,length_mismatch
6c236f0b,"In Alice's Wonderland, secret encryption rules are used on text. Here are some examples:
sjccqi qkjoqwxn nimsu -> rabbit imagines story
vsqwdxnn nxxn iyx kjoqdjb kjv -> princess sees the magical map
gsjomw qkjoqwxn amsxni -> dragon imagines forest
jbqdx gsjtn ewgxs imtxs -> alice draws under tower
Now, decrypt the following text: ixjdyxs gsxjkn iyx dbxlxs vehhbx",teacher dreams the clever puzzle,Cipher,unknown_query_chars
6c30f260,"In Alice's Wonderland, a secret set of transformation rules is applied to equations. Below are a few examples:
?\+!' = ]@
[]+([ = !#
(:*[' = '!:
:#+:: = (]'
Now, determine the result for: [?-:[",-\(,Equation,length_mismatch
6c402bb7,"In Alice's Wonderland, a secret set of transformation rules is applied to equations. Below are a few examples:
38>92 = 7042
13>39 = 3882
12`84 = 72
43`65 = 22
Now, determine the result for: 81-52",44,Equation,length_mismatch
6c7231ac,"In Alice's Wonderland, a secret set of transformation rules is applied to equations. Below are a few examples:
$#+$/ = <|#
$&+:: = !`#
:/+#` = $|#
Now, determine the result for: &}+#}",:/#,Equation,length_mismatch
6c7c092a,"In Alice's Wonderland, secret encryption rules are used on text. Here are some examples:
karqlaf gorwghat harf gtbrhn -> teacher imagines near island
kla lgnnah ufghqatt gorwghat -> the hidden princess imagines
kla qsfgyst oysta taat -> the curious mouse sees
Now, decrypt the following text: jgirfn nfrjt gh kyjaf",wizard draws in tower,Cipher,unknown_query_chars
6c7f24b7,"In Alice's Wonderland, a secret set of transformation rules is applied to equations. Below are a few examples:
$^+|) = ?'|
&'*)/ = &??|
&^-&^ = &
Now, determine the result for: $'-^$",^,Equation,length_mismatch
6c9e4485,"In Alice's Wonderland, a secret set of transformation rules is applied to equations. Below are a few examples:
85>17 = 31
28%99 = 8118
47%77 = 8965
68>34 = 34>
31%97 = 7201
Now, determine the result for: 28%34",6253,Equation,length_mismatch
6cc5dafb,"In Alice's Wonderland, a secret set of transformation rules is applied to equations. Below are a few examples:
>&-'& = #%
)#\^( = ##']
))-&^ = "")
>#\""& = ^#)
Now, determine the result for: ^&!>)",)(,Equation,length_mismatch
6cc637ea,"In Alice's Wonderland, secret encryption rules are used on text. Here are some examples:
zhbgk ptkmzg fmtpkv -> mouse dreams garden
gobpkvo rhbvp gohtx -> student found story
wlsmtp lzmflvkg oqk zmflemy fmtpkv -> wizard imagines the magical garden
Now, decrypt the following text: emo gobplkg oqk gotmvfk dhha",cat studies the strange book,Cipher,unknown_query_chars
6cd73bdd,"In Alice's Wonderland, a secret set of transformation rules is applied to equations. Below are a few examples:
29{89 = 6109
49#54 = 931
58{62 = 0122
03#77 = 701
44#82 = 27
Now, determine the result for: 37{28",6895,Equation,length_mismatch
6cdc3a9f,"In Alice's Wonderland, a secret set of transformation rules is applied to equations. Below are a few examples:
38>14 = 53
46!64 = 2944
64&98 = &34
36&13 = &23
Now, determine the result for: 43!76",3268,Equation,length_mismatch
6d12b823,"In Alice's Wonderland, secret encryption rules are used on text. Here are some examples:
vmthjdaa yxbjsda cemdab -> princess watches forest
bsd nxmp ytqxmn mdxna -> the dark wizard reads
bsd xhjtdhb nmxoeh celhn -> the ancient dragon found
ptho adda bsmelos welhbxth -> king sees through mountain
Now, decrypt the following text: itmn ntajegdma wxv",bird discovers map,Cipher,unknown_query_chars
6d3b9da4,"In Alice's Wonderland, a secret set of transformation rules is applied to equations. Below are a few examples:
58[99 = 4148
26'22 = 04'
74<53 = 28
02'83 = 81
93'61 = 32'
Now, determine the result for: 67<32",99,Equation,length_mismatch
6d4977ec,"In Alice's Wonderland, secret encryption rules are used on text. Here are some examples:
qru nzcu bxzkgucc noqgruc -> the wise princess watches
roqqux axonc mzxxvx -> hatter draws mirror
mvycu noqgruc mzxxvx -> mouse watches mirror
syuuk axonc wufvka goju -> queen draws beyond cave
Now, decrypt the following text: syuuk axuomc qru aoxt mzxxvx",queen dreams the dark mirror,Cipher,unknown_query_chars
6d6d0531,"In Alice's Wonderland, a secret set of transformation rules is applied to equations. Below are a few examples:
$[)/^ = )@^
""/+@? = ""/@?
/@+@? = /@@?
@'+`[ = @'`[
Now, determine the result for: /')`&",)@/,Equation,length_mismatch
6d87d164,"In Alice's Wonderland, a secret set of transformation rules is applied to equations. Below are a few examples:
]}*\( = \(]}
']+'' = }&
[\*]] = ]][\
(&-`' = (]
\\*'% = '%\\
Now, determine the result for: [&+}&",'[,Equation,length_mismatch
6da9eb9a,"In Alice's Wonderland, a secret set of transformation rules is applied to equations. Below are a few examples:
72""37 = 101
71&76 = 9311
47&05 = 0073
06""29 = 351
37""41 = 88
Now, determine the result for: 36&47",2664,Equation,length_mismatch
6dacf247,"In Alice's Wonderland, a secret set of transformation rules is applied to equations. Below are a few examples:
@%$)/ = />@
%[]>' = >/@[
""/$<% = >@@
<)\""@ = )@
Now, determine the result for: ?'\['",/,Equation,length_mismatch
6dda26c0,"In Alice's Wonderland, a secret set of transformation rules is applied to equations. Below are a few examples:
47-51 = 2396
32[26 = 3226
50*72 = *22
Now, determine the result for: 46[43",4643,Equation,length_mismatch
6de4855a,"In Alice's Wonderland, a secret set of transformation rules is applied to equations. Below are a few examples:
)!-') = {{
""^*("" = |\{
((-!! = ||
\|+)^ = {""|
!""*|# = #!){
Now, determine the result for: )'+'(",{|^,Equation,length_mismatch
6e2f2d29,"In Alice's Wonderland, secret encryption rules are used on text. Here are some examples:
zwpdt nazlj rpaasa -> alice draws mirror
zwpdt nazlj jtdatg -> alice draws secret
nazusm fsymn qto -> dragon found key
Now, decrypt the following text: iapmdtjj fsymn mtza rsymgzpm",princess found near mountain,Cipher,unknown_query_chars
6e3f32d5,"In Alice's Wonderland, secret encryption rules are used on text. Here are some examples:
jqla flqugt bgwl nwlagb -> bird writes near garden
udluig tggt jrrh -> turtle sees book
uxg xqaagb tudagbu qownqbgt -> the hidden student imagines
Now, decrypt the following text: zdggb alwft uxg yigvgl nwlagb",queen draws the clever garden,Cipher,unknown_query_chars
6e4afac0,"In Alice's Wonderland, secret encryption rules are used on text. Here are some examples:
zlkvwql zwwz lnw ouzlwesbkz ytzlxw -> student sees the mysterious castle
lnw zwyewl txsyw rtlynwz -> the secret alice watches
ikwwq yewtlwz vbbe -> queen creates door
etmmsl sotgsqwz vbbe -> rabbit imagines door
lnw mesgnl ikwwq abkqv -> the bright queen found
Now, decrypt the following text: etmmsl abxxbrz jwu",rabbit follows key,Cipher,unknown_query_chars
6e56b39a,"In Alice's Wonderland, a secret set of transformation rules is applied to equations. Below are a few examples:
)>-]] = -#/
]&-%^ = -]>
[!-]) = -]/
!>-%/ = -[]
Now, determine the result for: &#-!]",-/#,Equation,length_mismatch
6e60b0c5,"In Alice's Wonderland, a secret set of transformation rules is applied to equations. Below are a few examples:
70)60 = 7060
89/98 = 8722
91/90 = 8190
79/76 = 6004
Now, determine the result for: 95)55",9555,Equation,length_mismatch
6e6401d7,"In Alice's Wonderland, a secret set of transformation rules is applied to equations. Below are a few examples:
95'87 = 8266
14'63 = 883
40'97 = 3881
Now, determine the result for: 94\93",1,Equation,length_mismatch
6e6c2ce8,"In Alice's Wonderland, a secret set of transformation rules is applied to equations. Below are a few examples:
]|*/{ = ?(![
`?*#? = #//{
`[*?{ = ]|`
/|+{] = ][[
]`*]] = |[``
Now, determine the result for: ([*#{",[#{,Equation,length_mismatch
6e6db0ef,"In Alice's Wonderland, secret encryption rules are used on text. Here are some examples:
vjkgwm udxvesu dts uecqsj bsz -> dragon studies the silver key
vjkgwm ptkusu em hwjsud -> dragon chases in forest
vjkgwm vjknu xmvsj owxmdkem -> dragon draws under mountain
vjkgwm hwccwnu kjwxmv uptwwc -> dragon follows around school
Now, decrypt the following text: ijempsuu hwxmv mskj owxmdkem",princess found near mountain,Cipher,unknown_query_chars
6e6f8d9c,"In Alice's Wonderland, a secret set of transformation rules is applied to equations. Below are a few examples:
49\62 = 86\
65\04 = 61\
68\49 = 8
14?48 = 421
29|59 = 0478
Now, determine the result for: 49?66",951,Equation,length_mismatch
6e84a668,"In Alice's Wonderland, a secret set of transformation rules is applied to equations. Below are a few examples:
!)%)# = |^{
#<?<# = )<
{)(</ = <'^{
Now, determine the result for: </(|)",|!^{,Equation,length_mismatch
6eb7349f,"In Alice's Wonderland, secret encryption rules are used on text. Here are some examples:
iln cvtkqvj jivfnsi oqaaqxj -> the curious student follows
iln jkaynt uktf jivfknj -> the silver bird studies
eskhli jnnj dkttqt -> knight sees mirror
ivtian xbiclnj dnjjbhn -> turtle watches message
Now, decrypt the following text: eskhli npraqtnj btqvsf rbabcn",knight explores around palace,Cipher,unknown_query_chars
6eb85496,"In Alice's Wonderland, a secret set of transformation rules is applied to equations. Below are a few examples:
:<-:# = -%:
@/+'< = /@]
##+]: = #^]
:#+'@ = >:]
%@-'> = -':
Now, determine the result for: %'+/>",>^],Equation,length_mismatch
6ec54946,"In Alice's Wonderland, a secret set of transformation rules is applied to equations. Below are a few examples:
{|+|^ = {%>[
[[<}& = &{^
|{<}} = &}&
Now, determine the result for: /|+[]",&>[&,Equation,length_mismatch
6f0a117d,"In Alice's Wonderland, a secret set of transformation rules is applied to equations. Below are a few examples:
[:-[[ = -'
:)*$$ = {<]@
<)+'< = []<
\\*\' = $:[
:'*[\ = @[[
Now, determine the result for: ]@-'[",-[\,Equation,length_mismatch
6f0b7840,"In Alice's Wonderland, secret encryption rules are used on text. Here are some examples:
nrajtl kthln ulcunx padx -> dragon found inside cave
cmhnxlm nucptdxrc jarnxl -> student discovers garden
qammxr orumxc precmay -> hatter writes crystal
pam nucptdxrc hlnxr vthlmaul -> cat discovers under mountain
wlujqm rxanc lxar ucyaln -> knight reads near island
Now, decrypt the following text: raiium ktyytoc lxar cpqtty",rabbit follows near school,Cipher,unknown_query_chars
6f1211e2,"In Alice's Wonderland, a secret set of transformation rules is applied to equations. Below are a few examples:
71*91 = 9171
24-75 = 51
73-16 = 42
44+75 = 101
Now, determine the result for: 45*67",6745,Equation,length_mismatch
6f37d7be,"In Alice's Wonderland, a secret set of transformation rules is applied to equations. Below are a few examples:
84*84 = 0
89*38 = 51
42\83 = 8342
Now, determine the result for: 92*91",01,Equation,length_mismatch
6f8261d9,"In Alice's Wonderland, a secret set of transformation rules is applied to equations. Below are a few examples:
/(-|\ = |
(\-^% = &%
^(-|| = |&
)^-{\ = &^
|)-|\ = )
Now, determine the result for: |(-|(",\,Equation,length_mismatch
6f88e240,"In Alice's Wonderland, a secret set of transformation rules is applied to equations. Below are a few examples:
06-41 = 47
45)45 = 0
41)12 = 7
Now, determine the result for: 43<61",445,Equation,length_mismatch
6fa10634,"In Alice's Wonderland, secret encryption rules are used on text. Here are some examples:
jfwwa zycslnwtc uxg -> queen discovers map
qayohe stwxewc ehw umcewtylfc gleyla -> knight creates the mysterious potion
rytz bxeshwc etwxcftw -> bird watches treasure
qayohe ztwxuc awxt lswxa -> knight dreams near ocean
byvxtz yuxoyawc ehw uxoysxp qwm -> wizard imagines the magical key
Now, decrypt the following text: ehw uxoysxp byvxtz dlfaz",the magical wizard found,Cipher,unknown_query_chars
6fbb60ce,"In Alice's Wonderland, secret encryption rules are used on text. Here are some examples:
qdw dpggwz diqqwk yqvgpwy -> the hidden hatter studies
gkijnz ckwiqwy iknvzg ciyqfw -> dragon creates around castle
lnvyw plijpzwy lim -> mouse imagines map
gkijnz kwigy zwik lnvzqipz -> dragon reads near mountain
Now, decrypt the following text: epuikg cdiywy awxnzg fpakikx",wizard chases beyond library,Cipher,unknown_query_chars
6fc35fc2,"In Alice's Wonderland, a secret set of transformation rules is applied to equations. Below are a few examples:
:(*() = (/^^
)^*// = )'`
`'-)? = /:
`|-() = /`
Now, determine the result for: )|+''",/}',Equation,length_mismatch
6fcbf5fd,"In Alice's Wonderland, a secret set of transformation rules is applied to equations. Below are a few examples:
<\+}\ = !`}`
}\|!} = ^)
(?+?? = ?>^(
?)+<\ = }!^!
Now, determine the result for: <)|`!",^`(,Equation,length_mismatch
6fd6e409,"In Alice's Wonderland, secret encryption rules are used on text. Here are some examples:
xdiiqf aqqa hqjgrb ldkkqj -> hatter sees beyond valley
zyqqr quwkgfqa ixq mgkbqr pgfqai -> queen explores the golden forest
ixq sdmeodk bfdmgr beaoglqfa -> the magical dragon discovers
Now, decrypt the following text: ixq bdfn zyqqr ofqdiqa",the dark queen creates,Cipher,unknown_query_chars
6fde02ef,"In Alice's Wonderland, secret encryption rules are used on text. Here are some examples:
efkgi lrffrnt bmyyfi -> alice follows puzzle
aezzic ksedkhit zai tigciz tigciz -> hatter imagines the secret secret
zai tzcehdi srmti xciest -> the strange mouse dreams
Now, decrypt the following text: bckhgitt nezgait ecrmhx veffiw",princess watches around valley,Cipher,unknown_query_chars
6fe4a872,"In Alice's Wonderland, secret encryption rules are used on text. Here are some examples:
asmakh easqjhe avh rdpjhda qiim -> turtle studies the ancient door
pra pmhrahe avh psmjise urmqhd -> cat creates the curious garden
vraahm easqjhe avh zgeahmjise wiix -> hatter studies the mysterious book
avh vjqqhd bmjdphee pvrehe -> the hidden princess chases
easqhda qjepichme avmisuv iphrd -> student discovers through ocean
Now, decrypt the following text: vraahm qmrte pmgeark",hatter draws crystal,Cipher,unknown_query_chars
70259bd0,"In Alice's Wonderland, secret encryption rules are used on text. Here are some examples:
ychm brvolzf vlz fvhrkxz vhzrfdhz -> bird watches the strange treasure
vlz mrhu bcgrhm ohzrvzf -> the dark wizard creates
rjcoz ohzrvzf dkmzh jcyhrht -> alice creates under library
rjcoz sqdkm vlz rkoczkv yqqu -> alice found the ancient book
uckx fzzf vlz xqjmzk yqqu -> king sees the golden book
Now, decrypt the following text: vdhvjz zinjqhzf vlz yhcxlv ohtfvrj",turtle explores the bright crystal,Cipher,unknown_query_chars
7031716e,"In Alice's Wonderland, a secret set of transformation rules is applied to equations. Below are a few examples:
^(-"""" = ?{@
""""+{` = ?@!?
@[:(( = ""{
^^:{[ = @""
^@-([ = ?(?
Now, determine the result for: @?:(@",{[,Equation,length_mismatch
705bb686,"In Alice's Wonderland, a secret set of transformation rules is applied to equations. Below are a few examples:
95\91 = 2211
68\29 = 3197
47^12 = 35
15<68 = 731
Now, determine the result for: 54^04",5,Equation,length_mismatch
707a6d67,"In Alice's Wonderland, secret encryption rules are used on text. Here are some examples:
hqiysl npfudg yupnfq -> knight dreams garden
lsf sinnfq purril wpilfg -> the hidden rabbit writes
glznfql npfudg lsf nuph bptgluk -> student dreams the dark crystal
Now, decrypt the following text: hiqy bsugfg lsf bckcpvzk dippcp",king chases the colorful mirror,Cipher,unknown_query_chars
707fd23a,"In Alice's Wonderland, a secret set of transformation rules is applied to equations. Below are a few examples:
37}95 = 132
54#81 = 27
37}24 = 61
56}65 = 121
Now, determine the result for: 77+42",3235,Equation,length_mismatch
70851afe,"In Alice's Wonderland, a secret set of transformation rules is applied to equations. Below are a few examples:
:)*""[ = {`??
'@+^) = '@^)
{[*""? = @`^@
Now, determine the result for: "":-`@","@""",Equation,length_mismatch
70a42118,"In Alice's Wonderland, secret encryption rules are used on text. Here are some examples:
tsuuz jxsza ihooxo -> queen found mirror
vudkruo jxeexcq vru chqu axxo -> teacher follows the wise door
vru keuluo tsuuz quuq -> the clever queen sees
Now, decrypt the following text: mzhfrv jxeexcq vru adom qukouv",knight follows the dark secret,Cipher,unknown_query_chars
70ee60d7,"In Alice's Wonderland, secret encryption rules are used on text. Here are some examples:
dhpzcsrr ohenr rschsm -> princess draws secret
wpzv paevpzsr xsgyzo mynsh -> king imagines beyond tower
msecbsh paevpzsr qyhsrm -> teacher imagines forest
mbs oehw npjeho rssr -> the dark wizard sees
Now, decrypt the following text: mbs vyuosz cem cbersr",the golden cat chases,Cipher,unknown_query_chars
71196f7e,"In Alice's Wonderland, secret encryption rules are used on text. Here are some examples:
zev qcphvk snz kvnyq -> the silver cat reads
uatqv qvvq cbqcyv xabyvkpnby -> mouse sees inside wonderland
npcsv kvnyq yaak -> alice reads door
zev wkciez qztyvbz kvnyq -> the bright student reads
zev spvhvk ztkzpv cunicbvq -> the clever turtle imagines
Now, decrypt the following text: uatqv qvvq zev qcphvk waad",mouse sees the silver book,Cipher,unknown_query_chars
712fe3e4,"In Alice's Wonderland, a secret set of transformation rules is applied to equations. Below are a few examples:
:(+@/ = @#]
$#-'@ = -(]
$?+@] = //
@/*""' = $(]/
(?+(/ = :$]
Now, determine the result for: ((*$$",:#$#,Equation,length_mismatch
71310176,"In Alice's Wonderland, a secret set of transformation rules is applied to equations. Below are a few examples:
^)'^{ = #]'
/$'^^ = /:
))?]: = |:[$
^)'|] = ]{'
/^-]) = []{
Now, determine the result for: $)-{/",:]{,Equation,length_mismatch
71333349,"In Alice's Wonderland, secret encryption rules are used on text. Here are some examples:
fznrmt cuyzp vgiuzp xnvqbqi -> knight found beyond library
pqbruz pnwdujgqw vgiuzp jnxxbrg -> dragon discovers beyond village
lnebqp dmbwgw nzwnpg udgbz -> wizard chases inside ocean
tmg pbqf bxndg nhbrnzgw -> the dark alice imagines
Now, decrypt the following text: oyggz wggw vuuf",queen sees book,Cipher,unknown_query_chars
7137d73a,"In Alice's Wonderland, a secret set of transformation rules is applied to equations. Below are a few examples:
{{+{"" = ?!/
|!+|{ = #<
|{*]{ = |!""""
?|*!{ = ]/<
Now, determine the result for: /<*?{","<""{",Equation,length_mismatch
7138d71a,"In Alice's Wonderland, a secret set of transformation rules is applied to equations. Below are a few examples:
'?*^} = '?^}
'@-\} = ?\
\[*?? = \[??
'\+}[ = ]\
Now, determine the result for: ^]-'%",\,Equation,length_mismatch
715e0259,"In Alice's Wonderland, a secret set of transformation rules is applied to equations. Below are a few examples:
]$-\\ = \!
|<(<| = \\$?
??-$\ = -]#
Now, determine the result for: ]!{?<",$|?,Equation,length_mismatch
7195cb7b,"In Alice's Wonderland, a secret set of transformation rules is applied to equations. Below are a few examples:
12[66 = [54
65\53 = 119
28}28 = 2828
49[49 = 0
68\48 = 117
Now, determine the result for: 33\34",68,Equation,length_mismatch
71d91445,"In Alice's Wonderland, a secret set of transformation rules is applied to equations. Below are a few examples:
\(/>} = @\
\%/`} = ((/
|(#""% = `>(
}(#`% = |((
>\/(( = %@/
Now, determine the result for: \""/@|",},Equation,length_mismatch
71e02000,"In Alice's Wonderland, a secret set of transformation rules is applied to equations. Below are a few examples:
56-66 = -10
25$31 = 2531
47-19 = -28
Now, determine the result for: 37$67",3767,Equation,length_mismatch
7232e0a5,"In Alice's Wonderland, secret encryption rules are used on text. Here are some examples:
devnm mqjhegmn rmketi xcbm -> mouse explores beyond cave
sum icgf devnm mqjhegmn -> the dark mouse explores
svgshm igmcdn zt hzrgcgk -> turtle dreams in library
devnm agzsmn sum rgzyus fmk -> mouse writes the bright key
Now, decrypt the following text: svgshm agzsmn sum rgzyus jvwwhm",turtle writes the bright puzzle,Cipher,unknown_query_chars
72336119,"In Alice's Wonderland, a secret set of transformation rules is applied to equations. Below are a few examples:
77>12 = 925
99?83 = 9983
92*43 = 49
69>92 = 6349
Now, determine the result for: 85>39",3316,Equation,length_mismatch
72405c90,"In Alice's Wonderland, secret encryption rules are used on text. Here are some examples:
psnya mbtouay bjsea eqvvbka -> mouse watches above village
tua ovaeai ytnfazt yaay -> the clever student sees
mqxbif awgvsiay tua yaoiat oirytbv -> wizard explores the secret crystal
Now, decrypt the following text: mqxbif ytnfqay jssc",wizard studies book,Cipher,unknown_query_chars
72413b7f,"In Alice's Wonderland, a secret set of transformation rules is applied to equations. Below are a few examples:
/""-%# = -#!
""#*?\ = ]\%
?\*?! = %???
!#*["" = {%?#
Now, determine the result for: #]+[!","""/#",Equation,length_mismatch
7291b804,"In Alice's Wonderland, secret encryption rules are used on text. Here are some examples:
zwf aojf yrffp ocsgopfj -> the wise queen imagines
ntopqfjj jzrbofj beet -> princess studies door
zwf jovhft tsmmoz btsaj -> the silver rabbit draws
jzrbfpz ievveaj nezoep -> student follows potion
Now, decrypt the following text: zwf spqofpz kopg bojqehftj",the ancient king discovers,Cipher,unknown_query_chars
7306613b,"In Alice's Wonderland, a secret set of transformation rules is applied to equations. Below are a few examples:
59+02 = 411
91+62 = 44
94+64 = 49
86-82 = 04
39*01 = 139
Now, determine the result for: 79+65",251,Equation,length_mismatch
73e0994b,"In Alice's Wonderland, a secret set of transformation rules is applied to equations. Below are a few examples:
<}+]) = /<
:]+/{ = </
||+]< = :
Now, determine the result for: <'(})",)<',Equation,length_mismatch
73eac211,"In Alice's Wonderland, secret encryption rules are used on text. Here are some examples:
zlwx qppq irp vamlpai xjjw -> bird sees the ancient door
feppa cjeax irwjebr qmrjjy -> queen found through school
feppa qiexlpq irp bjyxpa qijwk -> queen studies the golden story
irp gvblmvy rviipw hvimrpq -> the magical hatter watches
Now, decrypt the following text: slab hvimrpq eaxpw mvdp",king watches under cave,Cipher,unknown_query_chars
743a293d,"In Alice's Wonderland, a secret set of transformation rules is applied to equations. Below are a few examples:
31*58 = 5011
81*72 = 684
25+11 = 1125
96-25 = 71
25-71 = 53
Now, determine the result for: 32+24",2432,Equation,length_mismatch
7445911f,"In Alice's Wonderland, secret encryption rules are used on text. Here are some examples:
nuvmt mlvzgtm go gmcyoz -> mouse studies in island
egxyfz efgltm bymlct -> wizard writes castle
ltybdtf efgltm lftymvft -> teacher writes treasure
fykkgl zgmbuptfm yfuvoz gmcyoz -> rabbit discovers around island
Now, decrypt the following text: qfgobtmm bftyltm ktauoz hyfzto",princess creates beyond garden,Cipher,unknown_query_chars
7447875a,"In Alice's Wonderland, secret encryption rules are used on text. Here are some examples:
dshdcn vbmkgxnhm bombvn gkneo -> turtle discovers inside ocean
ecbkn vbmkgxnhm oneh lecekn -> alice discovers near palace
lhboknmm kqemnm khpmdec -> princess chases crystal
Now, decrypt the following text: ibhv mdsvbnm vggh",bird studies door,Cipher,unknown_query_chars
744a2570,"In Alice's Wonderland, a secret set of transformation rules is applied to equations. Below are a few examples:
91""19 = 51
66""02 = 6
51^95 = 47
36\45 = 2043
53\02 = 007
Now, determine the result for: 87""38",5,Equation,length_mismatch
7475f2bf,"In Alice's Wonderland, a secret set of transformation rules is applied to equations. Below are a few examples:
93\28 = 65
33(95 = 3135
88(48 = 4224
36\12 = 24
63\74 = 11
Now, determine the result for: 26+86",111,Equation,length_mismatch
747dd795,"In Alice's Wonderland, a secret set of transformation rules is applied to equations. Below are a few examples:
(!`(> = ?(@
$%|/> = ?/@(
}(`@$ = ?{?
}@`/{ = ?$@
Now, determine the result for: >!`!$",?}{,Equation,length_mismatch
74914eac,"In Alice's Wonderland, a secret set of transformation rules is applied to equations. Below are a few examples:
$${!/ = $$!/
!""(`| = :\""#
\/{]# = \/]#
/${]$ = /$]$
/:{`] = /:`]
Now, determine the result for: """"'::",::,Equation,length_mismatch
74b9b0ec,"In Alice's Wonderland, a secret set of transformation rules is applied to equations. Below are a few examples:
17$24 = 1724
64^02 = 029
26[97 = 71
Now, determine the result for: 22[38",16,Equation,length_mismatch
74fff108,"In Alice's Wonderland, a secret set of transformation rules is applied to equations. Below are a few examples:
69-27 = 95
58^91 = 33
71?49 = 3479
41?10 = 410
26-82 = 107
Now, determine the result for: 65^16",49,Equation,length_mismatch
75032b65,"In Alice's Wonderland, a secret set of transformation rules is applied to equations. Below are a few examples:
64&31 = 33
28'15 = 419
40'85 = 3399
54&29 = 25
Now, determine the result for: 52&25",27,Equation,length_mismatch
750adc0c,"In Alice's Wonderland, a secret set of transformation rules is applied to equations. Below are a few examples:
({'%@ = ({|[
%@&:% = %(
[|/%! = !@
:!':| = ::^[
Now, determine the result for: ((/!@",^/,Equation,length_mismatch
75645166,"In Alice's Wonderland, a secret set of transformation rules is applied to equations. Below are a few examples:
96*78 = 7896
51*64 = 6451
85<97 = 2854
Now, determine the result for: 35<94",7952,Equation,length_mismatch
758308ea,"In Alice's Wonderland, a secret set of transformation rules is applied to equations. Below are a few examples:
<$@(} = /'
?(\}: = (%'<
:<#%( = [[
}$#%' = }}
:}@<% = %(
Now, determine the result for: <(#<$",(,Equation,length_mismatch
759cbdde,"In Alice's Wonderland, a secret set of transformation rules is applied to equations. Below are a few examples:
18*04 = 121
82(56 = 9181
44'34 = 1
Now, determine the result for: 84*46",211,Equation,length_mismatch
75c8715e,"In Alice's Wonderland, a secret set of transformation rules is applied to equations. Below are a few examples:
[)*^/ = [>$)
[>-$# = -/
$\-^/ = -/#
Now, determine the result for: \\*>#",`^$),Equation,length_mismatch
75eaf687,"In Alice's Wonderland, a secret set of transformation rules is applied to equations. Below are a few examples:
57'86 = 7
77?09 = 1396
56*96 = 431
54'72 = 81
Now, determine the result for: 79'82",96,Equation,length_mismatch
763c53e3,"In Alice's Wonderland, secret encryption rules are used on text. Here are some examples:
zdr wybfrs txqwr wzqeyrw -> the silver mouse studies
zdr wzsphcr zrpldrs lsrpzrw -> the strange teacher creates
txqwr lsrpzrw zdr lxbxsvqb zsrpwqsr -> mouse creates the colorful treasure
Now, decrypt the following text: wzqerhz eywlxfrsw urn",student discovers key,Cipher,unknown_query_chars
764b4288,"In Alice's Wonderland, a secret set of transformation rules is applied to equations. Below are a few examples:
72^14 = 41
63^22 = 41
68^34 = 34
Now, determine the result for: 49^76",72,Equation,length_mismatch
76587d66,"In Alice's Wonderland, a secret set of transformation rules is applied to equations. Below are a few examples:
>@-%@ = (/
^`-]@ = ]%
^/*%^ = >]](
Now, determine the result for: ]`-]>",],Equation,length_mismatch
7660ac93,"In Alice's Wonderland, a secret set of transformation rules is applied to equations. Below are a few examples:
((*%"" = {@
!(|@> = |(&
""]|]/ = |@(
(/->] = ""%!/
{!-&> = &""]>
Now, determine the result for: !&*>!",{&,Equation,length_mismatch
767174e8,"In Alice's Wonderland, a secret set of transformation rules is applied to equations. Below are a few examples:
^<\`! = /!\
!}{/} = `]}`
#/{}^ = `!`/
''\#} = !/
Now, determine the result for: `<?</",]},Equation,length_mismatch
7681df4d,"In Alice's Wonderland, a secret set of transformation rules is applied to equations. Below are a few examples:
!`-`! = ""
!{+&` = ??
@""+?! = {&&
&{+?< = <#
""!-#{ = {&
Now, determine the result for: &@-!!",<,Equation,length_mismatch
7688e06e,"In Alice's Wonderland, a secret set of transformation rules is applied to equations. Below are a few examples:
06-63 = 42
96-32 = 64
87-15 = 72
58-64 = 93
87-63 = 24
Now, determine the result for: 63-19",-55,Equation,length_mismatch
76a978ef,"In Alice's Wonderland, secret encryption rules are used on text. Here are some examples:
rbg pugjgh hkffdr agga -> the clever rabbit sees
pkr ckrpbga lgkh mkhngl -> cat watches near garden
bkrrgh hgkna qewwug -> hatter reads puzzle
rehrug gsquohga rbg bdnngl phvarku -> turtle explores the hidden crystal
zeggl arendga agphgr -> queen studies secret
Now, decrypt the following text: yldmbr phgkrga rbhoemb qkukpg",knight creates through palace,Cipher,unknown_query_chars
76b79a0c,"In Alice's Wonderland, a secret set of transformation rules is applied to equations. Below are a few examples:
99}79 = 691
24}03 = 27
14}25 = 39
42@14 = 489
Now, determine the result for: 23@19",2192,Equation,length_mismatch
76b8deac,"In Alice's Wonderland, secret encryption rules are used on text. Here are some examples:
ohti jssj pcs zuwhbuy ptsujgts -> bird sees the magical treasure
pcs wdyisa bup jpgihsj -> the golden cat studies
pcs jptuaws bup bcujsj -> the strange cat chases
vhaw sqnydtsj pcs zuwhbuy ptsujgts -> king explores the magical treasure
Now, decrypt the following text: jpgisap bcujsj utdgai mdtsjp",student chases around forest,Cipher,unknown_query_chars
76c48f67,"In Alice's Wonderland, a secret set of transformation rules is applied to equations. Below are a few examples:
${)$| = !<|
<{\!] = '?\
!'\^] = {
<?\#$ = $\
Now, determine the result for: ']`|?",']#|,Equation,length_mismatch
76c613de,"In Alice's Wonderland, secret encryption rules are used on text. Here are some examples:
ldvjwc mpiqau nihydm zqucxi -> knight dreams beyond castle
cwi rvui mpqjyd vaqjvdiu -> the wise dragon imagines
bpvdziuu uctmviu cwi mqpl cpiqutpi -> princess studies the dark treasure
Now, decrypt the following text: lvdj oyxxyru diqp zqucxi",king follows near castle,Cipher,unknown_query_chars
76d2ee64,"In Alice's Wonderland, a secret set of transformation rules is applied to equations. Below are a few examples:
82-66 = -83
97-87 = -1
04*03 = 0021
61*04 = 046
06+39 = 3906
Now, determine the result for: 02+94",9402,Equation,length_mismatch
76e6f646,"In Alice's Wonderland, a secret set of transformation rules is applied to equations. Below are a few examples:
59{68 = 5968
41^89 = 3649
32$71 = 39
89{86 = 8986
Now, determine the result for: 65{57",6557,Equation,length_mismatch
76faca6d,"In Alice's Wonderland, secret encryption rules are used on text. Here are some examples:
ldkb xiix zmi lkdwmz vtzdtn -> bird sees the bright potion
zfkzpi xiix jev -> turtle sees map
mezzik utpptrx zmi beks vtzdtn -> hatter follows the dark potion
zfkzpi rezamix fnbik qdppewi -> turtle watches under village
zmi enadinz vkdnaixx xzfbdix -> the ancient princess studies
Now, decrypt the following text: zieamik rezamix sig",teacher watches key,Cipher,unknown_query_chars
771472d6,"In Alice's Wonderland, a secret set of transformation rules is applied to equations. Below are a few examples:
:'*?} = :'?}
})+:: = ){:
##-\{ = -'#
Now, determine the result for: ?'-\\",-'?,Equation,length_mismatch
77365caf,"In Alice's Wonderland, a secret set of transformation rules is applied to equations. Below are a few examples:
$\^"""" = $$%
!!^|"" = $?:
\#]""? = %:\?
#:]:$ = %$:
Now, determine the result for: \$&::",$|,Equation,length_mismatch
773ca8a9,"In Alice's Wonderland, a secret set of transformation rules is applied to equations. Below are a few examples:
17^54 = 611
76*83 = 92
16-15 = 1113
Now, determine the result for: 41^42",83,Equation,length_mismatch
78002bf2,"In Alice's Wonderland, a secret set of transformation rules is applied to equations. Below are a few examples:
(@*@: = (@@:
]]*{] = ]]{]
]!-{"" = @!
`!+>{ = !@@
Now, determine the result for: {{-{`",:,Equation,length_mismatch
782e9e0f,"In Alice's Wonderland, secret encryption rules are used on text. Here are some examples:
cql sejplg aoffkc alopw -> the golden rabbit reads
bakgmlww iocmqlw cql ogmklgc mowcjl -> princess watches the ancient castle
ukgs lrbjealw bdnnjl -> king explores puzzle
Now, decrypt the following text: aoffkc maloclw cql mejeaydj bdnnjl",rabbit creates the colorful puzzle,Cipher,unknown_query_chars
784f2608,"In Alice's Wonderland, secret encryption rules are used on text. Here are some examples:
fycizyr bntps fzrntdz jcllyg -> teacher found through valley
fzy aghfyrwnth clwiy swhinjyrh -> the mysterious alice discovers
mpwdzf vcfizyh fzy cpiwypf irghfcl -> knight watches the ancient crystal
Now, decrypt the following text: fzy vwhy qtyyp vrwfyh",the wise queen writes,Cipher,unknown_query_chars
7853312a,"In Alice's Wonderland, secret encryption rules are used on text. Here are some examples:
ikrxje ogflyzoq wsyto trllwxo -> knight explores above village
qecboke hzreoq moqqwxo -> student writes message
mycqo zowbq syyi -> mouse reads book
Now, decrypt the following text: ejo nlotoz srzb bzowmq",the clever bird dreams,Cipher,unknown_query_chars
787a1344,"In Alice's Wonderland, a secret set of transformation rules is applied to equations. Below are a few examples:
^)-/& = -&^
<>+^' = [!'
&\*^> = [)/)
)&+'> = [!&
)^-\^ = -[>
Now, determine the result for: !)-&[",-[\,Equation,length_mismatch
78dc9bcb,"In Alice's Wonderland, secret encryption rules are used on text. Here are some examples:
zvrrtg gtvju rzt urgvfct nwggkg -> hatter reads the strange mirror
iyttf sgwrtu akgtur -> queen writes forest
rtvqztg akppksu yfjtg qvurpt -> teacher follows under castle
rygrpt svrqztu hkke -> turtle watches book
Now, decrypt the following text: mgwfqtuu akyfj rzt swut akgtur",princess found the wise forest,Cipher,unknown_query_chars
78e6dfa5,"In Alice's Wonderland, secret encryption rules are used on text. Here are some examples:
adi rcgdwu ipg aymycsxm wdv -> cat dreams the colorful map
wyxug rcgdwu ipg uqmhgc jgo -> mouse dreams the silver key
ipg rdcj zqcr cgdru -> the dark bird reads
igdapgc uixrqgu ipg kqug wqccyc -> teacher studies the wise mirror
Now, decrypt the following text: igdapgc syxfr ipg uqmhgc zyyj",teacher found the silver book,Cipher,unknown_query_chars
791056ce,"In Alice's Wonderland, a secret set of transformation rules is applied to equations. Below are a few examples:
15)47 = 521
06{81 = 9701
46*29 = *82
96*02 = 94
57)31 = 88
Now, determine the result for: 58{72",4922,Equation,length_mismatch
791fc537,"In Alice's Wonderland, a secret set of transformation rules is applied to equations. Below are a few examples:
01`26 = 2601
76-39 = -62
85/52 = 38
53`71 = 7153
61/44 = 06
Now, determine the result for: 42`53",5342,Equation,length_mismatch
79328f58,"In Alice's Wonderland, secret encryption rules are used on text. Here are some examples:
ophuw swgbu rnw ocurwsdphu owuugiw -> mouse reads the mysterious message
rnw ocurwsdphu ophuw dogidvwu -> the mysterious mouse imagines
ldvi urhbdwu rnw ndbbwv rswguhsw -> king studies the hidden treasure
ophuw fphvb rnw apepsfhe uwaswr -> mouse found the colorful secret
Now, decrypt the following text: tdsb dogidvwu rnw tsdinr odssps",bird imagines the bright mirror,Cipher,unknown_query_chars
7933172a,"In Alice's Wonderland, a secret set of transformation rules is applied to equations. Below are a few examples:
`/?]^ = &
}&{&/ = ]\&
&]?\# = ]\
\}{`} = }#
Now, determine the result for: %#+^`",^/&`,Equation,length_mismatch
79365e7c,"In Alice's Wonderland, secret encryption rules are used on text. Here are some examples:
cdnzs lssl esa -> alice sees key
ths zrinbrl ltrmsjt lssl -> the curious student sees
cdnzs zisctsl ths kbdmsj qcy -> alice creates the golden map
pnim micvl ltbia -> bird draws story
ths pinkht icppnt vctzhsl -> the bright rabbit watches
Now, decrypt the following text: ths zbdbixrd tritds miscql",the colorful turtle dreams,Cipher,unknown_query_chars
79450a97,"In Alice's Wonderland, secret encryption rules are used on text. Here are some examples:
ambpyz rsbprzxu dox udmbzpx ayym -> dragon imagines the strange door
dox jywymtiw udiaxzd mxbau -> the colorful student reads
qrzp tywwyku dox abmq qxv -> king follows the dark key
bwrjx jobuxu pbmaxz -> alice chases garden
Now, decrypt the following text: udiaxzd jmxbdxu cxvyza ujoyyw",student creates beyond school,Cipher,unknown_query_chars
794f71ed,"In Alice's Wonderland, a secret set of transformation rules is applied to equations. Below are a few examples:
42-16 = -73
43*45 = 6381
28-17 = -11
14-53 = -6
Now, determine the result for: 53*76",5432,Equation,length_mismatch
7993452d,"In Alice's Wonderland, a secret set of transformation rules is applied to equations. Below are a few examples:
`!-`/ = -[]
[/-:( = -](
^`*<! = :%[!
%/-<< = -/(
!<+^^ = %((
Now, determine the result for: :<-]!",-^],Equation,length_mismatch
79acd75c,"In Alice's Wonderland, a secret set of transformation rules is applied to equations. Below are a few examples:
61""88 = 27
13)48 = 4062
99)02 = 0891
91)51 = 582
Now, determine the result for: 99)23",8613,Equation,length_mismatch
79c81d5e,"In Alice's Wonderland, a secret set of transformation rules is applied to equations. Below are a few examples:
!?\!} = :
]:\&! = !]
#(`^: = #(^:
#?`&& = #?&&
Now, determine the result for: ^#\!(",:],Equation,length_mismatch
79d75bc3,"In Alice's Wonderland, secret encryption rules are used on text. Here are some examples:
wiplmk kmhlyb nfh ylxiqlz adppzh -> wizard dreams the magical puzzle
yodbh qmhlnhb nfh qzhghm qmtbnlz -> mouse creates the clever crystal
ndmnzh bhhb yla -> turtle sees map
visx kibqoghmb nfh klmv yhbblxh -> king discovers the dark message
Now, decrypt the following text: flnnhm wlnqfhb rhtosk glzzht",hatter watches beyond valley,Cipher,unknown_query_chars
79f29eb5,"In Alice's Wonderland, a secret set of transformation rules is applied to equations. Below are a few examples:
15$96 = 112
26$80 = 107
55<61 = 3355
34<35 = 1190
89%78 = %11
Now, determine the result for: 30<79",2370,Equation,length_mismatch
79f5e777,"In Alice's Wonderland, secret encryption rules are used on text. Here are some examples:
kecyb bsqpeoby cmxbo pluovot -> mouse explores under library
ovuulh obvxy zotyhvp -> rabbit reads crystal
kecyb rvhzgby hgb rlyb ybzobh -> mouse watches the wise secret
Now, decrypt the following text: qolmzbyy xobvky hgb xvow jvoxbm",princess dreams the dark garden,Cipher,unknown_query_chars
7a17137f,"In Alice's Wonderland, a secret set of transformation rules is applied to equations. Below are a few examples:
##+#@ = `%\
?{-\` = @>
%`*'? = {\>\
%`->` = ->
Now, determine the result for: %>*`\",{{&,Equation,length_mismatch
7a422e17,"In Alice's Wonderland, a secret set of transformation rules is applied to equations. Below are a few examples:
"":@%# = %&{
'}+'' = &'""
'{-%! = }
``-#{ = -{:
Now, determine the result for: #`@{""",%'!,Equation,length_mismatch
7a5cfe3e,"In Alice's Wonderland, a secret set of transformation rules is applied to equations. Below are a few examples:
#>+(} = ^[>
#'+#& = }[>
&/+[> = &$
[&-[} = -[&
[$*^( = [}//
Now, determine the result for: &>-$$",-#>,Equation,length_mismatch
7a65a8eb,"In Alice's Wonderland, a secret set of transformation rules is applied to equations. Below are a few examples:
'\+\^ = &?#
^&-'} = ##
(\-(( = #
'?-'# = #
Now, determine the result for: '(*??",}'#',Equation,length_mismatch
7a73d9ab,"In Alice's Wonderland, secret encryption rules are used on text. Here are some examples:
vjun jzgnjubs ilb fkjnli qrrk -> king imagines the bright door
pkjuybss erxuq ilkrxnl sylrra -> princess found through school
hxbbu ylgsbs ygsiab -> queen chases castle
Now, decrypt the following text: ilb yabcbk kgffji sixqjbs",the clever rabbit studies,Cipher,unknown_query_chars
7a9561b2,"In Alice's Wonderland, secret encryption rules are used on text. Here are some examples:
zxltwxd twlnxn ibbd -> teacher chases door
zwx nxtdxz dlppjz dxlin -> the secret rabbit reads
pjdi vbqqbun kxg -> bird follows key
crxxe udjzxn mrooqx -> queen writes puzzle
wlzzxd twlnxn je qjpdldg -> hatter chases in library
Now, decrypt the following text: ujoldi nxxn exld tlsx",wizard sees near cave,Cipher,unknown_query_chars
7a962e17,"In Alice's Wonderland, a secret set of transformation rules is applied to equations. Below are a few examples:
66$29 = 62$
48[63 = 4203
16/68 = 741
21/09 = 201
Now, determine the result for: 77/68",361,Equation,length_mismatch
7a9711b1,"In Alice's Wonderland, a secret set of transformation rules is applied to equations. Below are a few examples:
71+77 = 148
98+51 = 149
56/43 = 13
Now, determine the result for: 18}38",1838,Equation,length_mismatch
7aa86ac4,"In Alice's Wonderland, secret encryption rules are used on text. Here are some examples:
pyiibw kpbwuv wmu hgxgprjx wpuyvjpu -> rabbit writes the colorful treasure
wjpwxu puycv ypgjtc xbipypq -> turtle reads around library
vwjcutw kywhmuv yigfu lyxyhu -> student watches above palace
wmu cyps pyiibw rgjtc -> the dark rabbit found
Now, decrypt the following text: wuyhmup kywhmuv btvbcu aypcut",teacher watches inside garden,Cipher,unknown_query_chars
7ab239bd,"In Alice's Wonderland, secret encryption rules are used on text. Here are some examples:
ahgtkc nmvycvz ymdohs jdhsvmlyhs -> knight creates around wonderland
jgbyms edlldjz edmvzc -> wizard follows forest
smytdh zvvz ohsvm edmvzc -> dragon sees under forest
zcosvhc jycnkvz ckv tdlsvh zcdmq -> student watches the golden story
Now, decrypt the following text: jgbyms vipldmvz tymsvh",wizard explores garden,Cipher,unknown_query_chars
7ac08cbd,"In Alice's Wonderland, secret encryption rules are used on text. Here are some examples:
faiurz xkiuxzlj itrvl viddlg -> dragon imagines above valley
faiurz orddrhj xz yrhla -> dragon follows in tower
ybl edlvla idxel fxjervlaj -> the clever alice discovers
Now, decrypt the following text: aittxy hiyeblj ybl jlealy mryxrz",rabbit watches the secret potion,Cipher,unknown_query_chars
7ac90433,"In Alice's Wonderland, a secret set of transformation rules is applied to equations. Below are a few examples:
02-23 = -21
33-66 = -33
75-58 = -82
Now, determine the result for: 48-25",-23,Equation,length_mismatch
7b3d06f7,"In Alice's Wonderland, a secret set of transformation rules is applied to equations. Below are a few examples:
?$+$| = ^?
?'+^} = |$
?$-#/ = ##
/^-#$ = ?/
Now, determine the result for: $[-/^",|,Equation,length_mismatch
7ba328ff,"In Alice's Wonderland, secret encryption rules are used on text. Here are some examples:
iswhrepp segyp jqe oswzqj basepj -> princess reads the bright forest
rgj bavvamp jqe oswzqj pjasn -> cat follows the bright story
qgjjes wlgzwhep whpwye mahyesvghy -> hatter imagines inside wonderland
qgjjes ecivasep jqe lgzwrgv iajwah -> hatter explores the magical potion
uwhz peep basepj -> king sees forest
Now, decrypt the following text: jqe ravasbxv owsy mgjrqep",the colorful bird watches,Cipher,unknown_query_chars
7bca3456,"In Alice's Wonderland, secret encryption rules are used on text. Here are some examples:
kqhfbinn eqhjin aqgvfp uhcqaqy -> princess writes around library
njvpifj pqaen fiaq hnuafp -> student draws near island
ehtaqp bqiajin cggz -> wizard creates book
zfhdxj njvphin ziy -> knight studies key
Now, decrypt the following text: mviif eajbxin hfnhpi gbiaf",queen watches inside ocean,Cipher,unknown_query_chars
7bd5f8b9,"In Alice's Wonderland, a secret set of transformation rules is applied to equations. Below are a few examples:
45-54 = -9
43+09 = 421
44-59 = -15
03+98 = 911
89-62 = -27
Now, determine the result for: 97-97",0,Equation,length_mismatch
7c0c5227,"In Alice's Wonderland, a secret set of transformation rules is applied to equations. Below are a few examples:
58*47 = 0926
63+23 = 2363
68*18 = 6696
Now, determine the result for: 69-55",14,Equation,length_mismatch
7c0e238e,"In Alice's Wonderland, a secret set of transformation rules is applied to equations. Below are a few examples:
%@*^| = :@
@$<%@ = [@[
""%{[@ = ""%[@
Now, determine the result for: '`*:$",*^:,Equation,length_mismatch
7c2de6ec,"In Alice's Wonderland, secret encryption rules are used on text. Here are some examples:
wjte mgaysy kgs misbst qso -> bird chases the clever key
gakkst tsaey ykhto -> hatter reads story
ykzesnk etsafy ykhto -> student dreams story
fhzys vhzne wsohne rhnestiane -> mouse found beyond wonderland
mak sdpihtsy kgs yjibst qso -> cat explores the silver key
Now, decrypt the following text: kgs anmjsnk qnjxgk vhzne",the ancient knight found,Cipher,unknown_query_chars
7c5c7b73,"In Alice's Wonderland, a secret set of transformation rules is applied to equations. Below are a few examples:
62)72 = 4464
57)17 = 969
30!18 = 12
Now, determine the result for: 21!34",13,Equation,length_mismatch
7c6fce02,"In Alice's Wonderland, a secret set of transformation rules is applied to equations. Below are a few examples:
>!-^& = :%%!
!&#!& = {
'<"":^ = !'
!'->% = }}<:
Now, determine the result for: '&#%>",:<,Equation,length_mismatch
7c72ad99,"In Alice's Wonderland, a secret set of transformation rules is applied to equations. Below are a few examples:
69*91 = 9169
33*27 = 2733
19*34 = 3419
Now, determine the result for: 33*27",2733,Equation,length_mismatch
7cac497a,"In Alice's Wonderland, a secret set of transformation rules is applied to equations. Below are a few examples:
[#*""% = %/`<
`""-<[ = ""
%\+\` = &[
\\-"""" = -<<
#`+""\ = <[
Now, determine the result for: <&*&""","%""""`",Equation,length_mismatch
7cb0f4c4,"In Alice's Wonderland, a secret set of transformation rules is applied to equations. Below are a few examples:
}^?[< = #
></<< = $[|}
^#?<| = |}
#!&|> = <<|
Now, determine the result for: $>/|[",$>@!,Equation,length_mismatch
7cb3089e,"In Alice's Wonderland, a secret set of transformation rules is applied to equations. Below are a few examples:
!$*?^ = %?!%
(?*$% = ""||%
?|+""( = ^^
""$+^| = %?""
Now, determine the result for: ^^-!$",}%,Equation,length_mismatch
7cc5442c,"In Alice's Wonderland, a secret set of transformation rules is applied to equations. Below are a few examples:
'{""@\ = \##
>@`:@ = #
\:""{> = [(#
))/{) = >:>{
Now, determine the result for: >'/#{",>#)>,Equation,length_mismatch
7cfeb16a,"In Alice's Wonderland, secret encryption rules are used on text. Here are some examples:
xjg dunygux rbicg cxifygc -> the ancient mouse studies
adooyx sbiuf xjg jyffgu zihhvg -> rabbit found the hidden puzzle
xiaxvg tayxgc obbq -> turtle writes book
Now, decrypt the following text: xiaxvg tdxnjgc ugda edvvgp",turtle watches near valley,Cipher,unknown_query_chars
7d080867,"In Alice's Wonderland, secret encryption rules are used on text. Here are some examples:
mun hnrfnm mndrunf fndkh -> the secret teacher reads
kfdbls rfndmnh bdfkns -> dragon creates garden
kfdbls vlccljh muflybu rdhmcn -> dragon follows through castle
Now, decrypt the following text: mndrunf jftmnh mun ryftlyh hmlfz",teacher writes the curious story,Cipher,unknown_query_chars
7d279557,"In Alice's Wonderland, a secret set of transformation rules is applied to equations. Below are a few examples:
#&>{] = #&{]
:&>$] = :&$]
&^-{# = -!&
{:*{: = :$#
!^*:| = @^
Now, determine the result for: ^]*:@",::#,Equation,length_mismatch
7d285dce,"In Alice's Wonderland, secret encryption rules are used on text. Here are some examples:
lhifx npxulf ohpxfs -> mouse dreams forest
dixxc fxxf syphiky fzyhhj -> queen sees through school
syx fspuckx lhifx xavjhpxf -> the strange mouse explores
Now, decrypt the following text: fsinxcs xavjhpxf syphiky bfjucn",student explores through island,Cipher,unknown_query_chars
7d301a45,"In Alice's Wonderland, secret encryption rules are used on text. Here are some examples:
rub crfhlyb sefn bdomifbc -> the strange bird explores
jhr jfbhrbc tlnbf pemmhyb -> cat creates under village
ofeljbcc bdomifbc jhcrmb -> princess explores castle
gtbbl juhcbc rub cbjfbr aeffif -> queen chases the secret mirror
nfhyil khrjubc rub sfeyur oireil -> dragon watches the bright potion
Now, decrypt the following text: xely fbhnc hfitln jhcrmb",king reads around castle,Cipher,unknown_query_chars
7d37ca05,"In Alice's Wonderland, secret encryption rules are used on text. Here are some examples:
uszzc pzvjx ishhoz -> queen reads puzzle
uszzc pzvjx ypexfvo -> queen reads crystal
jpvtwc ypzvfzx flz ywowprso mze -> dragon creates the colorful key
flz jvpm kdhvpj kvfylzx -> the dark wizard watches
fzvylzp pzvjx flz xfpvctz yvxfoz -> teacher reads the strange castle
Now, decrypt the following text: jpvtwc xzzx vnwqz yvqz",dragon sees above cave,Cipher,unknown_query_chars
7d631197,"In Alice's Wonderland, secret encryption rules are used on text. Here are some examples:
atspdj apizouc eun -> wizard watches key
zpi zdupiuc ciqdn -> cat creates story
ertkoi apizouc iou cuzdui yqduci -> knight watches the secret forest
atspdj thpktruc iou wdtkoi ciqdn -> wizard imagines the bright story
etrk apizouc iou otjjur htddqd -> king watches the hidden mirror
Now, decrypt the following text: iupzoud zdupiuc idupcvdu",teacher creates treasure,Cipher,unknown_query_chars
7d6e91fd,"In Alice's Wonderland, secret encryption rules are used on text. Here are some examples:
micmjv lcvkmvh zvf -> turtle creates key
hmidvtm upitd siaajv -> student found puzzle
xycd lcvkmvh yt jyxckcf -> bird creates in library
Now, decrypt the following text: mnv hvlcvm micmjv upitd",the secret turtle found,Cipher,unknown_query_chars
7d8f22b1,"In Alice's Wonderland, a secret set of transformation rules is applied to equations. Below are a few examples:
!>*}> = !>}>
])+!] = //!
!%-}! = }#
>)-{{ = -!{
Now, determine the result for: #)*>|",#)>|,Equation,length_mismatch
7d8fe3a8,"In Alice's Wonderland, a secret set of transformation rules is applied to equations. Below are a few examples:
22""20 = 43
84""52 = 137
69|71 = |2
Now, determine the result for: 91%84",7644,Equation,length_mismatch
7d9f6c40,"In Alice's Wonderland, a secret set of transformation rules is applied to equations. Below are a few examples:
71-81 = -1
97-58 = -6
06-03 = 03
51-72 = -21
Now, determine the result for: 98+47",461,Equation,length_mismatch
7d9ff0d2,"In Alice's Wonderland, a secret set of transformation rules is applied to equations. Below are a few examples:
#]&@# = )<
@(-]/ = @<#^
`)&`] = @/
`/-#) = <@))
]#&)^ = /]&
Now, determine the result for: /^&<?",(,Equation,length_mismatch
7db0f3ee,"In Alice's Wonderland, a secret set of transformation rules is applied to equations. Below are a few examples:
}/*%` = )||
|)+}| = {}""
/%+/"" = {`|
[/+|/ = {[`
Now, determine the result for: %`*]%",[]|,Equation,length_mismatch
7db5c1af,"In Alice's Wonderland, a secret set of transformation rules is applied to equations. Below are a few examples:
<}{): = @@`
})')/ = ()
)}{@@ = <<&$
}/')) = @&
Now, determine the result for: <<'(}",'@:,Equation,length_mismatch
7db72717,"In Alice's Wonderland, a secret set of transformation rules is applied to equations. Below are a few examples:
}&-!) = @>%
}@->% = @)%
{&/@@ = {}&
&>^%@ = ^@{
@!/}) = @)(}
Now, determine the result for: @{-&!",%),Equation,length_mismatch
7dbaea4b,"In Alice's Wonderland, a secret set of transformation rules is applied to equations. Below are a few examples:
<^+@@ = [^[
[}*(^ = (^[}
""[*]} = ]}""[
^<-)( = -[]
Now, determine the result for: }@-][",[),Equation,length_mismatch
7dd191e9,"In Alice's Wonderland, secret encryption rules are used on text. Here are some examples:
lyklqw kwxog jmgjow ltnwk -> turtle reads inside tower
kxddjl utymo lpw njgw lkwxgykw -> rabbit found the wise treasure
sywwm utqqtng gltki -> queen follows story
Now, decrypt the following text: fxl kwxog lpw fykjtyg fkiglxq",cat reads the curious crystal,Cipher,unknown_query_chars
7e2e8a95,"In Alice's Wonderland, a secret set of transformation rules is applied to equations. Below are a few examples:
52&36 = 88
20$43 = 861
29$68 = 1973
47*96 = 2
Now, determine the result for: 63$86",5419,Equation,length_mismatch
7e3fefc6,"In Alice's Wonderland, a secret set of transformation rules is applied to equations. Below are a few examples:
?(*}| = ?&@&
|(*?$ = &]:]
$:+]$ = (]
(:-$/ = $]
Now, determine the result for: ((-:@",?,Equation,length_mismatch
7e6b95cd,"In Alice's Wonderland, secret encryption rules are used on text. Here are some examples:
bosxn nkagoznx wzexyrg -> mouse explores crystal
yhn rpwtnpy yszygn dztynx -> the ancient turtle writes
cptqhy utxwomnzx tpxtun argrwn -> knight discovers inside palace
Now, decrypt the following text: hryynz utxwomnzx yhn qogunp fooc",hatter discovers the golden book,Cipher,unknown_query_chars
7ebd3dce,"In Alice's Wonderland, secret encryption rules are used on text. Here are some examples:
jckkqg acgsieh qbhqte qhfcbt -> rabbit watches inside island
hgrtebg ajqgeh ocp -> student writes map
pjqbsehh sjecgeh gie hgjcbue nmjehg -> princess creates the strange forest
scg jecth rbtej qhfcbt -> cat reads under island
Now, decrypt the following text: tjcumb nmrbt gie sfewej nmjehg",dragon found the clever forest,Cipher,unknown_query_chars
7ecdae14,"In Alice's Wonderland, a secret set of transformation rules is applied to equations. Below are a few examples:
95!51 = 688
43!93 = 7231
95!14 = 0242
Now, determine the result for: 17!32",4361,Equation,length_mismatch
7ed40e8a,"In Alice's Wonderland, a secret set of transformation rules is applied to equations. Below are a few examples:
56*48 = 2688
81/77 = /4
16&69 = 84
Now, determine the result for: 99&82",180,Equation,length_mismatch
7edceb37,"In Alice's Wonderland, a secret set of transformation rules is applied to equations. Below are a few examples:
$$|'' = |<<
\$+\@ = $^\
$}+&' = @]
\\|<$ = |&]
$%/\< = }\%
Now, determine the result for: \\+&]",<$,Equation,length_mismatch
7eecd498,"In Alice's Wonderland, a secret set of transformation rules is applied to equations. Below are a few examples:
>`+'& = `{/
`{-': = ->>
/^-/^ = :
^!-%^ = >{
>:*!' = >:!'
Now, determine the result for: ^:*`!",^:`!,Equation,length_mismatch
7ef4d5d6,"In Alice's Wonderland, a secret set of transformation rules is applied to equations. Below are a few examples:
58!25 = 1451
69>37 = >32
93>34 = >59
37!39 = 1444
Now, determine the result for: 66>24",>42,Equation,length_mismatch
7ef72e34,"In Alice's Wonderland, secret encryption rules are used on text. Here are some examples:
sqx gxecxs npuh gxxg -> the secret king sees
sqx kuepxus nuphqs lckfg -> the ancient knight draws
tcpuexgg ovbbvfg nxw -> princess follows key
Now, decrypt the following text: zdxxu pikhpuxg sqx ikhpekb gsvcw",queen imagines the magical story,Cipher,unknown_query_chars
7f21620f,"In Alice's Wonderland, a secret set of transformation rules is applied to equations. Below are a few examples:
>^`{! = ]&>
&](&! = &!{{
]>(""& = ^""!
Now, determine the result for: <^(]{",")""/{",Equation,length_mismatch
7f3444dc,"In Alice's Wonderland, secret encryption rules are used on text. Here are some examples:
chp bmxp iazovk imxgvqpax -> the wise dragon discovers
azllmc xppx zlvqp jvapxc -> rabbit sees above forest
chp gvsvajws cpzghpa gapzcpx -> the colorful teacher creates
Now, decrypt the following text: chp ovsipk dvwxp iapzdx",the golden mouse dreams,Cipher,unknown_query_chars
7f4eb498,"In Alice's Wonderland, secret encryption rules are used on text. Here are some examples:
mekvs kjmiktsp lhs plwmtis jkwwqw -> alice imagines the strange mirror
xkymwn xwklsp bqwspl -> wizard writes forest
hmllsw planksp lhs vawkqap jsppmis -> hatter studies the curious message
utkihl bqeeqxp atnsw pvhqqe -> knight follows under school
Now, decrypt the following text: jqaps nwsmjp lhs iqenst zqlkqt",mouse dreams the golden potion,Cipher,unknown_query_chars
7f4fc924,"In Alice's Wonderland, a secret set of transformation rules is applied to equations. Below are a few examples:
[`}#` = [>#]
(`\]@ = [::
[#+]# = +:
Now, determine the result for: >>+#(",+[`,Equation,length_mismatch
7f56ce0a,"In Alice's Wonderland, secret encryption rules are used on text. Here are some examples:
hsiicr tqffqbm rgn mnzhnr zsmrfn -> rabbit follows the secret castle
rgn gcxxno ichx xhsbm -> the hidden bird draws
rwhrfn tqffqbm dsv -> turtle follows map
sfczn bhcrnm comcxn lcffsjn -> alice writes inside village
bcyshx bsrzgnm vwyyfn -> wizard watches puzzle
Now, decrypt the following text: pocjgr zgsmnm rghqwjg lsffnk",knight chases through valley,Cipher,unknown_query_chars
7f5758a8,"In Alice's Wonderland, a secret set of transformation rules is applied to equations. Below are a few examples:
?!*{# = ?!{#
?'+?> = )>
{{-)@ = ?>
'?-#> = -?(
Now, determine the result for: )>+<#",'!!,Equation,length_mismatch
7f676cdc,"In Alice's Wonderland, secret encryption rules are used on text. Here are some examples:
wbuupn iwlbme glbw peqbgi -> rabbit dreams near island
iwbfhg rwpnle tls -> dragon writes key
nal uwpfan tgpfan elle -> the bright knight sees
enxilgn wlbie bwhxgi opqqbfl -> student reads around village
Now, decrypt the following text: bqpcl enxiple nal enwbgfl mbj",alice studies the strange map,Cipher,unknown_query_chars
7f7340d6,"In Alice's Wonderland, secret encryption rules are used on text. Here are some examples:
kjzoet uggu zqeyg ynvvzog -> dragon sees above village
bnto ljgzdgu dig udjztog cejgud -> king creates the strange forest
dgzligj kjzsu nt rzvzlg -> teacher draws in palace
Now, decrypt the following text: dhjdvg sjndgu dig lvgygj cejgud",turtle writes the clever forest,Cipher,unknown_query_chars
7f87ebba,"In Alice's Wonderland, secret encryption rules are used on text. Here are some examples:
wbliad zffz gof iamwfd zfxbfg -> dragon sees the golden secret
gof zcmpfb vbcdxfzz zgqwcfz -> the silver princess studies
vbcdxfzz zffz xlzgmf -> princess sees castle
gqbgmf eaqdw gbflzqbf -> turtle found treasure
Now, decrypt the following text: gof wlbn vbcdxfzz zgqwcfz",the dark princess studies,Cipher,unknown_query_chars
7fac6de1,"In Alice's Wonderland, secret encryption rules are used on text. Here are some examples:
etq oxheqjmywh pcmite njqfeqh -> the mysterious knight creates
umjs jqfsh etq sfjp oqhhfiq -> bird reads the dark message
umjs smhnyzqjh fjywcs ifjsqc -> bird discovers around garden
Now, decrypt the following text: hewsqce smhnyzqjh cqfj zmllfiq",student discovers near village,Cipher,unknown_query_chars
7faeba59,"In Alice's Wonderland, secret encryption rules are used on text. Here are some examples:
jbofq giozqm mztip -> alice writes story
xoek iqjam zlq wjkofjb cttx -> king reads the magical book
jbofq rtbbtgm oemoaq ombjea -> alice follows inside island
Now, decrypt the following text: zqjflqi mzsaoqm oemoaq rtiqmz",teacher studies inside forest,Cipher,unknown_query_chars
80082389,"In Alice's Wonderland, a secret set of transformation rules is applied to equations. Below are a few examples:
{/!]} = }{""
/^&{$ = &}
${&^} = &}$
]]!#"" = ""}
Now, determine the result for: ^/!$)","""{""",Equation,length_mismatch
8011cb24,"In Alice's Wonderland, a secret set of transformation rules is applied to equations. Below are a few examples:
79-69 = 7969
95:22 = :73
19-49 = 1949
Now, determine the result for: 74:10",:64,Equation,length_mismatch
8021718e,"In Alice's Wonderland, a secret set of transformation rules is applied to equations. Below are a few examples:
92-71 = 21
18-52 = 6
26-63 = 62
86*33 = 3386
76-15 = 61
Now, determine the result for: 79*64",6479,Equation,length_mismatch
8021df84,"In Alice's Wonderland, secret encryption rules are used on text. Here are some examples:
gudlrz nkkn yomnzhi -> knight sees crystal
ohccdz nkkn zokhnjok -> rabbit sees treasure
yhz sohvn qdoofo -> cat draws mirror
zkhyrko sokhqn zrk qmnzkodfjn yhnzik -> teacher dreams the mysterious castle
Now, decrypt the following text: xjkku yokhzkn zrk yfifowji gkm",queen creates the colorful key,Cipher,unknown_query_chars
802c3591,"In Alice's Wonderland, a secret set of transformation rules is applied to equations. Below are a few examples:
]?<]"" = ]?'@
?]$?@ = !(
?'<]@ = !"")
@@&("" = &)@
Now, determine the result for: )?<#`","`""""""",Equation,length_mismatch
8043a9d2,"In Alice's Wonderland, a secret set of transformation rules is applied to equations. Below are a few examples:
(|*)? = )?(|
|(*]# = ]#|(
??-(# = |$
$\*\\ = \\$\
Now, determine the result for: \:*$|",$|\:,Equation,length_mismatch
806eba07,"In Alice's Wonderland, a secret set of transformation rules is applied to equations. Below are a few examples:
72$08 = 35
28$47 = 8
92*36 = 7281
17$14 = 03
28:08 = 261
Now, determine the result for: 93:48",321,Equation,length_mismatch
8088d63c,"In Alice's Wonderland, secret encryption rules are used on text. Here are some examples:
xlbbat kxnltne ocxnet -> rabbit creates forest
tixtrn kxnltne tjn qcryns qlxyns -> turtle creates the golden garden
vasq ocisy flw -> king found map
Now, decrypt the following text: tnlkjnx xnlye tjn krnhnx vnm",teacher reads the clever key,Cipher,unknown_query_chars
808a8f62,"In Alice's Wonderland, a secret set of transformation rules is applied to equations. Below are a few examples:
91-81 = 1
69+89 = 591
76-26 = 5
17-02 = 15
Now, determine the result for: 35-72",62,Equation,length_mismatch
808b4e4b,"In Alice's Wonderland, secret encryption rules are used on text. Here are some examples:
lpye cjsvnsd py cvas -> king creates in cave
jvrrpn wpdcuasjd py zujsdn -> rabbit discovers in forest
lypehn sxbtujsd isddves -> knight explores message
hvnnsj dnmwpsd mywsj cvdnts -> hatter studies under castle
Now, decrypt the following text: nhs gpds nsvchsj cjsvnsd",the wise teacher creates,Cipher,unknown_query_chars
8090718b,"In Alice's Wonderland, a secret set of transformation rules is applied to equations. Below are a few examples:
}%-%} = -?/
?]+%? = ://
::-`? = -}/
`^*/' = :`%:
]?-}` = -&}
Now, determine the result for: }'*?/",:/^?,Equation,length_mismatch
80baa02a,"In Alice's Wonderland, secret encryption rules are used on text. Here are some examples:
wzjwak bjkowku wgk ukbjkw pkt -> turtle creates the secret key
szkkn xiubvrkju inuixk cojxkn -> queen discovers inside garden
bow bgouku wgjvzcg lvnxkjaonx -> cat chases through wonderland
wgk onbiknw oaibk xjkoeu -> the ancient alice dreams
oaibk ukku nkoj cojxkn -> alice sees near garden
Now, decrypt the following text: uwzxknw lowbgku ofvrk aifjojt",student watches above library,Cipher,unknown_query_chars
80c4ae05,"In Alice's Wonderland, a secret set of transformation rules is applied to equations. Below are a few examples:
""'}%% = '@
^^-%^ = ^<[
[""}') = }$%
<^`@% = %$^
@<}<$ = %$
Now, determine the result for: ><}"">","}$""",Equation,length_mismatch
80d1ffd0,"In Alice's Wonderland, secret encryption rules are used on text. Here are some examples:
udg mvdqmbzj gyeapqy udjgnz -> cat imagines through castle
gyz idew cembuzjj mvdqmbzj -> the dark princess imagines
gyz idew edoomg iezdvj -> the dark rabbit dreams
udg xdguyzj vmeeae -> cat watches mirror
edoomg iedxj gyz upemapj cpkknz -> rabbit draws the curious puzzle
Now, decrypt the following text: wbmqyg jgpimzj gyeapqy nmoedet",knight studies through library,Cipher,unknown_query_chars
80d44fe3,"In Alice's Wonderland, a secret set of transformation rules is applied to equations. Below are a few examples:
57""87 = 3
27""45 = 81
75<34 = 001
14<69 = 731
85""21 = 01
Now, determine the result for: 65""38",72,Equation,length_mismatch
810028f1,"In Alice's Wonderland, a secret set of transformation rules is applied to equations. Below are a few examples:
&(-(( = -`\
[`-`@ = -#)
)}+(# = ###
`}*)[ = `})[
Now, determine the result for: #&-[&",-&\,Equation,length_mismatch
810a37bf,"In Alice's Wonderland, secret encryption rules are used on text. Here are some examples:
nyjcqk kqcnd yxdykr hcscor -> wizard draws inside palace
nyjcqk kqrcid bur nydr bqrcdeqr -> wizard dreams the wise treasure
ocb ncbourd yx syvqcqa -> cat watches in library
Now, decrypt the following text: nyjcqk kqcnd bur dyslrq hejjsr",wizard draws the silver puzzle,Cipher,unknown_query_chars
811f5f56,"In Alice's Wonderland, a secret set of transformation rules is applied to equations. Below are a few examples:
(@:!} = \}!'
""'{@\ = @!
@^{]` = ^(]
@^&}^ = '
Now, determine the result for: (!:!@",\^^@,Equation,length_mismatch
812c12cb,"In Alice's Wonderland, a secret set of transformation rules is applied to equations. Below are a few examples:
96-73 = -23
21+77 = 98
75*55 = 6313
72+69 = 321
36+82 = 19
Now, determine the result for: 09-19",-1,Equation,length_mismatch
815485e9,"In Alice's Wonderland, secret encryption rules are used on text. Here are some examples:
ptmmfh ypdtkw hxd mpfzxh yrrp -> rabbit dreams the bright door
biddj whiyfdw whrpe -> queen studies story
afjz vpfhdw hxd tjgfdjh ktq -> king writes the ancient map
Now, decrypt the following text: mfpy fktzfjdw tmrnd gtwhcd",bird imagines above castle,Cipher,unknown_query_chars
8154fbdc,"In Alice's Wonderland, a secret set of transformation rules is applied to equations. Below are a few examples:
93<77 = 9377
82-79 = -96
03<31 = 0331
Now, determine the result for: 66`82",8481,Equation,length_mismatch
8158a14c,"In Alice's Wonderland, a secret set of transformation rules is applied to equations. Below are a few examples:
62)75 = )13
35(11 = 1135
38(64 = 6438
Now, determine the result for: 49)03",46,Equation,length_mismatch
8187e517,"In Alice's Wonderland, a secret set of transformation rules is applied to equations. Below are a few examples:
""{+{% = @@""
%""-@"" = -&(
@)*)< = {{#
Now, determine the result for: {(+)#",@&#,Equation,length_mismatch
8193e7e0,"In Alice's Wonderland, a secret set of transformation rules is applied to equations. Below are a few examples:
'{*#/ = #!''
`]-#` = ]{
&!*]! = ?&!!
?!+// = ?!//
Now, determine the result for: #?*&`",??{`,Equation,length_mismatch
81b6d789,"In Alice's Wonderland, a secret set of transformation rules is applied to equations. Below are a few examples:
&@+$"" = &$)
:!*}! = }!:!
#)-@: = -""#
""!+!! = :#
Now, determine the result for: @!*&)",&)@!,Equation,length_mismatch
81c7ba7a,"In Alice's Wonderland, a secret set of transformation rules is applied to equations. Below are a few examples:
50%83 = 133
32%13 = 45
99%17 = 116
19?58 = ?39
48+29 = 1391
Now, determine the result for: 90?76",?14,Equation,length_mismatch
82109e34,"In Alice's Wonderland, a secret set of transformation rules is applied to equations. Below are a few examples:
''+:@ = @:>
^\+?^ = @$#
#?+$> = /?
^\*?# = $#>/
Now, determine the result for: '^-^^",-@>,Equation,length_mismatch
823c8278,"In Alice's Wonderland, a secret set of transformation rules is applied to equations. Below are a few examples:
`:@/: = `{!!
!{<]\ = ||
>]<`/ = `!
\]@\! = !^]`
Now, determine the result for: ::<{^",|:,Equation,length_mismatch
82453ed5,"In Alice's Wonderland, secret encryption rules are used on text. Here are some examples:
tzyhmzi vwydvszp tmiledm qlsuzinysu -> teacher imagines through wonderland
kezzs izyup wzppydz -> queen reads message
tzyhmzi uizywp tmz bivdmt oltvls -> teacher dreams the bright potion
Now, decrypt the following text: tmz uyix myttzi pzzp",the dark hatter sees,Cipher,unknown_query_chars
824d4bcb,"In Alice's Wonderland, a secret set of transformation rules is applied to equations. Below are a few examples:
09!22 = 0891
49\72 = 121
11:92 = 81:
65!61 = 698
68:06 = 62:
Now, determine the result for: 24:88",64:,Equation,length_mismatch
826bf843,"In Alice's Wonderland, a secret set of transformation rules is applied to equations. Below are a few examples:
^/-<[ = -#`
[/*<` = /^<`
<!+#< = ^/
``*<"" = /)^""
/!-/^ = -/
Now, determine the result for: [#-$[",-$),Equation,length_mismatch
82b32563,"In Alice's Wonderland, a secret set of transformation rules is applied to equations. Below are a few examples:
$:*}` = $:[<
$`*[[ = $``
:%*$\ = $$:[
Now, determine the result for: %\+^\",^\%\,Equation,length_mismatch
82baf39f,"In Alice's Wonderland, a secret set of transformation rules is applied to equations. Below are a few examples:
:)?`` = ?`]
]<?{@ = @!
%/?:< = %%
Now, determine the result for: @`#</",`<@,Equation,length_mismatch
82c9f137,"In Alice's Wonderland, a secret set of transformation rules is applied to equations. Below are a few examples:
#]-#% = {
^\+## = ]{
]?*{\ = {#\<
Now, determine the result for: {&-?#",&%,Equation,length_mismatch
83140233,"In Alice's Wonderland, secret encryption rules are used on text. Here are some examples:
hkggy mufwgw wgmbgq -> queen chases secret
ibfxty mbgfqgw mbcwqfe -> dragon creates crystal
jrvfbi rofxrygw ygfb ptbgwq -> wizard imagines near forest
Now, decrypt the following text: ibfxty irwmtzgbw fbtkyi zfeegc",dragon discovers around valley,Cipher,unknown_query_chars
8321a400,"In Alice's Wonderland, a secret set of transformation rules is applied to equations. Below are a few examples:
98*36 = 3698
04*82 = 8204
26-11 = 15
64*02 = 0264
25+94 = 9425
Now, determine the result for: 15*69",6915,Equation,length_mismatch
8326116b,"In Alice's Wonderland, a secret set of transformation rules is applied to equations. Below are a few examples:
<<-}} = ::
#@-}# = {#
{:-## = }\
\""-<^ = ^:
Now, determine the result for: #:*#\",{{@?,Equation,length_mismatch
835edcfa,"In Alice's Wonderland, secret encryption rules are used on text. Here are some examples:
nxlvuxh iqyps lbqmx agbhlhk -> teacher found above library
shleqp gflegpxr bxkqps gralps -> dragon imagines beyond island
lagvx vulrxr nux vaxmxh jywwax -> alice chases the clever puzzle
zpgeun vulrxr nux slhz rnqhk -> knight chases the dark story
Now, decrypt the following text: tyxxp ohgnxr gp elhsxp",queen writes in garden,Cipher,unknown_query_chars
836d6c4a,"In Alice's Wonderland, a secret set of transformation rules is applied to equations. Below are a few examples:
31*08 = *76
22>88 = 6391
98>24 = 8373
23*63 = *4
09<86 = 751
Now, determine the result for: 99>53",5643,Equation,length_mismatch
8373daa8,"In Alice's Wonderland, a secret set of transformation rules is applied to equations. Below are a few examples:
82+74 = 7482
68+89 = 8968
05-58 = -53
02*61 = 913
41+77 = 7741
Now, determine the result for: 08-23",84,Equation,length_mismatch
837a6ae7,"In Alice's Wonderland, a secret set of transformation rules is applied to equations. Below are a few examples:
:@-&# = <:
&>-:< = -<:
&#+{{ = @<""
%>+&& = @@:
""#-<> = %""
Now, determine the result for: <{*:""",<>\>,Equation,length_mismatch
837af955,"In Alice's Wonderland, a secret set of transformation rules is applied to equations. Below are a few examples:
95-23 = 72
23*83 = 6121
19-33 = 85
12+55 = 77
04*64 = 0481
Now, determine the result for: 67*55",0814,Equation,length_mismatch
8395d060,"In Alice's Wonderland, a secret set of transformation rules is applied to equations. Below are a few examples:
/@*?& = ?@&|
$(-|( = -|
@@-'/ = !(
Now, determine the result for: ?:*/|",?'@!,Equation,length_mismatch
83d7dcd4,"In Alice's Wonderland, a secret set of transformation rules is applied to equations. Below are a few examples:
|&@#( = {(
]|@}& = >|
`>@(! = ]]|
}!)]{ = ]({&
#|@>| = ]]}
Now, determine the result for: >{?|>",?|`,Equation,length_mismatch
83f2724b,"In Alice's Wonderland, a secret set of transformation rules is applied to equations. Below are a few examples:
32:56 = 88
92[66 = 4191
82[23 = 698
87[09 = 0207
Now, determine the result for: 35>13",22,Equation,length_mismatch
84030b0b,"In Alice's Wonderland, a secret set of transformation rules is applied to equations. Below are a few examples:
86)76 = 1
02""54 = 009
14""39 = 3183
84)76 = )91
55)21 = 34
Now, determine the result for: 36)12",24,Equation,length_mismatch
84153a72,"In Alice's Wonderland, secret encryption rules are used on text. Here are some examples:
emy nqppqlv vyqbh -> cat follows story
wdbf dxmrdsjv wqqg -> bird imagines book
yij vjebjy emy fbmlv -> the secret cat draws
imyyjb lmyeijv yij xhvyjbdqzv xdbbqb -> hatter watches the mysterious mirror
Now, decrypt the following text: gdsr bjmfv yij ezbdqzv xmk",king reads the curious map,Cipher,unknown_query_chars
842c7710,"In Alice's Wonderland, a secret set of transformation rules is applied to equations. Below are a few examples:
{]+?/ = ]%
)!*}? = }?)!
??*?? = ????
!{+#% = }//
%%*{/ = {/%%
Now, determine the result for: }%+/)",///,Equation,length_mismatch
843f43c4,"In Alice's Wonderland, secret encryption rules are used on text. Here are some examples:
yhc visocr ozevir myxoncm -> the golden dragon studies
yhc myzervc lnzo ozcepm -> the strange bird dreams
esnfc tixro ezixro vezocr -> alice found around garden
Now, decrypt the following text: yhc fxznixm gznrfcmm fhemcm",the curious princess chases,Cipher,unknown_query_chars
844f826c,"In Alice's Wonderland, a secret set of transformation rules is applied to equations. Below are a few examples:
>#$@"" = >#@""
>`$@> = >`@>
)/*#` = >)
^""-`> = @/]""
/@$/) = /@/)
Now, determine the result for: `@*>`","/""",Equation,length_mismatch
845e726e,"In Alice's Wonderland, a secret set of transformation rules is applied to equations. Below are a few examples:
66-39 = 72
61+41 = 03
65+18 = 731
72*34 = 3472
78-82 = 3
Now, determine the result for: 67+47",051,Equation,length_mismatch
8494aad3,"In Alice's Wonderland, a secret set of transformation rules is applied to equations. Below are a few examples:
""<*""# = ))^&
""!+@! = ""!@!
""^+&"" = ""^&""
#@*## = """")`
Now, determine the result for: ])*<""","""`#&",Equation,length_mismatch
849b4524,"In Alice's Wonderland, secret encryption rules are used on text. Here are some examples:
mse ntytjqxy zwjl ljepka -> the colorful bird dreams
spmmej amxlwea wiawle waypil -> hatter studies inside island
mepnsej ljepka pjtxil ywzjpjr -> teacher dreams around library
Now, decrypt the following text: ktxae fpmnsea mjepaxje",mouse watches treasure,Cipher,unknown_query_chars
84af5d7e,"In Alice's Wonderland, a secret set of transformation rules is applied to equations. Below are a few examples:
61-23 = -61
62-64 = -02
47+74 = 7447
48*52 = 9902
57*37 = 4745
Now, determine the result for: 55+61",6155,Equation,length_mismatch
84b0c936,"In Alice's Wonderland, secret encryption rules are used on text. Here are some examples:
sfr bqozfs moyz jqosrg -> the bright king writes
xwoir jqosrg sfr uxzoixw ahccwr -> alice writes the magical puzzle
boqt tqxjg sfr znwtry griqrs -> bird draws the golden secret
unhgr iqrxsrg sfr griqrs mrv -> mouse creates the secret key
Now, decrypt the following text: ixs rkawnqrg bnnm",cat explores book,Cipher,unknown_query_chars
850dc715,"In Alice's Wonderland, a secret set of transformation rules is applied to equations. Below are a few examples:
43*32 = 187
23-06 = -82
17*14 = 0192
69*56 = 9326
Now, determine the result for: 96*68",3395,Equation,length_mismatch
8517589e,"In Alice's Wonderland, secret encryption rules are used on text. Here are some examples:
ogs pcelwct blei vwcai -> the curious bird found
ogs kaplsao ucssa tsst -> the ancient queen sees
ekbblo iesknt ogs toekams pktoxs -> rabbit dreams the strange castle
ogs ikeq blei tocilst -> the dark bird studies
ogs hlts nwcts vwxxwht -> the wise mouse follows
Now, decrypt the following text: ogs belmgo hljkei sydxwest",the bright wizard explores,Cipher,unknown_query_chars
852a6f48,"In Alice's Wonderland, a secret set of transformation rules is applied to equations. Below are a few examples:
''>%& = )%
]|+)^ = &)'|
)^{'^ = %?
Now, determine the result for: ]){&$",\\,Equation,length_mismatch
852d16cb,"In Alice's Wonderland, a secret set of transformation rules is applied to equations. Below are a few examples:
99-58 = -41
11-87 = -76
34-18 = -83
34-44 = -1
19+29 = 381
Now, determine the result for: 09-79",-7,Equation,length_mismatch
85949925,"In Alice's Wonderland, secret encryption rules are used on text. Here are some examples:
oca zgcrzlmt gcv -> cat imagines map
jhcrql jhmcgt apm oqeqhwie vibbem -> dragon dreams the colorful puzzle
taijmla tmmt lmch zteclj -> student sees near island
dimml taijzmt gzhhqh -> queen studies mirror
Now, decrypt the following text: apm rqejml kzbchj jhmcgt",the golden wizard dreams,Cipher,unknown_query_chars
85b9bc03,"In Alice's Wonderland, secret encryption rules are used on text. Here are some examples:
zblwop zblfa djk tlwcqly dbklavbk -> dragon draws the magical treasure
dvbdyk zblfa djbovwj ilyykn -> turtle draws through valley
scpw fbcdka djk rbcwjd dbklavbk -> king writes the bright treasure
Now, decrypt the following text: djk zlbs fcxlbz kheyobka",the dark wizard explores,Cipher,unknown_query_chars
85c5b2a2,"In Alice's Wonderland, a secret set of transformation rules is applied to equations. Below are a few examples:
||#`| = |!:?
`<)?: = `<?:
""')!< = ""'!<
""`)"": = ""`"":
Now, determine the result for: $<)$$",$<$$,Equation,length_mismatch
85dc976c,"In Alice's Wonderland, a secret set of transformation rules is applied to equations. Below are a few examples:
|{*'^ = }%%^
$\-^' = >%
$:+>% = >{
}^+\{ = |\%
>%+^\ = $|
Now, determine the result for: |\+\}",}:,Equation,length_mismatch
85e7ec53,"In Alice's Wonderland, secret encryption rules are used on text. Here are some examples:
bkhd knvdkhyf asy fklwyq pzzb -> king imagines the silver book
qvppka knvdkhyf gueely -> rabbit imagines puzzle
gqkhmyff mqyvayf asy ntfayqkzuf mqtfavl -> princess creates the mysterious crystal
Now, decrypt the following text: auqaly fauckyf hyvq fmszzl",turtle studies near school,Cipher,unknown_query_chars
85f17a62,"In Alice's Wonderland, secret encryption rules are used on text. Here are some examples:
cbnzkpff kayfpf iap kgsgblts fpkbpi -> princess chases the colorful secret
qbyogz fppf iap ubnoai figbm -> dragon sees the bright story
iap rmfipbngtf ayiipb qbpyrf -> the mysterious hatter dreams
iap kgsgblts dznoai fitqnpf -> the colorful knight studies
Now, decrypt the following text: qbyogz nryonzpf iap fnswpb uggd",dragon imagines the silver book,Cipher,unknown_query_chars
86088a1b,"In Alice's Wonderland, a secret set of transformation rules is applied to equations. Below are a few examples:
}%*^> = >^`/
\\+<> = &<>
&<*}` = %\>
Now, determine the result for: !}-^`",&,Equation,length_mismatch
861cb0b2,"In Alice's Wonderland, a secret set of transformation rules is applied to equations. Below are a few examples:
""(*/! = ""(/!
#(+/"" = ::!
""`*!# = ""`!#
Now, determine the result for: />-/>",%,Equation,length_mismatch
861cb154,"In Alice's Wonderland, a secret set of transformation rules is applied to equations. Below are a few examples:
69(06 = 63(
77`94 = 621
76(36 = 4(
Now, determine the result for: 14!24",2271,Equation,length_mismatch
865eab39,"In Alice's Wonderland, a secret set of transformation rules is applied to equations. Below are a few examples:
#`*>' = |>>#
|'-:% = %>
$""->$ = `
!%+""% = %""
:!+!> = !$%
Now, determine the result for: >'-:""",#$,Equation,length_mismatch
865eca43,"In Alice's Wonderland, a secret set of transformation rules is applied to equations. Below are a few examples:
//*$< = \//\
`}-}' = }
::*>$ = \</$
}'*]} = ]}$
}\+:} = `'
Now, determine the result for: `>-'>",',Equation,length_mismatch
867b8d6c,"In Alice's Wonderland, secret encryption rules are used on text. Here are some examples:
yfsp vmmv brm qwzwhnoz nwhmvb -> king sees the colorful forest
gomms lhfbmv qhxvbuz -> queen writes crystal
khupws nwzzwlv awbfws -> dragon follows potion
Now, decrypt the following text: dwovm khulv brm dxvbmhfwov dfhhwh",mouse draws the mysterious mirror,Cipher,unknown_query_chars
867d9b19,"In Alice's Wonderland, a secret set of transformation rules is applied to equations. Below are a few examples:
#$*'' = #$''
\]-$( = <$
(:*<# = (:<#
\#+$\ = (]
Now, determine the result for: \\-{:",$#,Equation,length_mismatch
86ccbdf7,"In Alice's Wonderland, a secret set of transformation rules is applied to equations. Below are a few examples:
`""-`% = ""
`|*|! = ``%:
?!+\: = ?!\:
Now, determine the result for: |?-?`",:|,Equation,length_mismatch
86cda2ec,"In Alice's Wonderland, a secret set of transformation rules is applied to equations. Below are a few examples:
12-75 = 63
73*21 = 444
88+31 = 201
Now, determine the result for: 26-39",13,Equation,length_mismatch
873db266,"In Alice's Wonderland, secret encryption rules are used on text. Here are some examples:
xtbp advucbao faooyna -> bird explores message
yutia kbtsao ftbbcb -> alice writes mirror
osepals tfyntlao sja icucbgeu ibmosyu -> student imagines the colorful crystal
Now, decrypt the following text: yutia gcuucko ybcelp wyuuam",alice follows around valley,Cipher,unknown_query_chars
8753cdcc,"In Alice's Wonderland, a secret set of transformation rules is applied to equations. Below are a few examples:
):-&| = '{
&{*?"" = ?&{
?%*]] = ?'%&
Now, determine the result for: %%+)""","'""""",Equation,length_mismatch
87540e96,"In Alice's Wonderland, secret encryption rules are used on text. Here are some examples:
nimbp kmabtdpva bvuaqni -> alice discovers crystal
olmwxq vpnka qxp knvo wnvkpl -> knight reads the dark garden
kvnwtl jnqbxpa nvtzlk bnaqip -> dragon watches around castle
Now, decrypt the following text: vnyymq bvpnqpa bnaqip",rabbit creates castle,Cipher,unknown_query_chars
875ddb60,"In Alice's Wonderland, a secret set of transformation rules is applied to equations. Below are a few examples:
?|-<"" = -?<
""<+`"" = <!
`^+?^ = {{}
{|+{: = ""<
^{+?} = {""}
Now, determine the result for: <!-`{","""<",Equation,length_mismatch
87711597,"In Alice's Wonderland, a secret set of transformation rules is applied to equations. Below are a few examples:
84[77 = 521
82[77 = 501
57!25 = 32
Now, determine the result for: 49!82",01,Equation,length_mismatch
878c843c,"In Alice's Wonderland, a secret set of transformation rules is applied to equations. Below are a few examples:
99/10 = 89
37'26 = 3726
76'94 = 7694
57'21 = 5721
88/47 = 41
Now, determine the result for: 80/45",35,Equation,length_mismatch
87a89786,"In Alice's Wonderland, a secret set of transformation rules is applied to equations. Below are a few examples:
24+33 = 67
28+81 = 101
98*39 = 7728
Now, determine the result for: 53+53",17,Equation,length_mismatch
87a902eb,"In Alice's Wonderland, a secret set of transformation rules is applied to equations. Below are a few examples:
82*17 = 7891
83+59 = 331
52*95 = 4741
Now, determine the result for: 75*31",047,Equation,length_mismatch
87eb6301,"In Alice's Wonderland, secret encryption rules are used on text. Here are some examples:
einnxy fyawxpf inljp jxkkisp -> rabbit studies above village
ymp fyeiqsp oqxsmy dmifpf -> the strange knight chases
ymp tvfypexlaf zxbiew epiwf -> the mysterious wizard reads
zxbiew dmifpf devfyik -> wizard chases crystal
cappq dmifpf xq dijp -> queen chases in cave
Now, decrypt the following text: tlafp fyawxpf ymp tisxdik rabbkp",mouse studies the magical puzzle,Cipher,unknown_query_chars
87f02def,"In Alice's Wonderland, secret encryption rules are used on text. Here are some examples:
abmmj mwplfnmv qnmrvbnm -> queen explores treasure
xrqqmn kndqmv vqfni -> hatter writes story
qxm xdzzmj ujdgxq dyrgdjmv -> the hidden knight imagines
znrgfj znrkv rcfem kfjzmnlrjz -> dragon draws above wonderland
Now, decrypt the following text: ujdgxq sxrvmv pboolm",knight chases puzzle,Cipher,unknown_query_chars
882ae49a,"In Alice's Wonderland, secret encryption rules are used on text. Here are some examples:
ubg wdyg koxyg wtdugy -> the wise mouse writes
wdeitf wtdugy ihovg dyripf -> wizard writes above island
biuugt sbiygy ubg ydrvgt stlyuir -> hatter chases the silver crystal
irdsg yggy ubg sorotmxr yuotl -> alice sees the colorful story
uxturg dkijdpgy pgit motgyu -> turtle imagines near forest
Now, decrypt the following text: ubg fita ctdpsgyy wtdugy",the dark princess writes,Cipher,unknown_query_chars
8880d554,"In Alice's Wonderland, secret encryption rules are used on text. Here are some examples:
kdsh jcvhdlj vghls wfrrlz -> bird studies under valley
qgdnuc iufjlj ifjcrl -> knight chases castle
qdgn afciulj cul iprpsxvr jcpsz -> king watches the colorful story
cul irlwls kdsh xpvgh -> the clever bird found
Now, decrypt the following text: hsfnpg afciulj opcdpg",dragon watches potion,Cipher,unknown_query_chars
8894d0bf,"In Alice's Wonderland, secret encryption rules are used on text. Here are some examples:
nyqz uebxicum gjiwu siqaucxgqa -> king explores above wonderland
vru agcn rgvvuc yfgzyqum -> the dark hatter imagines
vru txuwuc oluuq hilqa -> the clever queen found
vugtruc uebxicum vru agcn aiic -> teacher explores the dark door
Now, decrypt the following text: rgvvuc aymtiwucm blddxu",hatter discovers puzzle,Cipher,unknown_query_chars
88b43464,"In Alice's Wonderland, a secret set of transformation rules is applied to equations. Below are a few examples:
34*04 = 0271
85*32 = 4331
15-15 = 0
97*77 = 3806
76+05 = 0576
Now, determine the result for: 11+53",5311,Equation,length_mismatch
88c93c2c,"In Alice's Wonderland, a secret set of transformation rules is applied to equations. Below are a few examples:
76*62 = 2471
68-47 = 21
04-49 = 41
44*51 = 066
Now, determine the result for: 43*37",2842,Equation,length_mismatch
88f6a807,"In Alice's Wonderland, secret encryption rules are used on text. Here are some examples:
tlqqzd plqutzk qtdxcat ekrlhj -> hatter watches through island
tlqqzd dzljk qtz jldo kzudzq -> hatter reads the dark secret
wedj jdzlbk qtz kzudzq aldjzh -> bird dreams the secret garden
kqcjzhq kqcjezk qtz tejjzh kqxdg -> student studies the hidden story
pevldj eblaehzk ulkqrz -> wizard imagines castle
Now, decrypt the following text: kqcjzhq kzzk hzld nlrrzg",student sees near valley,Cipher,unknown_query_chars
88fe5a52,"In Alice's Wonderland, a secret set of transformation rules is applied to equations. Below are a few examples:
49*95 = 5455
03-58 = -55
33*77 = 0452
57+59 = 961
79+61 = 211
Now, determine the result for: 97*17",8065,Equation,length_mismatch
8916a10d,"In Alice's Wonderland, a secret set of transformation rules is applied to equations. Below are a few examples:
:^*^} = ^}:^
\(-:( = !
{^+:{ = <{}
:\-^] = ]}
Now, determine the result for: :}+<!",::,Equation,length_mismatch
891942ba,"In Alice's Wonderland, a secret set of transformation rules is applied to equations. Below are a few examples:
72+29 = 2972
91-11 = 8
66*11 = 627
88+19 = 1988
Now, determine the result for: 85-88",03,Equation,length_mismatch
893ffb06,"In Alice's Wonderland, a secret set of transformation rules is applied to equations. Below are a few examples:
))+}: = ))}:
{@-'! = -{`
'}+@| = '}@|
::*:' = {||{
Now, determine the result for: @`-`:",-@',Equation,length_mismatch
894bd189,"In Alice's Wonderland, secret encryption rules are used on text. Here are some examples:
hngtkvcc vjhrunvc lgnnun -> princess explores mirror
zniyut engxvc lvcciyv -> dragon writes message
xmv mgzzvt cxbzvtx gliygtvc -> the hidden student imagines
mixxvn gliygtvc huxgut -> hatter imagines potion
Now, decrypt the following text: nippgx vjhrunvc lgnnun",rabbit explores mirror,Cipher,unknown_query_chars
8962872b,"In Alice's Wonderland, a secret set of transformation rules is applied to equations. Below are a few examples:
]:?$) = `$])
^$}%] = $^
%)?\] = `^%)
Now, determine the result for: ``?`\",%`&,Equation,length_mismatch
89780a3c,"In Alice's Wonderland, a secret set of transformation rules is applied to equations. Below are a few examples:
99]18 = 1782
59!45 = 105
43]50 = 2150
Now, determine the result for: 85!42",128,Equation,length_mismatch
898bc85a,"In Alice's Wonderland, a secret set of transformation rules is applied to equations. Below are a few examples:
}%+][ = [)
?%+%) = ]>[
??-@& = &}
Now, determine the result for: }?+?)",^[[,Equation,length_mismatch
899e7ce8,"In Alice's Wonderland, a secret set of transformation rules is applied to equations. Below are a few examples:
38)66 = 9745
83/37 = 111
06/66 = 621
92)35 = 8351
52/35 = 87
Now, determine the result for: 33@23",1@,Equation,length_mismatch
899e9abc,"In Alice's Wonderland, a secret set of transformation rules is applied to equations. Below are a few examples:
`}-""` = -}#
/}-/@ = -?""
}@+(} = ()
Now, determine the result for: ?)-}}","[""",Equation,length_mismatch
8a0c1aab,"In Alice's Wonderland, a secret set of transformation rules is applied to equations. Below are a few examples:
?:+[} = >}$
?$+&[ = $?
?>*:< = <[($
&>+?[ = $^
Now, determine the result for: <[-}[",<,Equation,length_mismatch
8a141b71,"In Alice's Wonderland, secret encryption rules are used on text. Here are some examples:
ujd cvfvwpkf boxq dlifvwdm -> the colorful king explores
gozhwr dlifvwdm kxrdw qhwrdx -> wizard explores under garden
rwhqvx dlifvwdm ujd ckwovkm uwdhmkwd -> dragon explores the curious treasure
iwoxcdmm rwdhem ox omfhxr -> princess dreams in island
udhcjdw ghucjdm muvwa -> teacher watches story
Now, decrypt the following text: boxq wdhrm hnvsd chmufd",king reads above castle,Cipher,unknown_query_chars
8a15edaa,"In Alice's Wonderland, a secret set of transformation rules is applied to equations. Below are a few examples:
//+%% = <<<
&%*(# = %##/
<{-\$ = $
{<*<& = /\&
\<*&{ = #{&{
Now, determine the result for: #(-\!",%\,Equation,length_mismatch
8a1bdd48,"In Alice's Wonderland, a secret set of transformation rules is applied to equations. Below are a few examples:
`?-#? = -@?
]&*]] = &|#&
#]-]@ = -\|
[|-&? = -[@
\]-`? = `]
Now, determine the result for: \@*#[",`\&[,Equation,length_mismatch
8a495594,"In Alice's Wonderland, secret encryption rules are used on text. Here are some examples:
njxvh tiovhv mcvmbh kmazozu -> mouse chases inside library
njxvh mnodmchv tzuvwok -> mouse imagines crystal
pzmcthvv fjxcb nop -> princess found map
Now, decrypt the following text: wih djkbhc yxhhc mnodmchv",the golden queen imagines,Cipher,unknown_query_chars
8a800607,"In Alice's Wonderland, a secret set of transformation rules is applied to equations. Below are a few examples:
76-71 = 5396
80]69 = 11
14-53 = 742
21-27 = 567
67]82 = 15
Now, determine the result for: 65]67",2,Equation,length_mismatch
8aa757ad,"In Alice's Wonderland, secret encryption rules are used on text. Here are some examples:
zviw unsjxqr sxq jgqhqb wnblqi -> king watches the clever garden
bnddvs lvrjfhqbr jnrsgq -> rabbit discovers castle
pbvijqrr lbnur rsfbt -> princess draws story
Now, decrypt the following text: rsclqis vonwviqr lffb",student imagines door,Cipher,unknown_query_chars
8ae8e12a,"In Alice's Wonderland, a secret set of transformation rules is applied to equations. Below are a few examples:
81*71 = 603
35+55 = 5535
49+21 = 2149
Now, determine the result for: 08-17",9,Equation,length_mismatch
8b0a88c3,"In Alice's Wonderland, secret encryption rules are used on text. Here are some examples:
loddxs uxmbzqylm scy mxrqyl slyomwly -> rabbit discovers the silver treasure
dxlu ulyokm scy mslofiy ioluyf -> bird dreams the strange garden
nwyyf lyoum kxllzl -> queen reads mirror
Now, decrypt the following text: nwyyf blyosym scy bwlxzwm pwhhry",queen creates the curious puzzle,Cipher,unknown_query_chars
8b1af00e,"In Alice's Wonderland, a secret set of transformation rules is applied to equations. Below are a few examples:
\@`""{ = \/&[
@\+?{ = [&""
?{`\@ = ![\[
/[`@"" = !%@
\[+{! = [/
Now, determine the result for: %@`{\",%%%&,Equation,length_mismatch
8b486833,"In Alice's Wonderland, secret encryption rules are used on text. Here are some examples:
whns rnbdcbm cpb tzmcbnhyom wyya -> bird creates the mysterious book
inhqrbmm htduhqbm thnnyn -> princess imagines mirror
cpb mbrnbc vhjdns sndvm -> the secret wizard draws
Now, decrypt the following text: concfb eyffyvm cpb mbrnbc thnnyn",turtle follows the secret mirror,Cipher,unknown_query_chars
8b7c2ea4,"In Alice's Wonderland, a secret set of transformation rules is applied to equations. Below are a few examples:
{]\][ = <{
%%'}% = '{)
{}\""] = ])@
<`'%% = [<
`)$[) = ]""))
Now, determine the result for: {@\}@",][@,Equation,length_mismatch
8bc66fd7,"In Alice's Wonderland, a secret set of transformation rules is applied to equations. Below are a few examples:
28-27 = 01
19*98 = 0018
33+82 = 26
45+02 = 57
Now, determine the result for: 64*15",7432,Equation,length_mismatch
8bc6a26c,"In Alice's Wonderland, a secret set of transformation rules is applied to equations. Below are a few examples:
34{85 = 2889
26#93 = 119
20#75 = 95
43*40 = *3
Now, determine the result for: 12#26",38,Equation,length_mismatch
8bd4b4c8,"In Alice's Wonderland, a secret set of transformation rules is applied to equations. Below are a few examples:
>|{#' = #>{
#|):[ = ""##
'|)""| = ['#
`[)""| = '>#
""[)>| = #>#
Now, determine the result for: '>]`#",??[,Equation,length_mismatch
8bebef83,"In Alice's Wonderland, a secret set of transformation rules is applied to equations. Below are a few examples:
55{76 = 4180
75{33 = 2475
95*43 = 9
73/97 = 169
Now, determine the result for: 44{77",3388,Equation,length_mismatch
8c1529e1,"In Alice's Wonderland, a secret set of transformation rules is applied to equations. Below are a few examples:
71-86 = -15
62*67 = 7791
02+49 = 311
Now, determine the result for: 65-18",-52,Equation,length_mismatch
8c2ebe65,"In Alice's Wonderland, secret encryption rules are used on text. Here are some examples:
toptvu fmbqfwuy thu dpfqht tpubyopu -> turtle imagines the bright treasure
tubahup jpubmy fwyfju abnu -> teacher dreams inside cave
gwfqht jpubmy thu bwafuwt qbpjuw -> knight dreams the ancient garden
hbttup uxivlpuy bdlnu yahllv -> hatter explores above school
gfwq uxivlpuy thu dpfqht abytvu -> king explores the bright castle
Now, decrypt the following text: thu hfjjuw zfkbpj elowj",the hidden wizard found,Cipher,unknown_query_chars
8c4f70b6,"In Alice's Wonderland, a secret set of transformation rules is applied to equations. Below are a few examples:
^)+(@ = $""
""[-^^ = -#$
@^+@% = &^
""(-)( = -@%
Now, determine the result for: ^#-##",-@%,Equation,length_mismatch
8c6a158e,"In Alice's Wonderland, a secret set of transformation rules is applied to equations. Below are a few examples:
65}27 = }38
11}59 = }48
46}23 = }23
Now, determine the result for: 28}58",}30,Equation,length_mismatch
8c9c1e2f,"In Alice's Wonderland, secret encryption rules are used on text. Here are some examples:
qaj xftj urq xrquajt -> the wise cat watches
krvvfq ukjrqjt qaj afccjp tjukjq -> rabbit creates the hidden secret
qaj crkw szjjp cftubejkt -> the dark queen discovers
vfkc xrquajt qaj ubdbkozd tjukjq -> bird watches the colorful secret
Now, decrypt the following text: wpfnaq obzpc urtqdj",knight found castle,Cipher,unknown_query_chars
8ca27f6f,"In Alice's Wonderland, a secret set of transformation rules is applied to equations. Below are a few examples:
\""!""/ = ""`
]#{""` = %%
]/-#[ = ""\([
(@!`\ = """"
Now, determine the result for: ]%-#@",(]%/,Equation,length_mismatch
8cc11970,"In Alice's Wonderland, secret encryption rules are used on text. Here are some examples:
oxnj kxeshqmwe unkmw esthhf -> king discovers under school
phuem ihunk ihwmez -> mouse found forest
slz wmlke omb -> cat reads key
Now, decrypt the following text: zmlstmw mgafhwme xnexkm slqm",teacher explores inside cave,Cipher,unknown_query_chars
8d10c393,"In Alice's Wonderland, secret encryption rules are used on text. Here are some examples:
ycslrzc giwwivy giuryc -> student follows forest
vmejul mpjhmzry curjysur -> wizard imagines treasure
kmul ycslmry mzymlr mywjzl -> bird studies inside island
nsrrz xurjcry mz tjwwro -> queen creates in valley
Now, decrypt the following text: aumzxryy xqjyry cqr qmllrz pja",princess chases the hidden map,Cipher,unknown_query_chars
8d2546a5,"In Alice's Wonderland, a secret set of transformation rules is applied to equations. Below are a few examples:
33#75 = 9
31#27 = 4
22[73 = 95
25-79 = 2579
38[90 = 128
Now, determine the result for: 12-11",1211,Equation,length_mismatch
8d3d7fac,"In Alice's Wonderland, secret encryption rules are used on text. Here are some examples:
mlxmyh rxhwnu uhzxhm -> turtle dreams secret
mhwzkhx ixemhu mkh fbyrhj fwxrhj -> teacher writes the golden garden
mkh fbyrhj qxejzhuu ixemhu -> the golden princess writes
mhwzkhx iwmzkhu ahc -> teacher watches key
dexr uhhu ejuerh mbihx -> bird sees inside tower
Now, decrypt the following text: mkh ueythx ajefkm reuzbthxu",the silver knight discovers,Cipher,unknown_query_chars
8d652f91,"In Alice's Wonderland, a secret set of transformation rules is applied to equations. Below are a few examples:
46*21 = 967
39-82 = 56
17+13 = 101
94+72 = 57
79+11 = 701
Now, determine the result for: 97-57",4,Equation,length_mismatch
8d7bacdc,"In Alice's Wonderland, secret encryption rules are used on text. Here are some examples:
fyg uixw yiffgx zbvmu -> the dark hatter found
acxu gklobxgh iabrg nihfog -> bird explores above castle
qbvhg uchnbrgxh cmhcug choimu -> mouse discovers inside island
nif uxgiqh hgnxgf -> cat dreams secret
Now, decrypt the following text: yiffgx uxish cmhcug hnybbo",hatter draws inside school,Cipher,unknown_query_chars
8d9a062b,"In Alice's Wonderland, a secret set of transformation rules is applied to equations. Below are a few examples:
$%+<{ = ^:}
}!+%^ = ^$\
\$+<} = ^!^
Now, determine the result for: \}>!:",^!,Equation,length_mismatch
8dac3984,"In Alice's Wonderland, a secret set of transformation rules is applied to equations. Below are a few examples:
>&-|& = -#&
>|*!> = >|!>
|>+%! = >/%
!%+[% = :@
Now, determine the result for: :!*:|",:!:|,Equation,length_mismatch
8dd94e6e,"In Alice's Wonderland, secret encryption rules are used on text. Here are some examples:
zyj dipx orjjf dsvuhmjpv -> the dark queen discovers
zjiuyjp sbiwsfjv wipdjf -> teacher imagines garden
iasuj upjizjv iphrfd bhrfzisf -> alice creates around mountain
zyj vsamjp dpiwhf dsvuhmjpv -> the silver dragon discovers
Now, decrypt the following text: yizzjp dpjibv fjip nhfdjpaifd",hatter dreams near wonderland,Cipher,unknown_query_chars
8dea05d7,"In Alice's Wonderland, a secret set of transformation rules is applied to equations. Below are a few examples:
03+06 = 0603
45+81 = 8145
41-24 = 82
33-37 = 04
Now, determine the result for: 07+39",3907,Equation,length_mismatch
8df3daad,"In Alice's Wonderland, a secret set of transformation rules is applied to equations. Below are a few examples:
73@78 = 7378
60+19 = 6019
69+97 = 6997
Now, determine the result for: 45|11",34,Equation,length_mismatch
8e169174,"In Alice's Wonderland, a secret set of transformation rules is applied to equations. Below are a few examples:
84:14 = 0
36/69 = 2483
27/31 = 836
24:73 = 1
45?78 = 123
Now, determine the result for: 48/11",527,Equation,length_mismatch
8e306bfc,"In Alice's Wonderland, secret encryption rules are used on text. Here are some examples:
ncdywcb updhukci kcdb tdrdyc -> teacher imagines near palace
nwc dkyuckn druyc ywdici -> the ancient alice chases
ydn ywdici ukiusc ydinrc -> cat chases inside castle
Now, decrypt the following text: vubs updhukci vcomks mycdk",bird imagines beyond ocean,Cipher,unknown_query_chars
8e359dc8,"In Alice's Wonderland, a secret set of transformation rules is applied to equations. Below are a few examples:
89*42 = 3532
35[46 = 11
24[58 = 34
48^18 = 561
54*19 = 6904
Now, determine the result for: 37^75",031,Equation,length_mismatch
8e3e4928,"In Alice's Wonderland, a secret set of transformation rules is applied to equations. Below are a few examples:
82\83 = 4601
08""95 = 9508
44""28 = 2844
09\84 = 0234
Now, determine the result for: 57$07",5,Equation,length_mismatch
8e411cc7,"In Alice's Wonderland, a secret set of transformation rules is applied to equations. Below are a few examples:
^}-]] = (&$
}:#:$ = &$
]:!$$ = /]
:}!("" = ]]<
Now, determine the result for: $&!&}",]]],Equation,length_mismatch
8e53b548,"In Alice's Wonderland, a secret set of transformation rules is applied to equations. Below are a few examples:
`(+|` = ||&
%&+)' = ||`
@\-%| = |:
':*`) = ':`)
&:*@) = &:@)
Now, determine the result for: &&+)`",|'',Equation,length_mismatch
8e56a42e,"In Alice's Wonderland, a secret set of transformation rules is applied to equations. Below are a few examples:
<$@}\ = \%{
{%[$} = {%$}
<$^>> = ""\
Now, determine the result for: %/[<>",%/<>,Equation,length_mismatch
8e6d01f1,"In Alice's Wonderland, a secret set of transformation rules is applied to equations. Below are a few examples:
']!^} = >>""
^^)^: = '?\>
^""-]? = ->{
Now, determine the result for: ^:!>""",{},Equation,length_mismatch
8eac8f69,"In Alice's Wonderland, a secret set of transformation rules is applied to equations. Below are a few examples:
99(38 = 9938
57+32 = 5271
05(03 = 0503
01+31 = 031
Now, determine the result for: 21+94",885,Equation,length_mismatch
8ef8b70f,"In Alice's Wonderland, secret encryption rules are used on text. Here are some examples:
kiotcwi xzowt owtch rvnvsc -> student found under palace
egwb sjvkck xzhcki -> king chases forest
thvbzw shcvick ijc sncdch svkinc -> dragon creates the clever castle
ijc ygkc iohinc gqvbgwck -> the wise turtle imagines
ijc tvhe svi hcvtk -> the dark cat reads
Now, decrypt the following text: ygfvht yvisjck vhzowt qzowivgw",wizard watches around mountain,Cipher,unknown_query_chars
8f1af066,"In Alice's Wonderland, a secret set of transformation rules is applied to equations. Below are a few examples:
<[*<< = \[`:
$`+`< = $``<
!!+%# = !!%#
||+|[ = |||[
Now, determine the result for: $`-!`",-`[,Equation,length_mismatch
8f53039d,"In Alice's Wonderland, secret encryption rules are used on text. Here are some examples:
uxwfst goog tso yvfwevq evgtqo -> knight sees the magical castle
tso yvfwevq svttob iclxm -> the magical hatter found
bvrrwt mwgecpobg gtcbh -> rabbit discovers story
vqweo ebovtog uoh -> alice creates key
tso elbwclg evt iclxm -> the curious cat found
Now, decrypt the following text: tso yvfwevq bvrrwt icqqcjg",the magical rabbit follows,Cipher,unknown_query_chars
8fad338f,"In Alice's Wonderland, a secret set of transformation rules is applied to equations. Below are a few examples:
42%53 = 96
12-64 = 767
76(83 = (7
Now, determine the result for: 72-66",4751,Equation,length_mismatch
8fdf7ccf,"In Alice's Wonderland, a secret set of transformation rules is applied to equations. Below are a few examples:
%$*)] = <>
!]+)) = +$""
""<*>> = )#]
""""?<% = #$]$
Now, determine the result for: !<?$#",<$$%,Equation,length_mismatch
8ff1151c,"In Alice's Wonderland, a secret set of transformation rules is applied to equations. Below are a few examples:
&'})( = %(
^@}%> = @(
>&|{) = (&'%
{^})@ = """"
Now, determine the result for: ()|)'","&(""&",Equation,length_mismatch
902410ec,"In Alice's Wonderland, secret encryption rules are used on text. Here are some examples:
zil koyhlc gyovl fcgsk -> the silver alice draws
ncorvlkk fokvjhlck bgn -> princess discovers map
fcgmjr kllk elt -> dragon sees key
zil vjyjcxuy kzuflrz scozlk -> the colorful student writes
Now, decrypt the following text: eorm lqnyjclk urflc kvijjy",king explores under school,Cipher,unknown_query_chars
902da958,"In Alice's Wonderland, a secret set of transformation rules is applied to equations. Below are a few examples:
63`03 = 9701
79/85 = 551
32`23 = 537
Now, determine the result for: 38/48",761,Equation,length_mismatch
904e3a54,"In Alice's Wonderland, a secret set of transformation rules is applied to equations. Below are a few examples:
83(50 = 134
27:29 = :2
49:99 = :50
84/71 = 5963
Now, determine the result for: 76:10",66,Equation,length_mismatch
90550e6a,"In Alice's Wonderland, secret encryption rules are used on text. Here are some examples:
mvxw djipboa ibenlwb qjsjpo -> king watches through palace
ibo rjem dvujer eojra -> the dark wizard reads
ibo bvrrox ynlao rejda -> the hidden mouse draws
bjiioe aooa ibenlwb qjsjpo -> hatter sees through palace
Now, decrypt the following text: ejzzvi ailrvoa ibo zevwbi qnivnx",rabbit studies the bright potion,Cipher,unknown_query_chars
907061d6,"In Alice's Wonderland, secret encryption rules are used on text. Here are some examples:
surkzul xhrdxyum hrc -> teacher imagines map
solsgu lurtm szu hrdxkrg hummrdu -> turtle reads the magical message
msotuys klursum rleoyt brgguj -> student creates around valley
szu kegelpog fyxdzs lurtm -> the colorful knight reads
Now, decrypt the following text: szu hrdxkrg wxnrlt lurtm",the magical wizard reads,Cipher,unknown_query_chars
9081e954,"In Alice's Wonderland, a secret set of transformation rules is applied to equations. Below are a few examples:
:%!:| = :%:|
`(!(# = `((#
'{}'"" = ""
`#>({ = (@(#
|%}:# = }'""
Now, determine the result for: %{}(@",}{#,Equation,length_mismatch
90b80c68,"In Alice's Wonderland, secret encryption rules are used on text. Here are some examples:
qer iyhqrwbtjh uwxotl uwrxih -> the mysterious dragon dreams
kbdxwu gexhrh xatmr ktlurwsxlu -> wizard chases above wonderland
gxq hrrh bl tgrxl -> cat sees in ocean
xsbgr hrrh qer xlgbrlq gxhqsr -> alice sees the ancient castle
Now, decrypt the following text: qer gtstwvjs exqqrw uwrxih",the colorful hatter dreams,Cipher,unknown_query_chars
90d57388,"In Alice's Wonderland, a secret set of transformation rules is applied to equations. Below are a few examples:
26-88 = 62
15*16 = 1113
09-54 = 0
61+78 = 7861
02-98 = 9
Now, determine the result for: 15+26",2615,Equation,length_mismatch
90f00d9b,"In Alice's Wonderland, a secret set of transformation rules is applied to equations. Below are a few examples:
!{-{# = -!<
>{*#! = #!>{
(|-(! = ]\
''-'| = -](
Now, determine the result for: \<+({",{#,Equation,length_mismatch
90feb0c5,"In Alice's Wonderland, a secret set of transformation rules is applied to equations. Below are a few examples:
\}+)` = \})`
:>'>} = :``
])+)\ = ]))\
Now, determine the result for: ?>'>>",:<],Equation,length_mismatch
912c6ea5,"In Alice's Wonderland, a secret set of transformation rules is applied to equations. Below are a few examples:
06+15 = 1603
26+26 = 5483
06+03 = 1081
56}46 = 921
Now, determine the result for: 47}69",071,Equation,length_mismatch
912d2b79,"In Alice's Wonderland, a secret set of transformation rules is applied to equations. Below are a few examples:
83*91 = 127
06-94 = 11
69+22 = 711
46-71 = 74
16+95 = 911
Now, determine the result for: 08+03",901,Equation,length_mismatch
912f9786,"In Alice's Wonderland, a secret set of transformation rules is applied to equations. Below are a few examples:
^]-)) = @
]>+]& = ^>&
##-&: = [^
^#+:^ = ^>>
#:+[@ = ^[]
Now, determine the result for: :^-&@",^/,Equation,length_mismatch
913b2d7f,"In Alice's Wonderland, a secret set of transformation rules is applied to equations. Below are a few examples:
40""92 = 52
59*38 = 2242
75]92 = 166
Now, determine the result for: 38]66",103,Equation,length_mismatch
913fdf86,"In Alice's Wonderland, a secret set of transformation rules is applied to equations. Below are a few examples:
45*99 = 6435
73-43 = -3
24+34 = 68
Now, determine the result for: 72+32",15,Equation,length_mismatch
91488dc9,"In Alice's Wonderland, a secret set of transformation rules is applied to equations. Below are a few examples:
53?64 = 5364
54?80 = 5480
94(33 = 61
Now, determine the result for: 34?31",3431,Equation,length_mismatch
917fcc49,"In Alice's Wonderland, secret encryption rules are used on text. Here are some examples:
vozahyjj lnehuyj euy sdjeyoztmj byd -> princess watches the mysterious key
bzaq lozeyj cydtap stmaenza -> king writes beyond mountain
euy htgtofmg stmjy lozeyj -> the colorful mouse writes
Now, decrypt the following text: jempyae jempzyj vmxxgy",student studies puzzle,Cipher,unknown_query_chars
91a0e345,"In Alice's Wonderland, a secret set of transformation rules is applied to equations. Below are a few examples:
$$+#? = (\""
""'+?# = '$""
""?*!' = !`(#
?'+\` = ]""""
#`-\? = (
Now, determine the result for: !]*$]",(`]',Equation,length_mismatch
91b34547,"In Alice's Wonderland, a secret set of transformation rules is applied to equations. Below are a few examples:
13+36 = 3613
06-65 = -4
09+94 = 9409
Now, determine the result for: 26-41",-84,Equation,length_mismatch
91b42a45,"In Alice's Wonderland, a secret set of transformation rules is applied to equations. Below are a few examples:
94>73 = 21
97'87 = 185
56'40 = 97
Now, determine the result for: 73'96",170,Equation,length_mismatch
91e9dc52,"In Alice's Wonderland, a secret set of transformation rules is applied to equations. Below are a few examples:
(^+>"" = (>#
""#-^$ = :
]]-#^ = \:
\""->] = $#
($*:^ = (:\
Now, determine the result for: ()*\$",$#)#,Equation,length_mismatch
92087c7c,"In Alice's Wonderland, secret encryption rules are used on text. Here are some examples:
ighhyb eghdiyt lxxq -> hatter watches book
wbsvdytt digtyt hiy axpjyv dbfthgp -> princess chases the golden crystal
gpsdy jbygct hiy thbgvay wxhsxv -> alice dreams the strange potion
Now, decrypt the following text: hiy cgasdgp bgllsh mxppxet",the magical rabbit follows,Cipher,unknown_query_chars
92135360,"In Alice's Wonderland, a secret set of transformation rules is applied to equations. Below are a few examples:
|?\!! = %>[
??\!) = !%)
))\]| = ]!$[
Now, determine the result for: $!\?%",$!$?,Equation,length_mismatch
921da788,"In Alice's Wonderland, a secret set of transformation rules is applied to equations. Below are a few examples:
47:51 = 98
41|72 = 873
25|07 = 0463
86|92 = 2791
Now, determine the result for: 53|78",5403,Equation,length_mismatch
92367a94,"In Alice's Wonderland, secret encryption rules are used on text. Here are some examples:
zxepfk zqtofhbxt pexzbk -> dragon discovers garden
lxqkobtt zxevt gqxxfx -> princess draws mirror
inb pfdzbk edqob vxqibt -> the golden alice writes
tiazbki onetbt lfiqfk -> student chases potion
Now, decrypt the following text: cabbk jfakz exfakz heddbw",queen found around valley,Cipher,unknown_query_chars
923ac2b5,"In Alice's Wonderland, a secret set of transformation rules is applied to equations. Below are a few examples:
')-]# = -#]
')*': = @\]:
)<+][ = [)\
]:+#[ = [[|
:]+|' = [)'
Now, determine the result for: '[*@@",#'<@,Equation,length_mismatch
92402574,"In Alice's Wonderland, secret encryption rules are used on text. Here are some examples:
yezlu tyilwug iwu apgiuszkrg lygieu -> alice watches the mysterious castle
wyiius girnzug iwu nysb drcceu -> hatter studies the dark puzzle
yezlu tsziug rmnus iktus -> alice writes under tower
iwu gisymhu akrgu qkrmn -> the strange mouse found
Now, decrypt the following text: fruum nsytg iwu lrszkrg azssks",queen draws the curious mirror,Cipher,unknown_query_chars
9243dd78,"In Alice's Wonderland, a secret set of transformation rules is applied to equations. Below are a few examples:
|\-?@ = -@\
""@*?^ = @}/""
@#*^} = \##/
Now, determine the result for: }}+@?","""<",Equation,length_mismatch
92471ca4,"In Alice's Wonderland, a secret set of transformation rules is applied to equations. Below are a few examples:
71+45 = 4571
37+09 = 0937
34-63 = 7
Now, determine the result for: 02-38",36,Equation,length_mismatch
9250a0a8,"In Alice's Wonderland, a secret set of transformation rules is applied to equations. Below are a few examples:
63?39 = 103
50?12 = 63
37#85 = 3145
21@77 = 14
88?10 = 99
Now, determine the result for: 57@18",3,Equation,length_mismatch
925f3e06,"In Alice's Wonderland, secret encryption rules are used on text. Here are some examples:
pnm ndkkmc yidam anyfmf -> the hidden alice chases
qdjk ajmypmf pnm ycadmcp gmb -> bird creates the ancient key
nyppmj teock dcfdkm veckmjiyck -> hatter found inside wonderland
pnm ueikmc zjdcamff mxziejmf -> the golden princess explores
pnm fpjycum vdsyjk kdfaermjf -> the strange wizard discovers
Now, decrypt the following text: ayp vypanmf hmffyum",cat watches message,Cipher,unknown_query_chars
92681b44,"In Alice's Wonderland, secret encryption rules are used on text. Here are some examples:
dwba ueljv kli -> king reads map
vtmjebt qglvev qlvtze -> student chases castle
rwuj queltev jnnu -> bird creates door
Now, decrypt the following text: ulrrwt veev lrnxe alujeb",rabbit sees above garden,Cipher,unknown_query_chars
928b4916,"In Alice's Wonderland, secret encryption rules are used on text. Here are some examples:
mtjfqs vxwdc sqr cjknrx mrl -> knight draws the silver key
sqr cjknrx wkjar ruokhxrc -> the silver alice explores
srwaqrx csbvjrc sxrwcbxr -> teacher studies treasure
sqr ahkhxybk srwaqrx dxjsrc -> the colorful teacher writes
csbvrts vjcahnrxc trwx shdrx -> student discovers near tower
Now, decrypt the following text: ijxv xrwvc irlhtv yhxrcs",bird reads beyond forest,Cipher,unknown_query_chars
929eabb2,"In Alice's Wonderland, secret encryption rules are used on text. Here are some examples:
nlv iqzavqn rnfxvqn xcvijr -> the ancient student dreams
hacx zlirvr jip -> bird chases map
linnvc xcikr uvt -> hatter draws key
linnvc xcvijr nlv xicu xssc -> hatter dreams the dark door
Now, decrypt the following text: xciosq kcanvr nlv iqzavqn hssu",dragon writes the ancient book,Cipher,unknown_query_chars
92c58c9a,"In Alice's Wonderland, secret encryption rules are used on text. Here are some examples:
lpe netfel fhkkml neen -> the secret rabbit sees
nldyexl qhltpen thnloe -> student watches castle
lpe ruoyex lehtpef fehyn -> the golden teacher reads
Now, decrypt the following text: lpe pmyyex smxr yfhqn",the hidden king draws,Cipher,unknown_query_chars
92e320c9,"In Alice's Wonderland, a secret set of transformation rules is applied to equations. Below are a few examples:
23%11 = 12
77%50 = 27
48""99 = 148
Now, determine the result for: 45/78",3511,Equation,length_mismatch
930cb6bd,"In Alice's Wonderland, secret encryption rules are used on text. Here are some examples:
gluuh moiiojf wleeiu -> queen follows puzzle
krhx qzucvf pcfaiu -> king dreams castle
gluuh qzucvf rh pcfaiu -> queen dreams in castle
ayu fupzua ycaauz fuuf -> the secret hatter sees
Now, decrypt the following text: cirpu udwiozuf ayu fupzua woaroh",alice explores the secret potion,Cipher,unknown_query_chars
9346686a,"In Alice's Wonderland, a secret set of transformation rules is applied to equations. Below are a few examples:
@(+:< = ""<
/<*|( = /[:|
/!*:"" = %|/
/%-[! = :
""[-|| = /!
Now, determine the result for: %(-[(",:(,Equation,length_mismatch
93481650,"In Alice's Wonderland, a secret set of transformation rules is applied to equations. Below are a few examples:
82+64 = 47
35+89 = 151
94-76 = 81
21+25 = 46
87+73 = 511
Now, determine the result for: 42+61",04,Equation,length_mismatch
936b3ae5,"In Alice's Wonderland, a secret set of transformation rules is applied to equations. Below are a few examples:
37}11 = 308
93|79 = 9379
94>85 = 9
62>22 = 4>
89>07 = 82>
Now, determine the result for: 95>81",14>,Equation,length_mismatch
9372da3d,"In Alice's Wonderland, secret encryption rules are used on text. Here are some examples:
tmvsjqm sefrt mgj gzssjq yzeeue -> student draws the hidden mirror
mgj yltmjezuvt rznfes ejfst -> the mysterious wizard reads
ozqx rezmjt vqsje twguub -> king writes under school
Now, decrypt the following text: oqzxgm rfmwgjt mgj wubueavb wftmbj",knight watches the colorful castle,Cipher,unknown_query_chars
937c06c5,"In Alice's Wonderland, a secret set of transformation rules is applied to equations. Below are a few examples:
85:17 = 102
47]72 = 25
62'71 = 6271
10]99 = 9
94:71 = 165
Now, determine the result for: 18]17",1,Equation,length_mismatch
93c9b36b,"In Alice's Wonderland, a secret set of transformation rules is applied to equations. Below are a few examples:
^%*[( = >)^)
&}->& = >[
(}-(% = ->
>^-/% = -(&
[(*^> = >}})
Now, determine the result for: )}+%)",>^[,Equation,length_mismatch
93d1c7eb,"In Alice's Wonderland, a secret set of transformation rules is applied to equations. Below are a few examples:
29[22 = 07
24[68 = [44
54`61 = 027
Now, determine the result for: 28`55",0154,Equation,length_mismatch
93e6d0c0,"In Alice's Wonderland, a secret set of transformation rules is applied to equations. Below are a few examples:
&}'<^ = ""&
!](|& = }|
!)(&! = >}
Now, determine the result for: ^|(>^",^<,Equation,length_mismatch
93f3ae6b,"In Alice's Wonderland, a secret set of transformation rules is applied to equations. Below are a few examples:
38-25 = 13
24-38 = -14
42[88 = 211
Now, determine the result for: 74[06",701,Equation,length_mismatch
940df3f4,"In Alice's Wonderland, a secret set of transformation rules is applied to equations. Below are a few examples:
74#48 = 131
79-22 = 57
91#84 = 76
Now, determine the result for: 27!82",5102,Equation,length_mismatch
94367b1d,"In Alice's Wonderland, a secret set of transformation rules is applied to equations. Below are a few examples:
))*`` = /``/
'[+|) = [{[
>>-[` = -`<
Now, determine the result for: [[+|<",|',Equation,length_mismatch
945c151e,"In Alice's Wonderland, a secret set of transformation rules is applied to equations. Below are a few examples:
42*54 = 9701
18*78 = 6407
79*01 = 969
02*33 = 956
Now, determine the result for: 38+08",461,Equation,length_mismatch
9461b22b,"In Alice's Wonderland, a secret set of transformation rules is applied to equations. Below are a few examples:
36)32 = 4
33{82 = 2705
79)80 = 1
Now, determine the result for: 83)40",3,Equation,length_mismatch
9483f712,"In Alice's Wonderland, secret encryption rules are used on text. Here are some examples:
iacck mbcgocn uybbfb -> queen creates mirror
ufanc mbcgocn orbfawr nmrffx -> mouse creates through school
lbykmcnn zynmfhcbn uybbfb -> princess discovers mirror
Now, decrypt the following text: noazcko yugwykcn orc mxchcb mbenogx",student imagines the clever crystal,Cipher,unknown_query_chars
948e5474,"In Alice's Wonderland, a secret set of transformation rules is applied to equations. Below are a few examples:
%:-&: = `
:`*(: = (>%&
?!+&` = &`?!
Now, determine the result for: ?%-^%",-&,Equation,length_mismatch
9497f712,"In Alice's Wonderland, secret encryption rules are used on text. Here are some examples:
zfgcevuu yhlcj pvxhcj agnnsbv -> princess found beyond village
tiv kxutvfghlu jfsbhc jfvsku -> the mysterious dragon dreams
tiv igjjvc est utljgvu -> the hidden cat studies
Now, decrypt the following text: rgwsfj efvstvu gc esutnv",wizard creates in castle,Cipher,unknown_query_chars
94a8fe23,"In Alice's Wonderland, a secret set of transformation rules is applied to equations. Below are a few examples:
^\':\ = }|%%
|}(^< = (<^
&`@%& = <<<
<&@\` = }<
><@|% = <\%
Now, determine the result for: &%(:>",(\%,Equation,length_mismatch
94aaddda,"In Alice's Wonderland, secret encryption rules are used on text. Here are some examples:
rtgguf uvojnfum gru rpddux oqeeju -> hatter explores the hidden puzzle
znqmu hfutgum gru mgftxyu ytfdux -> mouse creates the strange garden
tjphu dpmhnsufm px htsu -> alice discovers in cave
gru cfpyrg bquux pztypxum -> the bright queen imagines
gru mpjsuf lpetfd muum -> the silver wizard sees
Now, decrypt the following text: htg futdm gru hjusuf mgnfw",cat reads the clever story,Cipher,unknown_query_chars
94b3156f,"In Alice's Wonderland, a secret set of transformation rules is applied to equations. Below are a few examples:
}\-""' = |'<
|?-""\ = }""
#\['| = \""#\
Now, determine the result for: |()""}",)'',Equation,length_mismatch
94b7db05,"In Alice's Wonderland, secret encryption rules are used on text. Here are some examples:
eyuul fkxjbiuox sdu nbmful chg -> queen discovers the golden map
ohqqks ouhfx kl sbauo -> rabbit reads in tower
syosmu jdhxux gbskbl -> turtle chases potion
qkof uwgmboux xsbor -> bird explores story
Now, decrypt the following text: suhjduo tbylf sdu xsohlnu souhxyou",teacher found the strange treasure,Cipher,unknown_query_chars
94b92001,"In Alice's Wonderland, a secret set of transformation rules is applied to equations. Below are a few examples:
51-63 = -12
67*54 = 0243
88+05 = 731
Now, determine the result for: 95+05",801,Equation,length_mismatch
94bf323a,"In Alice's Wonderland, a secret set of transformation rules is applied to equations. Below are a few examples:
78*97 = 9778
91+36 = 28
55*83 = 8355
47+02 = 49
06*57 = 5706
Now, determine the result for: 58+19",671,Equation,length_mismatch
94c06b54,"In Alice's Wonderland, secret encryption rules are used on text. Here are some examples:
jopn rlbnoyr lipcbmi lckyp -> bird studies through tower
pfjjol zifryr liy nfpg qcloct -> rabbit chases the dark potion
liy ryzpyl lyfziyp npfkr -> the secret teacher draws
lbplsy ydqscpyr gye -> turtle explores key
kowfpn vcssckr jyectn lckyp -> wizard follows beyond tower
Now, decrypt the following text: kowfpn norzcaypr fpcbtn lckyp",wizard discovers around tower,Cipher,unknown_query_chars
94d5d7dd,"In Alice's Wonderland, secret encryption rules are used on text. Here are some examples:
lsj uajwjt ljousjt rlbkejr -> the clever teacher studies
oaeuj efoxezjr knnt -> alice imagines door
lsj unanthba ctezujrr efoxezjr -> the colorful princess imagines
Now, decrypt the following text: ktoxnz hnaanmr qnnv",dragon follows book,Cipher,unknown_query_chars
94d7d89e,"In Alice's Wonderland, secret encryption rules are used on text. Here are some examples:
algymq qlvpsfhmv duh psosmwjo pyvdoh -> wizard discovers the colorful castle
duh qymk xjhhe vhhv -> the dark queen sees
duh pohfhm tlmq aydpuhv -> the clever bird watches
Now, decrypt the following text: csjvh aydpuhv duh vlofhm khr",mouse watches the silver key,Cipher,unknown_query_chars
95353c23,"In Alice's Wonderland, a secret set of transformation rules is applied to equations. Below are a few examples:
|[+!( = |[!(
)[*`$ = ))!`
($+<< = ($<<
`[*`$ = |!!`
Now, determine the result for: !(*%`",<)<|,Equation,length_mismatch
955d71c5,"In Alice's Wonderland, secret encryption rules are used on text. Here are some examples:
scd pymd cqssdi mddm -> the wise hatter sees
pykqil rxttxpm scd mytgdi lxxi -> wizard follows the silver door
scd pymd zoyecs lymvxgdim -> the wise knight discovers
Now, decrypt the following text: cqssdi lymvxgdim scd aiyecs lxxi",hatter discovers the bright door,Cipher,unknown_query_chars
957c70fd,"In Alice's Wonderland, a secret set of transformation rules is applied to equations. Below are a few examples:
89-96 = 92
69+79 = 291
96+07 = 831
28-37 = 9
Now, determine the result for: 07-77",-7,Equation,length_mismatch
958722ae,"In Alice's Wonderland, secret encryption rules are used on text. Here are some examples:
stew zaqqako cjy dgis ciygoxiy -> king follows the dark treasure
stew diyglo te laxecgte -> king dreams in mountain
cjy lbocyitaxo ocxdyec iygdo -> the mysterious student reads
ocxdyec tlgwteyo cjy hxitaxo nactae -> student imagines the curious potion
Now, decrypt the following text: laxoy kitcyo cjy hqymyi ocaib",mouse writes the clever story,Cipher,unknown_query_chars
95afbb5f,"In Alice's Wonderland, a secret set of transformation rules is applied to equations. Below are a few examples:
96#53 = 150
11`93 = `82
22#40 = 63
84`92 = `8
31}39 = 1210
Now, determine the result for: 97}47",4560,Equation,length_mismatch
95b7822b,"In Alice's Wonderland, secret encryption rules are used on text. Here are some examples:
feh dfrlsoh ljinh neldhd -> the strange alice chases
nlf vzjjztd shlr nldfjh -> cat follows near castle
elffhr dhhd dfzrx -> hatter sees story
msioef rhlbd czzm -> knight reads book
Now, decrypt the following text: cirb rhlbd feh wloinlj frhldyrh",bird reads the magical treasure,Cipher,unknown_query_chars
95d8ff2c,"In Alice's Wonderland, a secret set of transformation rules is applied to equations. Below are a few examples:
06""61 = 57
19""33 = 321
43|44 = 01
16|87 = 71
99""96 = 761
Now, determine the result for: 88""96",651,Equation,length_mismatch
95dd49e1,"In Alice's Wonderland, secret encryption rules are used on text. Here are some examples:
tfpw bqqb jzbgoq -> king sees castle
tfpw xcooclb rpeqh wzheqp -> king follows under garden
nzggqh hqzeb gnq yhfwng tqv -> hatter reads the bright key
khfpjqbb ehqzdb gnq ezht bgchv -> princess dreams the dark story
yfhe hqzeb gnq bghzpwq wzheqp -> bird reads the strange garden
Now, decrypt the following text: dcrbq bqqb gnq joqiqh dfhhch",mouse sees the clever mirror,Cipher,unknown_query_chars
95def4c4,"In Alice's Wonderland, a secret set of transformation rules is applied to equations. Below are a few examples:
>?->@ = @
`&-|\ = >\
\'+@& = '@?
>{-'{ = '?
`'*`& = !'!&
Now, determine the result for: ''+&'",\|,Equation,length_mismatch
95f7b796,"In Alice's Wonderland, secret encryption rules are used on text. Here are some examples:
kfs ovczsvk ksocfsx mxsoqp -> the ancient teacher dreams
oyzcs mxohp kfs cryrxlby cxapkoy -> alice draws the colorful crystal
hzioxm xsomp kfs pzytsx kxsopbxs -> wizard reads the silver treasure
kfs ovczsvk oyzcs hokcfsp -> the ancient alice watches
Now, decrypt the following text: ubssv lryyrhp cxapkoy",queen follows crystal,Cipher,unknown_query_chars
9610985a,"In Alice's Wonderland, a secret set of transformation rules is applied to equations. Below are a few examples:
36)18 = 648
14-49 = -35
88-72 = -16
Now, determine the result for: 64-42",-22,Equation,length_mismatch
9610a42b,"In Alice's Wonderland, secret encryption rules are used on text. Here are some examples:
atk jbtqw kfv xbzcfk jnnb -> cat draws the bright door
ogvvl aftwvw lvtb zwutlj -> queen chases near island
mlzcfk zhtczlvw mvs -> knight imagines key
ftkkvb vidunbvw kfv anunbpgu abswktu -> hatter explores the colorful crystal
Now, decrypt the following text: dbzlavww jzwanrvbw kfv wzurvb htd",princess discovers the silver map,Cipher,unknown_query_chars
96115336,"In Alice's Wonderland, a secret set of transformation rules is applied to equations. Below are a few examples:
>[{#^ = ><[}
}@{&@ = !}&&
&@|>^ = !<!
@#|?! = #^
Now, determine the result for: &@{><",@!<<,Equation,length_mismatch
96291987,"In Alice's Wonderland, secret encryption rules are used on text. Here are some examples:
kmh mijjhb jfrstb etvbj -> the hidden dragon found
kmh cvfitvo rxich jioctuhfo -> the curious alice discovers
kmh qaokhfitvo rxich etxxtno -> the mysterious alice follows
khrcmhf jioctuhfo kmh ohcfhk dtty -> teacher discovers the secret book
jfrstb cfhrkho rdtuh ocmttx -> dragon creates above school
Now, decrypt the following text: qtvoh hlzxtfho ib uixxrsh",mouse explores in village,Cipher,unknown_query_chars
9634f949,"In Alice's Wonderland, a secret set of transformation rules is applied to equations. Below are a few examples:
%""`'! = '""{^
%!]'"" = %'^
^#/## = ""
!{]&"" = <%^
Now, determine the result for: %""]<@",^!^,Equation,length_mismatch
963bdc67,"In Alice's Wonderland, a secret set of transformation rules is applied to equations. Below are a few examples:
52*81 = 7
49-83 = 2753
96\83 = 9683
Now, determine the result for: 99\73",9973,Equation,length_mismatch
963e85bb,"In Alice's Wonderland, a secret set of transformation rules is applied to equations. Below are a few examples:
70@44 = 3081
93$33 = 126
94@73 = 6863
43@37 = 1592
Now, determine the result for: 52$24",76,Equation,length_mismatch
966c1f9f,"In Alice's Wonderland, a secret set of transformation rules is applied to equations. Below are a few examples:
43*19 = 4903
53-24 = -7
51-49 = -97
Now, determine the result for: 31+45",66,Equation,length_mismatch
966f8239,"In Alice's Wonderland, secret encryption rules are used on text. Here are some examples:
ceg vzfzyiqf alhr xcqulgx -> the colorful king studies
cqycfg uygmjx xczyb -> turtle dreams story
emccgy uymwx qhugy dmfmvg -> hatter draws under palace
tqggh izffzwx ceg sylrec agb -> queen follows the bright key
xcqughc uymwx ceg rzfugh jmd -> student draws the golden map
Now, decrypt the following text: ceg xlfkgy ymsslc izffzwx",the silver rabbit follows,Cipher,unknown_query_chars
969a6b00,"In Alice's Wonderland, a secret set of transformation rules is applied to equations. Below are a few examples:
/(':! = `/
@|'`^ = '`|
^^}>^ = (?
@/""(: = @/?^
Now, determine the result for: `^"">?",?!?>,Equation,length_mismatch
96c231d2,"In Alice's Wonderland, secret encryption rules are used on text. Here are some examples:
thul luvai ykx coxexu bvq -> bird draws the clever map
luvsdm lhicdexui ykx ixcuxy qrwwox -> dragon discovers the secret puzzle
ykx sdolxm yruyox ixxi -> the golden turtle sees
Now, decrypt the following text: ahwvul luvai cupiyvo",wizard draws crystal,Cipher,unknown_query_chars
96e8be73,"In Alice's Wonderland, a secret set of transformation rules is applied to equations. Below are a few examples:
@@>!/ = @!#
<#(][ = (%""
%<(/] = [/
/@(@< = (\@
#""(\< = ([@
Now, determine the result for: /@(//",(!],Equation,length_mismatch
96efb93a,"In Alice's Wonderland, a secret set of transformation rules is applied to equations. Below are a few examples:
16*05 = 0503
17""82 = 34""
78""48 = 3""
86""33 = 53""
Now, determine the result for: 95""57",61,Equation,length_mismatch
9720a8ea,"In Alice's Wonderland, secret encryption rules are used on text. Here are some examples:
dyl pwzi pzwhbm pvxqbflzx -> the dark dragon discovers
ywddlz pvxqbflzx wzbamp xqybbu -> hatter discovers around school
imvhyd pzwrx dyl xdzwmhl qwxdul -> knight draws the strange castle
dlwqylz lgcubzlx dyl pwzi olxxwhl -> teacher explores the dark message
obaxl vowhvmlx mlwz fvuuwhl -> mouse imagines near village
Now, decrypt the following text: dyl nzvhyd czvmqlxx qzlwdlx",the bright princess creates,Cipher,unknown_query_chars
9760032a,"In Alice's Wonderland, a secret set of transformation rules is applied to equations. Below are a few examples:
32+98 = 9832
51-63 = -12
38+76 = 7638
Now, determine the result for: 72+93",9372,Equation,length_mismatch
9769bade,"In Alice's Wonderland, a secret set of transformation rules is applied to equations. Below are a few examples:
84`61 = 23
94!97 = 9119
43[84 = 127
97`32 = 65
Now, determine the result for: 58!89",5163,Equation,length_mismatch
979071a0,"In Alice's Wonderland, a secret set of transformation rules is applied to equations. Below are a few examples:
((&@( = '|{
#>!|@ = #|<
(>&\' = )'\#
'@&@< = )'#
#'""|' = #""
Now, determine the result for: {\!@\",))<,Equation,length_mismatch
97abca56,"In Alice's Wonderland, a secret set of transformation rules is applied to equations. Below are a few examples:
:{>?? = (`:
#{>#& = (&:
$$^?? = ^&&
Now, determine the result for: (:*`'",`#::,Equation,length_mismatch
97c04f50,"In Alice's Wonderland, a secret set of transformation rules is applied to equations. Below are a few examples:
$]+(# = $](#
`]-#"" = &
>`*$> = $#]#
&|+(& = &|(&
Now, determine the result for: `&*]&","`#""&",Equation,length_mismatch
97d07b1c,"In Alice's Wonderland, secret encryption rules are used on text. Here are some examples:
afu yjtpuja hoykrj qrssrbn -> the ancient dragon follows
dopjtunn tfynun aouyneou -> princess chases treasure
ieuuj nuun aouyneou -> queen sees treasure
Now, decrypt the following text: mpoh tfynun ymrlu kyohuj",bird chases above garden,Cipher,unknown_query_chars
97d6db7a,"In Alice's Wonderland, a secret set of transformation rules is applied to equations. Below are a few examples:
%#+&! = #%
##*^! = ##^!
[}+^[ = &%#
%\*`& = %\`&
Now, determine the result for: \[*%^",\[%^,Equation,length_mismatch
97dee6aa,"In Alice's Wonderland, a secret set of transformation rules is applied to equations. Below are a few examples:
16-06 = 1
16-89 = 73
91-96 = 21
54*16 = 4472
11*82 = 703
Now, determine the result for: 74-03",71,Equation,length_mismatch
981182f4,"In Alice's Wonderland, secret encryption rules are used on text. Here are some examples:
beobti ifktpoiz dpoizb -> turtle explores forest
qcb oicuz bmi vnzi rpph -> cat reads the wise book
zbeuiyb zbeuniz bmopewm nztcyu -> student studies through island
hynwmb ifktpoiz eyuio nztcyu -> knight explores under island
Now, decrypt the following text: ctnqi uocvz hia",alice draws key,Cipher,unknown_query_chars
982c0b42,"In Alice's Wonderland, a secret set of transformation rules is applied to equations. Below are a few examples:
%%+""| = ?'%
?^-#"" = &%
|%-?^ = #
^?+|| = %?%
%!*|! = |''}
Now, determine the result for: ^&*""&",^}|%,Equation,length_mismatch
98724121,"In Alice's Wonderland, secret encryption rules are used on text. Here are some examples:
kwj bfhg kjfiwjh ihjfkjl -> the dark teacher creates
kwj qhuxwk hfqquk bhjfml -> the bright rabbit dreams
wfkkjh buliodjhl gjn -> hatter discovers key
Now, decrypt the following text: kwj wubbjc wfkkjh ihjfkjl",the hidden hatter creates,Cipher,unknown_query_chars
987a223b,"In Alice's Wonderland, secret encryption rules are used on text. Here are some examples:
eozgiro fjohtie uivyrg djagir -> student watches beyond garden
oti tqggir ozaosi gaijxe -> the hidden turtle dreams
bqrd haijoie oti xjdqhjs djagir -> king creates the magical garden
Now, decrypt the following text: oti fqei naqrhiee haijoie",the wise princess creates,Cipher,unknown_query_chars
988576c0,"In Alice's Wonderland, secret encryption rules are used on text. Here are some examples:
bevvjm ymefc vbj yemt lommhm -> hatter draws the dark mirror
euokj fmovjc lommhm -> alice writes mirror
wajjp ymefc emhapy reuujn -> queen draws around valley
vbj focj euokj ihapy -> the wise alice found
Now, decrypt the following text: wajjp ymefc vbmhagb kerj",queen draws through cave,Cipher,unknown_query_chars
98a2636e,"In Alice's Wonderland, a secret set of transformation rules is applied to equations. Below are a few examples:
51+73 = 25
75-59 = 83
41-27 = 2
Now, determine the result for: 36+73",001,Equation,length_mismatch
98b56497,"In Alice's Wonderland, secret encryption rules are used on text. Here are some examples:
jup wupjlsx ndoocs -> cat watches puzzle
nvtgjsxx jvsupsx uzhbs khdgputg -> princess creates above mountain
pls jdvthdx nvtgjsxx yhdga -> the curious princess found
pls ugjtsgp luppsv vsuax -> the ancient hatter reads
Now, decrypt the following text: luppsv avuwx uzhbs btccues",hatter draws above village,Cipher,unknown_query_chars
98bb54f7,"In Alice's Wonderland, a secret set of transformation rules is applied to equations. Below are a few examples:
24-55 = 31
48*02 = 9761
21*42 = 782
49+96 = 361
33+06 = 39
Now, determine the result for: 96*49",5846,Equation,length_mismatch
98eed496,"In Alice's Wonderland, a secret set of transformation rules is applied to equations. Below are a few examples:
](<^} = ``
:^{[[ = ((]
]}{}[ = (}#
]:{:? = (%:
#}{}` = (((
Now, determine the result for: ^[>}`",^[}`,Equation,length_mismatch
98ef38f0,"In Alice's Wonderland, secret encryption rules are used on text. Here are some examples:
fdi eboydf cpf gbprq -> the bright cat draws
dpffib rbofiq fdbvjyd kpmpci -> hatter writes through palace
pmoci onpyosiq fdi qicbif cpqfmi -> alice imagines the secret castle
dpffib uvjsg pevti uvbiqf -> hatter found above forest
Now, decrypt the following text: roxpbg goqcvtibq osqogi nvjsfpos",wizard discovers inside mountain,Cipher,unknown_query_chars
9925be81,"In Alice's Wonderland, a secret set of transformation rules is applied to equations. Below are a few examples:
(>`]( = `>!
^>[>@ = #>?)
!@`!! = `#
Now, determine the result for: ]#[^)",@}]),Equation,length_mismatch
9935aa11,"In Alice's Wonderland, a secret set of transformation rules is applied to equations. Below are a few examples:
?@*?\ = ?\?@
(#*>< = ><(#
`\+)( = \##
Now, determine the result for: <`-)<",-`#,Equation,length_mismatch
99693c43,"In Alice's Wonderland, secret encryption rules are used on text. Here are some examples:
wrbenc uafrm hivqic -> knight found secret
mqjear zqbcih cni eadmir xfoodi -> dragon writes the golden puzzle
cni lqbenc cijvniq zjcvnih -> the bright teacher watches
Now, decrypt the following text: cni jrvbirc kafhi uaddazh",the ancient mouse follows,Cipher,unknown_query_chars
99b7018f,"In Alice's Wonderland, a secret set of transformation rules is applied to equations. Below are a few examples:
'{*\$ = |""||
||*:"" = |){:
""|*$> = ^$':
Now, determine the result for: |'+$'",>\:,Equation,length_mismatch
99cc2e07,"In Alice's Wonderland, a secret set of transformation rules is applied to equations. Below are a few examples:
43^12 = 1243
06/67 = /61
63/47 = /83
Now, determine the result for: 22/15",/92,Equation,length_mismatch
99d345d9,"In Alice's Wonderland, secret encryption rules are used on text. Here are some examples:
obvhg pajru zgtaru sajreovr -> alice found beyond mountain
mejugre pajru njddbg -> student found puzzle
mejugre lyvegm homebg -> student writes castle
hoe uvmhakgym zaaw -> cat discovers book
lvdoyu ygoum xoyugr -> wizard reads garden
Now, decrypt the following text: egohfgy hygoegm zgtaru ahgor",teacher creates beyond ocean,Cipher,unknown_query_chars
99d6a3b5,"In Alice's Wonderland, a secret set of transformation rules is applied to equations. Below are a few examples:
#[%[< = #{^<
[)%![ = !)?(
))%?? = [(`
)#%`? = {([<
Now, determine the result for: (<%))",?()<,Equation,length_mismatch
99e2cf41,"In Alice's Wonderland, a secret set of transformation rules is applied to equations. Below are a few examples:
09+62 = 6209
32*63 = 828
83+45 = 4583
42*87 = 2781
Now, determine the result for: 15+44",4415,Equation,length_mismatch
9a0daca9,"In Alice's Wonderland, a secret set of transformation rules is applied to equations. Below are a few examples:
/'->"" = -'#
|'-|` = -[|
(`*'| = )>||
#>+[' = #(#
/)*'' = ||(|
Now, determine the result for: `""*`(","/"">|",Equation,length_mismatch
9a19fc2d,"In Alice's Wonderland, a secret set of transformation rules is applied to equations. Below are a few examples:
{{-># = {#
[!-)[ = !{
}/+&{ = &'
[[+') = >&
/'+// = &[[
Now, determine the result for: !&+)#",#>[,Equation,length_mismatch
9a4f2f47,"In Alice's Wonderland, a secret set of transformation rules is applied to equations. Below are a few examples:
#?+?} = #}^
[?-!: = ?!
!'*^! = !(}:
))*^} = )#!:
^)+[! = #?
Now, determine the result for: !?+)'",('^,Equation,length_mismatch
9a5b6b28,"In Alice's Wonderland, a secret set of transformation rules is applied to equations. Below are a few examples:
19^37 = ^18
16^24 = ^8
21^48 = ^27
Now, determine the result for: 81^59",^22,Equation,length_mismatch
9a9f5fef,"In Alice's Wonderland, secret encryption rules are used on text. Here are some examples:
vty xtyvqpd yqp dyutjmp yuptdhup -> cat watches the strange treasure
yptvqpu dppd jptu dvqooc -> teacher sees near school
yqp tjvnpjy qtyypu vuptypd -> the ancient hatter creates
Now, decrypt the following text: xnetuw dppd yqp mocwpj spi",wizard sees the golden key,Cipher,unknown_query_chars
9a9f6025,"In Alice's Wonderland, a secret set of transformation rules is applied to equations. Below are a few examples:
44-28 = -83
56-18 = -61
53*21 = 2153
41+68 = 001
29+56 = 751
Now, determine the result for: 03-59",-56,Equation,length_mismatch
9aa48392,"In Alice's Wonderland, a secret set of transformation rules is applied to equations. Below are a few examples:
28-08 = -2
91*21 = 2191
64-82 = -81
15*39 = 3915
39*36 = 3639
Now, determine the result for: 58+66",151,Equation,length_mismatch
9aa8dc92,"In Alice's Wonderland, a secret set of transformation rules is applied to equations. Below are a few examples:
\|+<# = \|<#
#:+#: = #:#:
/@-{/ = -\""
Now, determine the result for: /#+</",/#</,Equation,length_mismatch
9adfc48b,"In Alice's Wonderland, secret encryption rules are used on text. Here are some examples:
homats tfasz gfat darrfe -> wizard reads near valley
uogw htojfz jif qtowij pbtfzj -> king writes the bright forest
zjcsfgj fxyrbtfz og darrfe -> student explores in valley
Now, decrypt the following text: ytognfzz stfavz jif nrfdft ycmmrf",princess dreams the clever puzzle,Cipher,unknown_query_chars
9ae3b78e,"In Alice's Wonderland, a secret set of transformation rules is applied to equations. Below are a few examples:
15@99 = 9405
78|61 = 401
64|17 = 811
16\35 = 8\
Now, determine the result for: 57@55",5214,Equation,length_mismatch
9ae663c3,"In Alice's Wonderland, a secret set of transformation rules is applied to equations. Below are a few examples:
:?+?] = >]
]}*># = ]}>#
]<-}\ = ->
}(+>@ = ?:?
Now, determine the result for: (#-?}",:,Equation,length_mismatch
9afe43b4,"In Alice's Wonderland, a secret set of transformation rules is applied to equations. Below are a few examples:
%)@%% = )]<
((!#} = <^)/
)%@)< = ^)
(^!<) = //%^
Now, determine the result for: %}!#<",//(},Equation,length_mismatch
9b1ea308,"In Alice's Wonderland, a secret set of transformation rules is applied to equations. Below are a few examples:
37\35 = 02
03|42 = 45
81:87 = 8781
18\91 = 26
Now, determine the result for: 99|36",261,Equation,length_mismatch
9b458fbc,"In Alice's Wonderland, a secret set of transformation rules is applied to equations. Below are a few examples:
84:48 = 4032
20@34 = 2034
12:85 = 1020
42[50 = 8
Now, determine the result for: 34[73",39,Equation,length_mismatch
9b4cffb2,"In Alice's Wonderland, a secret set of transformation rules is applied to equations. Below are a few examples:
!%*&! = ""!`!
`/*'! = ``@&
'&*`"" = ``)
&""-)@ = !!
""/+&% = ')<
Now, determine the result for: ))+@/",&@<,Equation,length_mismatch
9b732c0c,"In Alice's Wonderland, secret encryption rules are used on text. Here are some examples:
xnjzvna hpjbhsny phaaga -> teacher imagines mirror
vjxxna lahxny xvagfbv zjyxin -> hatter writes through castle
xvn yxajsbn ajoohx lahxny -> the strange rabbit writes
yxfwnsx egfsw pnyyjbn -> student found message
Now, decrypt the following text: wajbgs zanjxny oncgsw bjawns",dragon creates beyond garden,Cipher,unknown_query_chars
9b820b4e,"In Alice's Wonderland, a secret set of transformation rules is applied to equations. Below are a few examples:
29|97 = |68
99*46 = 146
20|32 = |12
11}22 = 241
13}43 = 558
Now, determine the result for: 65}68",4419,Equation,length_mismatch
9b9e024b,"In Alice's Wonderland, a secret set of transformation rules is applied to equations. Below are a few examples:
66""66 = 6666
88#67 = 461
75\65 = 1\
Now, determine the result for: 23#29",421,Equation,length_mismatch
9bc940dd,"In Alice's Wonderland, secret encryption rules are used on text. Here are some examples:
zarzso qjldod zjo doqroz merrfr -> turtle chases the secret mirror
xegh rolkd lrfagk cfgkorslgk -> king reads around wonderland
naoog wfagk zjo jekkog wfrodz -> queen found the hidden forest
Now, decrypt the following text: jlzzor qrolzod zjo prehjz zroldaro",hatter creates the bright treasure,Cipher,unknown_query_chars
9bfca34c,"In Alice's Wonderland, a secret set of transformation rules is applied to equations. Below are a few examples:
]{+[> = ||
^[?>` = '`|`
<(?'] = '^^`
^^$>< = |`(
Now, determine the result for: <{$>^",|>`,Equation,length_mismatch
9c0ae448,"In Alice's Wonderland, secret encryption rules are used on text. Here are some examples:
xwtrhwn mszda ewosda ksdawnptda -> teacher found beyond wonderland
antusd nwtag rtgxpw -> dragon reads castle
rtx knqxwg fwo -> cat writes key
Now, decrypt the following text: xhw gwrnwx cnqdrwgg msppskg",the secret princess follows,Cipher,unknown_query_chars
9c2cc0ab,"In Alice's Wonderland, secret encryption rules are used on text. Here are some examples:
ejyhnjg leapijl enj legydsj pwwg -> teacher studies the strange door
enj swmpjd leapjde ljjl -> the golden student sees
nyeejg leapijl cweiwd -> hatter studies potion
ymihj xgiejl enj pygv kwgjle -> alice writes the dark forest
Now, decrypt the following text: ejyhnjg iqysidjl id miugygt",teacher imagines in library,Cipher,unknown_query_chars
9c697047,"In Alice's Wonderland, a secret set of transformation rules is applied to equations. Below are a few examples:
""""&:[ = #]#<
::`:{ = `'<
@<&'"" = ':""
:@-[< = <]
""@-@{ = [}
Now, determine the result for: ]{`'#",`:,Equation,length_mismatch
9c8eef89,"In Alice's Wonderland, a secret set of transformation rules is applied to equations. Below are a few examples:
29!92 = !63
49""56 = 2744
93!86 = !7
19-49 = 67
Now, determine the result for: 36""48",1728,Equation,length_mismatch
9c91b226,"In Alice's Wonderland, a secret set of transformation rules is applied to equations. Below are a few examples:
38@26 = 541
32""43 = 287
93@81 = 75
Now, determine the result for: 29?26",03,Equation,length_mismatch
9c9831f9,"In Alice's Wonderland, secret encryption rules are used on text. Here are some examples:
bqpm dokmqid oeprkwe ajtjhi -> bird studies through palace
cqgjpm hejdid klmip orcip -> wizard chases under tower
ejooip pijmd wjpmil -> hatter reads garden
mpjwrl yrttrcd dorpn -> dragon follows story
Now, decrypt the following text: hjo qvjwqlid lijp tqbpjpn",cat imagines near library,Cipher,unknown_query_chars
9cb03277,"In Alice's Wonderland, a secret set of transformation rules is applied to equations. Below are a few examples:
46*79 = 9026
74*92 = 4631
55`84 = 301
57!58 = 01
01*42 = 142
Now, determine the result for: 52!78",26,Equation,length_mismatch
9cbbfd73,"In Alice's Wonderland, secret encryption rules are used on text. Here are some examples:
uws nwsuotl ktwd luoiiy -> cat watches near school
svdsyt udtwstl ak iutwk -> turtle creates in ocean
sot oapptk owsstd pdtwjl -> the hidden hatter dreams
rdakutll lsvpatl sodivco rwywut -> princess studies through palace
Now, decrypt the following text: sot uvdaivl rdakutll mivkp",the curious princess found,Cipher,unknown_query_chars
9cc02bc1,"In Alice's Wonderland, a secret set of transformation rules is applied to equations. Below are a few examples:
&|+]' = &|]'
^#+'` = ^#'`
'#-^' = -'#
{^+>{ = {^>{
|]-&` = -^&
Now, determine the result for: :#+:'",:#:',Equation,length_mismatch
9cd307c7,"In Alice's Wonderland, secret encryption rules are used on text. Here are some examples:
mfoztrf zptixm fyt xwmftpukom xtmmibt -> student dreams the mysterious message
gif skorz fyt mfpirbt mfkpw -> cat found the strange story
pinnuf zptixm ntwkrz xkorfiur -> rabbit dreams beyond mountain
Now, decrypt the following text: pinnuf zpiqm fyt muvdtp mtgptf",rabbit draws the silver secret,Cipher,unknown_query_chars
9ceba70a,"In Alice's Wonderland, a secret set of transformation rules is applied to equations. Below are a few examples:
[(&[( = >}>(
""}{\% = !}
!!&\} = (!%>
(#{`[ = #!
!%&\> = (#}%
Now, determine the result for: ((&#%",##%,Equation,length_mismatch
9d20c8a7,"In Alice's Wonderland, a secret set of transformation rules is applied to equations. Below are a few examples:
!/\]/ = !?)]
]?'|/ = )]
|/\![ = |:/]
]#'|} = )
/]\?} = :}:
Now, determine the result for: [}\!)",]]]},Equation,length_mismatch
9d4039b6,"In Alice's Wonderland, secret encryption rules are used on text. Here are some examples:
lsrrja easqg grbad -> hatter draws story
oazvijgg ezgibyjag rlj gztyja gjiajr -> princess discovers the silver secret
rlj pazklr easkbv qsriljg -> the bright dragon watches
Now, decrypt the following text: mvzklr ajseg isgrtj",knight reads castle,Cipher,unknown_query_chars
9d4ae6b8,"In Alice's Wonderland, a secret set of transformation rules is applied to equations. Below are a few examples:
18)69 = 1869
96|81 = 177
80-13 = 67
Now, determine the result for: 51-35",16,Equation,length_mismatch
9d575da5,"In Alice's Wonderland, a secret set of transformation rules is applied to equations. Below are a few examples:
78-42 = 36
27*08 = 1675
61-86 = 25
03+68 = 611
Now, determine the result for: 32+88",111,Equation,length_mismatch
9d68ef62,"In Alice's Wonderland, a secret set of transformation rules is applied to equations. Below are a few examples:
88(43 = 45(
02)91 = 93
17*06 = 0624
Now, determine the result for: 69(85",83(,Equation,length_mismatch
9d71fece,"In Alice's Wonderland, a secret set of transformation rules is applied to equations. Below are a few examples:
:&<&) = \&?&
&""<]> = :\>&
]]%): = &$
$`%?] = %""]
Now, determine the result for: :&%""""","""\",Equation,length_mismatch
9d7af57b,"In Alice's Wonderland, a secret set of transformation rules is applied to equations. Below are a few examples:
37`44 = 711
96`97 = 841
31&82 = 463
51&27 = 0801
23`41 = 64
Now, determine the result for: 33`56",89,Equation,length_mismatch
9dae880f,"In Alice's Wonderland, a secret set of transformation rules is applied to equations. Below are a few examples:
:'""`# = <""
[:>\[ = \)#
`#""$| = [)
:\}[# = <)[
#:>#` = #)::
Now, determine the result for: :<}`\",))[,Equation,length_mismatch
9dd8adaa,"In Alice's Wonderland, a secret set of transformation rules is applied to equations. Below are a few examples:
05+69 = 641
98+28 = 171
49*19 = 1949
02*83 = 8302
Now, determine the result for: 08*43",4308,Equation,length_mismatch
9dfe5ac9,"In Alice's Wonderland, a secret set of transformation rules is applied to equations. Below are a few examples:
\/+<! = ''%
'!-\% = -'%
'%+') = ::
Now, determine the result for: '\*%""","'\%""",Equation,length_mismatch
9e0a235c,"In Alice's Wonderland, secret encryption rules are used on text. Here are some examples:
dtkkb sonmkm jkfqby zcjpnpf -> queen chases beyond library
hok jpcroh ypnrqb sonmkm -> the bright dragon chases
xcbr cgnrcbkm hok gnrcsnz gkmmnrk -> king imagines the magical message
Now, decrypt the following text: hok ocyykb ypnrqb wqtby",the hidden dragon found,Cipher,unknown_query_chars
9e5a758b,"In Alice's Wonderland, secret encryption rules are used on text. Here are some examples:
hzqa gwvrlvi lsv cjilvwzdpi oddh -> king creates the mysterious book
lsv gdtdwxpt lvrgsvw wvrbi -> the colorful teacher reads
bwradq vkutdwvi czwwdw -> dragon explores mirror
mpvvq xdttdei xdwvil -> queen follows forest
lsv ilwrqav lvrgsvw bwvrci -> the strange teacher dreams
Now, decrypt the following text: uwzqgvii bzigdfvwi lsv gpwzdpi gwjilrt",princess discovers the curious crystal,Cipher,unknown_query_chars
9e5d97de,"In Alice's Wonderland, a secret set of transformation rules is applied to equations. Below are a few examples:
65-44 = 001
97-88 = 761
71%76 = 8311
96?03 = 93?
Now, determine the result for: 48-31",79,Equation,length_mismatch
9eaae1f1,"In Alice's Wonderland, a secret set of transformation rules is applied to equations. Below are a few examples:
[[*// = [[//
&[-|' = -[{
|[+{[ = /\:
Now, determine the result for: [|-/[",/\,Equation,length_mismatch
9eacc9a2,"In Alice's Wonderland, a secret set of transformation rules is applied to equations. Below are a few examples:
:^-:[ = -{
{{+`: = ?}?
`}-[^ = -$
&{-:: = -?`
?&+?? = {?
Now, determine the result for: [%*:`",%?}%,Equation,length_mismatch
9eccbafd,"In Alice's Wonderland, a secret set of transformation rules is applied to equations. Below are a few examples:
|'-%> = '!
@""-'} = `|
%>#""} = |%
`&-@| = @!@
Now, determine the result for: "">#'`",@>,Equation,length_mismatch
9ef98294,"In Alice's Wonderland, a secret set of transformation rules is applied to equations. Below are a few examples:
05!93 = 9491
42|64 = 07
13!75 = 6671
58|62 = 111
43!68 = 3292
Now, determine the result for: 89]25",64],Equation,length_mismatch
9f00559b,"In Alice's Wonderland, secret encryption rules are used on text. Here are some examples:
acn shjmnl rjhpn pcrsns -> the silver alice chases
tlhxpnss wlhans gxunl trjrpn -> princess writes under palace
bxhqca pcrsns zrt -> knight chases map
Now, decrypt the following text: pra ndtjvlns qrlunx",cat explores garden,Cipher,unknown_query_chars
9f1015a1,"In Alice's Wonderland, a secret set of transformation rules is applied to equations. Below are a few examples:
#:+$# = #))
\#*(\ = :\(&
&^+&` = )#
Now, determine the result for: \)-&#",-$\,Equation,length_mismatch
9f1ff166,"In Alice's Wonderland, a secret set of transformation rules is applied to equations. Below are a few examples:
}#-'> = >""
?""-#' = /
""'*'] = '""}""
'/*>' = /'#""
Now, determine the result for: ""]-'/",[,Equation,length_mismatch
9f2fae58,"In Alice's Wonderland, a secret set of transformation rules is applied to equations. Below are a few examples:
88+71 = 501
76$06 = 9104
99+56 = 461
86+56 = 331
93$23 = 7421
Now, determine the result for: 88$13",7272,Equation,length_mismatch
9f5fb703,"In Alice's Wonderland, secret encryption rules are used on text. Here are some examples:
nui oexi wjgzsy qjignix -> the wise dragon creates
nui mcxnijeshx ugnnij wjigmx -> the mysterious hatter dreams
nigquij wjigmx nui qhjeshx vic -> teacher dreams the curious key
Now, decrypt the following text: rejw wjigmx gjshyw xqussd",bird dreams around school,Cipher,unknown_query_chars
9f65fae1,"In Alice's Wonderland, secret encryption rules are used on text. Here are some examples:
fpm cohumof bfadmof smcdb -> the ancient student reads
hcf isufmb fpsnagp hcbfkm -> cat writes through castle
lusd bmmb fsmcbasm -> bird sees treasure
fpm gnkdmo fmchpms bmmb -> the golden teacher sees
fasfkm mtrknsmb rnfuno -> turtle explores potion
Now, decrypt the following text: fpm dcsq sclluf dscib",the dark rabbit draws,Cipher,unknown_query_chars
9f8fda8a,"In Alice's Wonderland, a secret set of transformation rules is applied to equations. Below are a few examples:
|[-\[ = -|'
\\)## = !<<
""|)""\ = !![
(""+(' = \""""'
(:+\# = \''|
Now, determine the result for: <\)!\",\#,Equation,length_mismatch
9f9b0251,"In Alice's Wonderland, a secret set of transformation rules is applied to equations. Below are a few examples:
'(*?/ = ^}(
)'*?' = ?@()
@'-)? = @@
}(+!( = ))
Now, determine the result for: ^}*!\",'!?/,Equation,length_mismatch
9f9cde24,"In Alice's Wonderland, secret encryption rules are used on text. Here are some examples:
igyewc swhethm toh mtwedvh rbyyuh -> wizard creates the strange puzzle
oetthw npuupim ker -> hatter follows map
cwevpd cwhekm npwhmt -> dragon dreams forest
Now, decrypt the following text: oetthw mhhm fhlpdc xeuuhl",hatter sees beyond valley,Cipher,unknown_query_chars
9fa9ecdc,"In Alice's Wonderland, a secret set of transformation rules is applied to equations. Below are a few examples:
97%32 = 3103
25/84 = 109
31%85 = 2634
59/46 = 105
45/67 = 112
Now, determine the result for: 50^86",36,Equation,length_mismatch
9fb854c3,"In Alice's Wonderland, a secret set of transformation rules is applied to equations. Below are a few examples:
65*34 = 3465
26-16 = 1
09*81 = 8109
Now, determine the result for: 83-43",4,Equation,length_mismatch
9fbd6a44,"In Alice's Wonderland, a secret set of transformation rules is applied to equations. Below are a few examples:
[[+>( = >([[
@'-'[ = -@$
>#->@ = /:
\[*'( = '[$'
\#-'[ = ($
Now, determine the result for: $$*>\",::'',Equation,length_mismatch
9fc369fc,"In Alice's Wonderland, secret encryption rules are used on text. Here are some examples:
jen uiarnc zskr rkndqf -> the golden bird dreams
jen fjkdcun jmkjan ydjbenf -> the strange turtle watches
jen esrrnc dasbn bkndjnf -> the hidden alice creates
Now, decrypt the following text: dasbn nxhaiknf scfsrn sfadcr",alice explores inside island,Cipher,unknown_query_chars
9fc69c17,"In Alice's Wonderland, a secret set of transformation rules is applied to equations. Below are a few examples:
/$-/[ = $
|@*:] = |@:]
@@-]/ = &
Now, determine the result for: #'*:@",#':@,Equation,length_mismatch
9fdb18b7,"In Alice's Wonderland, a secret set of transformation rules is applied to equations. Below are a few examples:
$?*#^ = $?#^
|%*## = |%##
?#+)^ = ?#)^
Now, determine the result for: |%-^^",^},Equation,length_mismatch
9ff449aa,"In Alice's Wonderland, a secret set of transformation rules is applied to equations. Below are a few examples:
:""-/% = -%%
{{-/{ = -|""
%(*'( = :|{
((*'( = |""|{
Now, determine the result for: (>+'""","%"">",Equation,length_mismatch
9ff6e9d2,"In Alice's Wonderland, a secret set of transformation rules is applied to equations. Below are a few examples:
18-55 = 62
26-15 = 11
02+03 = 05
Now, determine the result for: 65-54",11,Equation,length_mismatch
a021ca5d,"In Alice's Wonderland, a secret set of transformation rules is applied to equations. Below are a few examples:
}%@^< = ')<<
&:@&% = ^'&:
:^(/: = /)
/&?}: = /&}:
/'?}& = /'}&
Now, determine the result for: }`@)`",)'&/,Equation,length_mismatch
a046499f,"In Alice's Wonderland, secret encryption rules are used on text. Here are some examples:
djppyt vulqi rutyuq -> rabbit found potion
tldtkn idjmh tcn bwhtndyulh htudw -> turtle draws the mysterious story
jkyzn htliynh jpugn zjgn -> alice studies above cave
xqyect zdnjtnh tcn hnzdnt vudnht -> knight creates the secret forest
tcn hykgnd flnnq zdnjtnh -> the silver queen creates
Now, decrypt the following text: xqyect narkudnh iuud",knight explores door,Cipher,unknown_query_chars
a04ecffd,"In Alice's Wonderland, a secret set of transformation rules is applied to equations. Below are a few examples:
44!24 = !20
17>32 = 49
59!87 = !28
64-32 = 2047
10!89 = !79
Now, determine the result for: 67!35",!32,Equation,length_mismatch
a07c827c,"In Alice's Wonderland, secret encryption rules are used on text. Here are some examples:
asxodst skzintsb znaynq -> teacher explores potion
oxa odxbsb bsotsa -> cat chases secret
wncbs jniinpb yqbyus oxbais -> mouse follows inside castle
txrrya pxaodsb jntsba -> rabbit watches forest
bacusqa tsxub xtncqu oxbais -> student reads around castle
Now, decrypt the following text: gcssq utsxwb xtncqu pnqustixqu",queen dreams around wonderland,Cipher,unknown_query_chars
a08fbb68,"In Alice's Wonderland, a secret set of transformation rules is applied to equations. Below are a few examples:
#{-'\ = -{<
]<+{{ = ]<{{
$\+{' = $\{'
!!-'\ = }
Now, determine the result for: \$+'<",\$'<,Equation,length_mismatch
a0956ae4,"In Alice's Wonderland, secret encryption rules are used on text. Here are some examples:
pzv fqgnvr jqisv cvtns -> the golden mouse reads
urmfzp veogqcvs tcqirn syzqqg -> knight explores around school
ocmryvss ycvtpvs yclsptg -> princess creates crystal
urmfzp veogqcvs dqqu -> knight explores book
pzv ygvavc nctfqr nmsyqavcs -> the clever dragon discovers
Now, decrypt the following text: pzv yicmqis ctddmp nctks",the curious rabbit draws,Cipher,unknown_query_chars
a0db1e75,"In Alice's Wonderland, a secret set of transformation rules is applied to equations. Below are a few examples:
<(+]: = ?':
:?-/! = -'<
`/*:( = `(<?
!'-]( = -/'
'(*</ = /""'?
Now, determine the result for: ]<-`/","-""!",Equation,length_mismatch
a0f78caa,"In Alice's Wonderland, secret encryption rules are used on text. Here are some examples:
rwkhlz zlihob qpi emamluya nhlzij -> wizard dreams the colorful garden
tjwnpq zlhrb gykkai -> knight draws puzzle
qpi osbqilwmyb hawei zlhrb -> the mysterious alice draws
tjwnpq elihqib nhlzij -> knight creates garden
qpi ohnweha cwlz lihzb -> the magical bird reads
Now, decrypt the following text: cwlz zwbemxilb gmqwmj",bird discovers potion,Cipher,unknown_query_chars
a11311a4,"In Alice's Wonderland, a secret set of transformation rules is applied to equations. Below are a few examples:
%}\|{ = /^}
]/*%] = */(
@]\%/ = /|@
Now, determine the result for: }@\(^",%[,Equation,length_mismatch
a1220274,"In Alice's Wonderland, a secret set of transformation rules is applied to equations. Below are a few examples:
''-:[ = -&`
{:-<& = -<<
:`*`` = `}{:
`<*:} = `}`:
Now, determine the result for: `&*)<",&`{^,Equation,length_mismatch
a12f00f4,"In Alice's Wonderland, a secret set of transformation rules is applied to equations. Below are a few examples:
""'+<] = '<[
]""-[] = -))
\<*]< = $`$$
)\-$$ = [`
Now, determine the result for: )$+'`",$:[,Equation,length_mismatch
a1503629,"In Alice's Wonderland, a secret set of transformation rules is applied to equations. Below are a few examples:
$|+%$ = [@'
@$*)' = @%|'
$<-$$ = -@|
Now, determine the result for: %<*@)",@)[[,Equation,length_mismatch
a1523a63,"In Alice's Wonderland, a secret set of transformation rules is applied to equations. Below are a few examples:
77(78 = 01
03%18 = 011
05%08 = 921
Now, determine the result for: 66%31",87,Equation,length_mismatch
a16897f7,"In Alice's Wonderland, secret encryption rules are used on text. Here are some examples:
hwaeqnw yskhqh wsq yrquqf wfqkhafq -> student chases the clever treasure
wafwrq xkwysqh pdffcf -> turtle watches mirror
ykw hqqh wfqkhafq -> cat sees treasure
skwwqf fqkeh lavvrq -> hatter reads puzzle
lfdnyqhh qglrcfqh dnhdeq pcanwkdn -> princess explores inside mountain
Now, decrypt the following text: iaqqn dpkzdnqh jqtcne cyqkn",queen imagines beyond ocean,Cipher,unknown_query_chars
a187872d,"In Alice's Wonderland, secret encryption rules are used on text. Here are some examples:
ctidz stmmtod czddnvz -> mouse follows message
bnxxru stifw czddnvz -> rabbit found message
nmrjz stmmtod ugz grwwzf jbedunm -> alice follows the hidden crystal
ugz jtmtbsim gnuuzb wbzncd -> the colorful hatter dreams
Now, decrypt the following text: qrfv bznwd ugz dubnfvz crbbtb",king reads the strange mirror,Cipher,unknown_query_chars
a19a75ba,"In Alice's Wonderland, a secret set of transformation rules is applied to equations. Below are a few examples:
55+66 = +11
76+59 = +82
53#08 = 5308
19!91 = 9271
Now, determine the result for: 26#55",2655,Equation,length_mismatch
a1bae076,"In Alice's Wonderland, a secret set of transformation rules is applied to equations. Below are a few examples:
82]58 = 0832
56/43 = 99
86/73 = 501
Now, determine the result for: 05]02",0001,Equation,length_mismatch
a1cc9071,"In Alice's Wonderland, secret encryption rules are used on text. Here are some examples:
oas bocurts auoosc fdwrq -> the strange hatter found
owcols csuqb uidhs leicucv -> turtle reads above library
zcerxsbb qcsugb oas bocurts zwppls -> princess dreams the strange puzzle
oas belhsc iecq bowqesb -> the silver bird studies
Now, decrypt the following text: yepucq yceosb oas bsxcso geccdc",wizard writes the secret mirror,Cipher,unknown_query_chars
a1d4a894,"In Alice's Wonderland, secret encryption rules are used on text. Here are some examples:
mftj dtfoyl pyllery -> bird writes message
ouy sctfbcl locjyio tyejl -> the curious student reads
zcyyi lyyl pyllery -> queen sees message
Now, decrypt the following text: ouy rbvjyi gifruo wbvvbdl",the golden knight follows,Cipher,unknown_query_chars
a1f40945,"In Alice's Wonderland, secret encryption rules are used on text. Here are some examples:
won rkjfnh rwugnbw rnnr -> the silver student sees
hzmmkw kvzskbnr won zbdknbw vnrrzsn -> rabbit imagines the ancient message
won ykrn mkhg rwugknr -> the wise bird studies
Now, decrypt the following text: ozwwnh hnzgr won vzskdzj mttq",hatter reads the magical book,Cipher,unknown_query_chars
a223a64c,"In Alice's Wonderland, secret encryption rules are used on text. Here are some examples:
swaq wpmuwocj wojwqc exoqcavmoq -> bird imagines inside wonderland
itaivc qamej wo jdzxxv -> turtle draws in school
bwou ckhvxacj izc pyjicawxtj pwaaxa -> king explores the mysterious mirror
hawodcjj qamej izc jwvlca jixay -> princess draws the silver story
Now, decrypt the following text: ewgmaq jitqwcj wo exoqcavmoq",wizard studies in wonderland,Cipher,unknown_query_chars
a2252b88,"In Alice's Wonderland, a secret set of transformation rules is applied to equations. Below are a few examples:
13)49 = 36
89^55 = 0935
52)52 = 0
98)78 = 2)
Now, determine the result for: 66^73",2442,Equation,length_mismatch
a23e7ecb,"In Alice's Wonderland, a secret set of transformation rules is applied to equations. Below are a few examples:
66]91 = 68
93`42 = 639
16`57 = 5754
Now, determine the result for: 71`44",847,Equation,length_mismatch
a2454b51,"In Alice's Wonderland, secret encryption rules are used on text. Here are some examples:
prnov hzolrdvio qardv dquuvg -> mouse discovers above valley
hiqerk lfqovo mfv fzhhvk ligomqu -> dragon chases the hidden crystal
quzlv ovvo mfv ozudvi pziiri -> alice sees the silver mirror
prnov ivqho pqx -> mouse reads map
Now, decrypt the following text: mfv pqezlqu bnvvk hivqpo",the magical queen dreams,Cipher,unknown_query_chars
a26065d4,"In Alice's Wonderland, a secret set of transformation rules is applied to equations. Below are a few examples:
[|+<$ = [&
<#-'# = '
<&-<$ = <
&|+&` = <@
[`+<] = [#$
Now, determine the result for: <&+<#",<',Equation,length_mismatch
a261169e,"In Alice's Wonderland, secret encryption rules are used on text. Here are some examples:
tqo mdxnqt gtlsoct sdoufg -> the bright student dreams
jxauds iqugog tqdblnq fblctuxc -> wizard chases through mountain
dummxt sxgibwodg movbcs ybdogt -> rabbit discovers beyond forest
gtlsoct sdoufg fogguno -> student dreams message
Now, decrypt the following text: gtlsoct xfunxcog tqo gxewod fogguno",student imagines the silver message,Cipher,unknown_query_chars
a266aeb5,"In Alice's Wonderland, a secret set of transformation rules is applied to equations. Below are a few examples:
?$+(( = [@
@{+@[ = ?[
[?*$@ = }]$?
?(-`{ = (}
Now, determine the result for: @@-$]",({,Equation,length_mismatch
a2b66927,"In Alice's Wonderland, a secret set of transformation rules is applied to equations. Below are a few examples:
]|-}{ = |]
]!+$# = {@
@]*]) = @}$
!$*!{ = {]@@
Now, determine the result for: )@-$|",{],Equation,length_mismatch
a2bdb410,"In Alice's Wonderland, secret encryption rules are used on text. Here are some examples:
uht yuilnot crik kitlwy -> the strange bird dreams
yuaktnu zluxhty uht xbpbidap wlg -> student watches the colorful map
kilobn yuakrty oliktn -> dragon studies garden
uht xbpbidap zrelik xhlyty -> the colorful wizard chases
Now, decrypt the following text: utlxhti tjgpbity oliktn",teacher explores garden,Cipher,unknown_query_chars
a2bfdf29,"In Alice's Wonderland, secret encryption rules are used on text. Here are some examples:
kgz tvrqlvs cvwwqk qtvrqazp -> the magical rabbit imagines
lvk zoisfczp wzmfay sqwcvcm -> cat explores beyond library
kzvlgzc pknyqzp azvc kfhzc -> teacher studies near tower
kncksz pknyqzp vwfuz qpsvay -> turtle studies above island
kncksz ycvhp yffc -> turtle draws door
Now, decrypt the following text: vsqlz lczvkzp kgz yvcx pzlczk",alice creates the dark secret,Cipher,unknown_query_chars
a2ca3aae,"In Alice's Wonderland, a secret set of transformation rules is applied to equations. Below are a few examples:
/)-?< = )/
?/+<) = )[[
?:*>[ = [?:
\?+>) = \/[
Now, determine the result for: </*[)",\<?/,Equation,length_mismatch
a2e6bcdb,"In Alice's Wonderland, secret encryption rules are used on text. Here are some examples:
jzl agmkzj zyjjlg qzyxlx -> the bright hatter chases
tmvygo pessetx alfeno jetlg -> wizard follows beyond tower
hnmkzj pecno peglxj -> knight found forest
ysmql qglyjlx mn wmssykl -> alice creates in village
amgo xllx jzl ynqmlnj aeeh -> bird sees the ancient book
Now, decrypt the following text: decxl qzyxlx dlxxykl",mouse chases message,Cipher,unknown_query_chars
a2f40fb4,"In Alice's Wonderland, secret encryption rules are used on text. Here are some examples:
cittu brthvf hwqkt aqrtfe -> queen dreams above forest
vqift sdhftf edt wrzjde ftsrte -> mouse chases the bright secret
vqift brhyf edt sqmqraim erthfirt -> mouse draws the colorful treasure
edt bhrn ethsdtr yhesdtf -> the dark teacher watches
edt jqmbtu hmzst bzfsqktrf -> the golden alice discovers
Now, decrypt the following text: yzghrb yhesdtf erthfirt",wizard watches treasure,Cipher,unknown_query_chars
a2f5a388,"In Alice's Wonderland, secret encryption rules are used on text. Here are some examples:
jft fykktz jtxmfth piozk -> the hidden teacher found
jft fykktz sottz piuuiql -> the hidden queen follows
jft lyurth gzyefj khtxvl -> the silver knight dreams
gzyefj khtxvl jft vxeymxu mhnljxu -> knight dreams the magical crystal
ljoktzj piozk yzlykt uyahxhn -> student found inside library
Now, decrypt the following text: mxj htxkl cijyiz",cat reads potion,Cipher,unknown_query_chars
a2f6929b,"In Alice's Wonderland, secret encryption rules are used on text. Here are some examples:
dwtzks lctsam msxch -> knight writes story
qctwuamm cangm jahxwg mukxxb -> princess reads beyond school
sanukac gcanpm twmtga zncgaw -> teacher dreams inside garden
jtcg maam ska nwutaws gxxc -> bird sees the ancient door
Now, decrypt the following text: foaaw gcnlm tw pxowsntw",queen draws in mountain,Cipher,unknown_query_chars
a311baec,"In Alice's Wonderland, a secret set of transformation rules is applied to equations. Below are a few examples:
29+59 = 681
27-27 = 0
95+54 = 301
51-43 = 4
Now, determine the result for: 26+46",521,Equation,length_mismatch
a3183159,"In Alice's Wonderland, a secret set of transformation rules is applied to equations. Below are a few examples:
""?<}' = ""|
|'-}? = -]`
]($[{ = [{'[
Now, determine the result for: `|-}""",`{,Equation,length_mismatch
a34467bf,"In Alice's Wonderland, a secret set of transformation rules is applied to equations. Below are a few examples:
^#-:? = #\>:
:{-\( = ?(??
(#$|{ = ?:#
>^[|) = [#?
Now, determine the result for: #?[(^",[\(,Equation,length_mismatch
a35fa1a0,"In Alice's Wonderland, a secret set of transformation rules is applied to equations. Below are a few examples:
'#+(] = (]'#
""$-)# = -''
]]*""' = &$#`
]""+&( = &(]""
Now, determine the result for: '(*\""","""&`]",Equation,length_mismatch
a361a1b7,"In Alice's Wonderland, a secret set of transformation rules is applied to equations. Below are a few examples:
90@12 = 9012
99@42 = 9942
88<41 = 3609
74<61 = 4515
64<35 = 2241
Now, determine the result for: 53:99",:46,Equation,length_mismatch
a362e44a,"In Alice's Wonderland, a secret set of transformation rules is applied to equations. Below are a few examples:
>[*>) = >/\{
][+){ = ][){
>/-[{ = \'
>)*>] = >\\>
Now, determine the result for: >[-\{",'%,Equation,length_mismatch
a3a00a02,"In Alice's Wonderland, a secret set of transformation rules is applied to equations. Below are a few examples:
]^*&{ = ?^/:
]&+': = }]{
::+:: = }}}
&/+}/ = ]]
Now, determine the result for: {]+:{",^$,Equation,length_mismatch
a3c3be4d,"In Alice's Wonderland, secret encryption rules are used on text. Here are some examples:
kcigonc hmucok yow -> student writes key
mjppuc hmucok un vjeo -> rabbit writes in cave
cfo fuggon mjppuc kook -> the hidden rabbit sees
Now, decrypt the following text: gmjdrn hjcvfok nojm vjeo",dragon watches near cave,Cipher,unknown_query_chars
a3da3c48,"In Alice's Wonderland, a secret set of transformation rules is applied to equations. Below are a few examples:
&:)@: = &|@}
|>(|$ = ''}
|$(}} = \@
Now, determine the result for: :](>>",\$,Equation,length_mismatch
a3e72f6d,"In Alice's Wonderland, a secret set of transformation rules is applied to equations. Below are a few examples:
]/*&& = """"^
/:*:( = ""]:
]^)// = ]@@]
/&)]@ = ""!^@
!""?""& = {{
Now, determine the result for: ]]*!]",/!,Equation,length_mismatch
a40497f9,"In Alice's Wonderland, a secret set of transformation rules is applied to equations. Below are a few examples:
}`-`< = $}
%)-#` = -<`
`/-]# = -#\
#<+}` = \$#
$/-}/ = -%)
Now, determine the result for: <%*]\",%]\<,Equation,length_mismatch
a42848d1,"In Alice's Wonderland, secret encryption rules are used on text. Here are some examples:
kdhgeott iasgn tpadv -> princess found story
elp toot ldasgn iadotp -> cat sees around forest
tpsnogp edolpot qldnog -> student creates garden
tpsnogp ndolct pmo eaxadisx waaj -> student dreams the colorful book
jghqmp hclqhgot hg ylxxov -> knight imagines in valley
Now, decrypt the following text: fhbldn nhteayodt pmo tpdlgqo jov",wizard discovers the strange key,Cipher,unknown_query_chars
a487906f,"In Alice's Wonderland, secret encryption rules are used on text. Here are some examples:
efgh hfjumavgj rpv tmohvk rgvwjigv -> bird discovers the golden treasure
rpv pfhhvk rvwupvg fdwtfkvj -> the hidden teacher imagines
dmijv upwjvj wemav cwowuv -> mouse chases above palace
rpv tmohvk sfkt vncomgvj -> the golden king explores
efgh vncomgvj rpv pfhhvk hmmg -> bird explores the hidden door
Now, decrypt the following text: pwrrvg upwjvj rpv lfjv svz",hatter chases the wise key,Cipher,unknown_query_chars
a4df85b7,"In Alice's Wonderland, secret encryption rules are used on text. Here are some examples:
nuk chkqkg wygp rvimp -> the clever bird found
dyma jkkj nuk pfgd jkcgkn -> king sees the dark secret
jnipkmn bgynkj jkcgkn -> student writes secret
Now, decrypt the following text: pgfavm ytfaymkj nuk cvhvgrih cgzjnfh",dragon imagines the colorful crystal,Cipher,unknown_query_chars
a4e4ec1d,"In Alice's Wonderland, a secret set of transformation rules is applied to equations. Below are a few examples:
!>*!$ = %}@\
%|-%{ = $
>%-{{ = -!""
>$*!"" = $}>}
Now, determine the result for: }""-\$",>!,Equation,length_mismatch
a4ee9fa6,"In Alice's Wonderland, a secret set of transformation rules is applied to equations. Below are a few examples:
:#*@: = @//
/#-#@ = -/#
|<*@& = |&^&
%>-#< = -@:
/:+%/ = %//:
Now, determine the result for: |:+^@",^@|:,Equation,length_mismatch
a5124cb4,"In Alice's Wonderland, a secret set of transformation rules is applied to equations. Below are a few examples:
89-80 = 9
84(16 = 101
95(69 = 165
15-40 = -25
80?13 = 1039
Now, determine the result for: 62-86",-24,Equation,length_mismatch
a5187932,"In Alice's Wonderland, secret encryption rules are used on text. Here are some examples:
ixggpr cllc rol jsfsivwf blh -> rabbit sees the colorful key
rol usfnlt rlxjoli joxclc -> the golden teacher chases
btpuor cllc rilxcwil -> knight sees treasure
Now, decrypt the following text: rwirfl axrjolc tlxi zpffxul",turtle watches near village,Cipher,unknown_query_chars
a52aabb6,"In Alice's Wonderland, a secret set of transformation rules is applied to equations. Below are a few examples:
""&+&) = ^%]
"")+$] = ^)<
&&+^$ = )<
^""*<"" = ^&&]
!]-)) = <^
Now, determine the result for: )^+<%",!%,Equation,length_mismatch
a52c726c,"In Alice's Wonderland, a secret set of transformation rules is applied to equations. Below are a few examples:
|?*'| = |{'?
'?-]] = )<
]$-?' = <'
]]+{) = <?
""<*?? = <'{$
Now, determine the result for: <?*""$",])?$,Equation,length_mismatch
a5d6bc60,"In Alice's Wonderland, secret encryption rules are used on text. Here are some examples:
xyhqtc cysdlfbts gvb sgtqaib rllj -> wizard discovers the strange book
gvb rtyivg tqrryg ctqxs -> the bright rabbit draws
rytc yuqiyabs gvb vyccba jbp -> bird imagines the hidden key
dqg dvqsbs abqt glxbt -> cat chases near tower
Now, decrypt the following text: gvb detyles vqggbt ctqxs",the curious hatter draws,Cipher,unknown_query_chars
a5f1991c,"In Alice's Wonderland, a secret set of transformation rules is applied to equations. Below are a few examples:
'>""&' = '>&'
&?/?} = '?
@'[!' = ''!
?&""|| = ?&||
>^""@@ = >^@@
Now, determine the result for: !?/&&",/|',Equation,length_mismatch
a5f3a1ea,"In Alice's Wonderland, a secret set of transformation rules is applied to equations. Below are a few examples:
17-38 = 21
31*72 = 053
46-29 = 82
46+28 = 641
Now, determine the result for: 52+11",63,Equation,length_mismatch
a610040a,"In Alice's Wonderland, a secret set of transformation rules is applied to equations. Below are a few examples:
@&-&? = ?:
<&*>| = >&|:
<""+<@ = <@<""
(""-|| = ""
@{+@| = @|@{
Now, determine the result for: &@*@{",:(|:,Equation,length_mismatch
a644f19d,"In Alice's Wonderland, a secret set of transformation rules is applied to equations. Below are a few examples:
<`$<@ = !%
`($<} = %%`
!\|@@ = !##
[(|\} = %`(%
\`:#} = %#
Now, determine the result for: %%:#<",#:,Equation,length_mismatch
a6620888,"In Alice's Wonderland, secret encryption rules are used on text. Here are some examples:
ies efhhsy aunnfi ruiwesj -> the hidden rabbit watches
nfah mpccprj nskpyh xuccsk -> bird follows beyond valley
ogssy ruiwesj iasujgas -> queen watches treasure
Now, decrypt the following text: ies nafzei rfduah weujsj",the bright wizard chases,Cipher,unknown_query_chars
a692ec38,"In Alice's Wonderland, a secret set of transformation rules is applied to equations. Below are a few examples:
((*$# = $(](
>/*/( = ](}
]}+]: = ]((
}(+$) = ]}
Now, determine the result for: /:*/$","/""}",Equation,length_mismatch
a6e3134e,"In Alice's Wonderland, secret encryption rules are used on text. Here are some examples:
pbglifhh nbdoh hkzbt -> princess draws story
krf hkbdlcf kjbkxf hkjngfh -> the strange turtle studies
nbdczl nghizwfbh sft -> dragon discovers key
ogydbn obgkfh krf ijbgzjh edp -> wizard writes the curious map
Now, decrypt the following text: kjbkxf ibfdkfh krf ubgcrk pzkgzl",turtle creates the bright potion,Cipher,unknown_query_chars
a72594ef,"In Alice's Wonderland, secret encryption rules are used on text. Here are some examples:
cypzsgy fwicsc irvds yvjsh -> student chases above tower
wiyysh jiyfwsc ihvpgz ficybs -> hatter watches around castle
rohz cssc yws csfhsy uohhvh -> bird sees the secret mirror
Now, decrypt the following text: kgotwy zocfvdshc yws cyhigts lvhscy",knight discovers the strange forest,Cipher,unknown_query_chars
a7454fdb,"In Alice's Wonderland, a secret set of transformation rules is applied to equations. Below are a few examples:
03-91 = 11
24-36 = 12
29+76 = 951
88-14 = 74
49*92 = 9249
Now, determine the result for: 74+19",831,Equation,length_mismatch
a774a68b,"In Alice's Wonderland, secret encryption rules are used on text. Here are some examples:
jra tceyvcg cgyva wpactm -> the magical alice dreams
jdpjga mjdwyam nacp thdnjcyn -> turtle studies near mountain
odaan mjdwyam cphdnw uhnwapgcnw -> queen studies around wonderland
Now, decrypt the following text: lnyerj mjdwyam jra mavpaj jpacmdpa",knight studies the secret treasure,Cipher,unknown_query_chars
a77be9fa,"In Alice's Wonderland, a secret set of transformation rules is applied to equations. Below are a few examples:
(^&$"" = [}\
\^!^[ = {[}
""$|:^ = ^\
Now, determine the result for: {>|$[","[""",Equation,length_mismatch
a7836586,"In Alice's Wonderland, a secret set of transformation rules is applied to equations. Below are a few examples:
""|:[? = :""(
{<:?% = :|>
[`)[` = |(|
><)["" = |%""
""{)%[ = ?""
Now, determine the result for: {|:%?","%""",Equation,length_mismatch
a7d582da,"In Alice's Wonderland, a secret set of transformation rules is applied to equations. Below are a few examples:
36-03 = 33
65-07 = -41
02*44 = 4402
43*44 = 4443
Now, determine the result for: 92-41",51,Equation,length_mismatch
a8323497,"In Alice's Wonderland, a secret set of transformation rules is applied to equations. Below are a few examples:
/&#:` = '`
<""+""{ = ""/$""
:$#{! = </
:/}!"" = $$
:'+{$ = $`/'
Now, determine the result for: '`}:""",$`,Equation,length_mismatch
a84e9e9e,"In Alice's Wonderland, secret encryption rules are used on text. Here are some examples:
dyizgf xvhck fgv giccvy bixxux -> knight reads the hidden mirror
exiyjvkk ahfjgvk fgv aikv zhxcvy -> princess watches the wise garden
fvhjgvx jxvhfvk jxrkfhp -> teacher creates crystal
fgv kfxhyzv fnxfpv cikjumvxk -> the strange turtle discovers
diyz cikjumvxk fgv kfxhyzv bixxux -> king discovers the strange mirror
Now, decrypt the following text: qnvvy kvvk kvjxvf",queen sees secret,Cipher,unknown_query_chars
a85864a9,"In Alice's Wonderland, a secret set of transformation rules is applied to equations. Below are a few examples:
[}+[} = [}[}
:)*}/ = :)}/
)}-%` = -/[
%\-:| = )\
(%*%/ = (%%/
Now, determine the result for: (\*}:",(\}:,Equation,length_mismatch
a87565bb,"In Alice's Wonderland, a secret set of transformation rules is applied to equations. Below are a few examples:
46$71 = 74$
64^78 = 6478
77^61 = 7761
17^61 = 1761
Now, determine the result for: 81)85",67,Equation,length_mismatch
a88f9fe3,"In Alice's Wonderland, a secret set of transformation rules is applied to equations. Below are a few examples:
>]+>< = !<\
#}*<} = }{<
?#+!> = >?\
}!*!# = {>((
Now, determine the result for: {}+><",<],Equation,length_mismatch
a8e033fe,"In Alice's Wonderland, a secret set of transformation rules is applied to equations. Below are a few examples:
94?48 = 9448
86}36 = 121
38{18 = 20
87{62 = 25
13?39 = 1339
Now, determine the result for: 68?54",6854,Equation,length_mismatch
a8e5eca1,"In Alice's Wonderland, a secret set of transformation rules is applied to equations. Below are a few examples:
44+54 = 98
75-06 = -3
93*77 = 7793
Now, determine the result for: 74*42",4274,Equation,length_mismatch
a8fe78df,"In Alice's Wonderland, secret encryption rules are used on text. Here are some examples:
elvbycl eyye nkaelum -> student sees crystal
lvklmy noueye fyeeuiy -> turtle chases message
qhkb bkuse loy idmbyc eldka -> bird draws the golden story
loy ehmpyk oullyk rdvcb -> the silver hatter found
Now, decrypt the following text: loy nmypyk elvbycl ygzmdkye",the clever student explores,Cipher,unknown_query_chars
a926d5d0,"In Alice's Wonderland, a secret set of transformation rules is applied to equations. Below are a few examples:
//*|| = ]$&)
!$-$< = )|
]<+{$ = <&<
Now, determine the result for: !#-&|",/<,Equation,length_mismatch
a928ad6e,"In Alice's Wonderland, a secret set of transformation rules is applied to equations. Below are a few examples:
66+17 = 631
33*65 = 8481
48-08 = 4
55-18 = 62
05+64 = 59
Now, determine the result for: 13+68",611,Equation,length_mismatch
a970e9b3,"In Alice's Wonderland, secret encryption rules are used on text. Here are some examples:
kfdr jxnqr qzcd fphcqr -> bird found near island
bndbhz dzcrp wnsshz -> turtle reads puzzle
oxnpz vdfbzp baz kdftab ozppctz -> mouse writes the bright message
vfscdr jxhhxvp izl -> wizard follows key
ifqt foctfqzp wxbfxq -> king imagines potion
Now, decrypt the following text: pbnrzqb dzcrp kzlxqr gcpbhz",student reads beyond castle,Cipher,unknown_query_chars
a97dbf6e,"In Alice's Wonderland, secret encryption rules are used on text. Here are some examples:
fwspul jsqvkry qkr vgwcugy ouwryq -> dragon watches the curious forest
icwf fcyvubrwy pswfrl -> bird discovers garden
qkr kcffrl vsq vksyry -> the hidden cat chases
qrsvkrw vwrsqry vsyqer -> teacher creates castle
qkr jcyr qrsvkrw wrsfy -> the wise teacher reads
Now, decrypt the following text: qkr verbrw augyr jsqvkry",the clever mouse watches,Cipher,unknown_query_chars
a98d4d53,"In Alice's Wonderland, a secret set of transformation rules is applied to equations. Below are a few examples:
||*[/ = #[|
:)-)$ = -[/
$$+[) = $$[)
Now, determine the result for: !$-$[",-),Equation,length_mismatch
a9a91755,"In Alice's Wonderland, secret encryption rules are used on text. Here are some examples:
ltco gdwrbcgx huxerg -> bird explores castle
ezg ukhtgke vtjuco ocuvx -> the ancient wizard draws
eguhzgc hzuxgx ulbfg pucogk -> teacher chases above garden
Now, decrypt the following text: ezg vtxg eicerg sbiko",the wise turtle found,Cipher,unknown_query_chars
a9aa6c6e,"In Alice's Wonderland, a secret set of transformation rules is applied to equations. Below are a few examples:
${+&> = ${&>
&>|>$ = &/#
##^<$ = &>
Now, determine the result for: <(^{(",^</,Equation,length_mismatch
a9c57983,"In Alice's Wonderland, a secret set of transformation rules is applied to equations. Below are a few examples:
48{63 = 911
39\58 = 5097
94{08 = 821
Now, determine the result for: 22{97",001,Equation,length_mismatch
a9d91ec1,"In Alice's Wonderland, a secret set of transformation rules is applied to equations. Below are a few examples:
!:[$? = ::?
&$[:} = %!
}}#:: = %%
%{#`} = :`
Now, determine the result for: '!>{?",:'%?,Equation,length_mismatch
a9deb8b5,"In Alice's Wonderland, a secret set of transformation rules is applied to equations. Below are a few examples:
91*76 = 2721
84*44 = 1112
68*97 = 3976
Now, determine the result for: 75*32",0131,Equation,length_mismatch
aa10f528,"In Alice's Wonderland, secret encryption rules are used on text. Here are some examples:
caholmff iamebf fmlamg -> princess dreams secret
jeggma lamegmf hofhim yeaimo -> hatter creates inside garden
iaeywo iamebf exwvm bwuogeho -> dragon dreams above mountain
jeggma qwrrwdf omea dwoimareoi -> hatter follows near wonderland
Now, decrypt the following text: dhzeai ameif gjm fmlamg fgwas",wizard reads the secret story,Cipher,unknown_query_chars
aa251ec4,"In Alice's Wonderland, a secret set of transformation rules is applied to equations. Below are a few examples:
77>22 = 98
98?62 = 9862
53%84 = %31
56?80 = 5680
57%83 = %26
Now, determine the result for: 38%58",%20,Equation,length_mismatch
aa2e27a3,"In Alice's Wonderland, a secret set of transformation rules is applied to equations. Below are a few examples:
`{*'} = `{'}
``*:' = ``:'
:(+'` = `/
/\*[/ = /\[/
:[+({ = :{[
Now, determine the result for: [{-((",$(,Equation,length_mismatch
aa505ca3,"In Alice's Wonderland, secret encryption rules are used on text. Here are some examples:
zoqqw eipnqn pacuq ceqpw -> queen chases above ocean
yconq qdvfcxqn jiq efquqx jxqpnoxq -> mouse explores the clever treasure
joxjfq sxqpyn ypv -> turtle dreams map
Now, decrypt the following text: jqpeiqx kcows exhnjpf",teacher found crystal,Cipher,unknown_query_chars
aa6641fb,"In Alice's Wonderland, secret encryption rules are used on text. Here are some examples:
nghxpig nppn hixpw sbzp -> student sees under cave
nghxpig swpbgpn glp nrvzpw swjngbv -> student creates the silver crystal
xwboki nppn glp shwrkhn apj -> dragon sees the curious key
trwx slbnpn rinrxp dkwpng -> bird chases inside forest
glp mborsbv lbggpw rmboripn -> the magical hatter imagines
Now, decrypt the following text: crfbwx dkvvkcn mrwwkw",wizard follows mirror,Cipher,unknown_query_chars
aa6f0d54,"In Alice's Wonderland, secret encryption rules are used on text. Here are some examples:
mylqpuii vyunei atu jylcta enm -> princess dreams the bright map
nflpu ugmfbyui lq wbyuia -> alice explores in forest
atu cbfvuq tnaauy vyunei -> the golden hatter dreams
Now, decrypt the following text: asyafu ptniui atu iupyua jbbr",turtle chases the secret book,Cipher,unknown_query_chars
aa764742,"In Alice's Wonderland, secret encryption rules are used on text. Here are some examples:
tceeky sycuo zwozsk dvhweczw -> hatter draws inside mountain
etk ivxvybhx jwzlte bvxxvuo -> the colorful knight follows
jwzlte sykcdo nkfvws gcxcik -> knight dreams beyond palace
etk nyzlte ycnnze bvxxvuo -> the bright rabbit follows
Now, decrypt the following text: etk nyzlte ice kpgxvyko",the bright cat explores,Cipher,unknown_query_chars
aa7b3c66,"In Alice's Wonderland, secret encryption rules are used on text. Here are some examples:
izvkezo aqvharzs hvofzr -> teacher imagines garden
jarh sipfazs yzcmrf skemmd -> king studies beyond school
qmpsz ozvfs iozvspoz -> mouse reads treasure
iez kmdmobpd ipoidz sipfazs -> the colorful turtle studies
Now, decrypt the following text: kvi kevszs vymuz mkzvr",cat chases above ocean,Cipher,unknown_query_chars
aa7f06f4,"In Alice's Wonderland, a secret set of transformation rules is applied to equations. Below are a few examples:
78?62 = 6278
28&23 = 05
38&49 = &11
Now, determine the result for: 12?32",3212,Equation,length_mismatch
aa826c9a,"In Alice's Wonderland, secret encryption rules are used on text. Here are some examples:
qvmldiv szwwztq qdbndv -> student follows secret
gcvvdn dyowzndq fcnldi -> hatter explores garden
onaibdqq bndcvdq vgd knafgv vndcqmnd -> princess creates the bright treasure
Now, decrypt the following text: cwabd qvmladq vgd qdbndv kzze",alice studies the secret book,Cipher,unknown_query_chars
aa89354d,"In Alice's Wonderland, secret encryption rules are used on text. Here are some examples:
rhoy yonlb igomqzg bfgmms -> bird draws through school
fni fgnbvb emovbi -> cat chases forest
rhoy fovnivb tqxxsv -> bird creates puzzle
igv ynoc iqoisv biqyhvb -> the dark turtle studies
Now, decrypt the following text: igv ghyyvw jmqbv vktsmovb",the hidden mouse explores,Cipher,unknown_query_chars
aa8c76a1,"In Alice's Wonderland, a secret set of transformation rules is applied to equations. Below are a few examples:
23*34 = 3423
85+56 = 421
53-45 = -91
Now, determine the result for: 61*08",0861,Equation,length_mismatch
aaaccd99,"In Alice's Wonderland, secret encryption rules are used on text. Here are some examples:
bmwort bmfwdy xgf yfzmfx yfzmfx -> dragon dreams the secret secret
xgf icyf kcmb yffy -> the wise bird sees
gwxxfm fhvsrmfy kfnrtb yzgrrs -> hatter explores beyond school
xgf ycsafm iclwmb bcyzrafmy -> the silver wizard discovers
Now, decrypt the following text: xpmxsf zgwyfy ct vwswzf",turtle chases in palace,Cipher,unknown_query_chars
aac9bfab,"In Alice's Wonderland, secret encryption rules are used on text. Here are some examples:
alt pnbuy tze aningpbi ynng -> cat found the colorful door
rnbwe mrlxmuew tzgnbxz waznni -> mouse imagines through school
hbeeu ygelrw ynng -> queen dreams door
dmclgy ygelrw kbccie -> wizard dreams puzzle
Now, decrypt the following text: tze fgmxzt wtbyeut gelyw",the bright student reads,Cipher,unknown_query_chars
aaec36e0,"In Alice's Wonderland, a secret set of transformation rules is applied to equations. Below are a few examples:
33-71 = 61
38+52 = 901
98*75 = 3705
Now, determine the result for: 39*11",3201,Equation,length_mismatch
ab3166c8,"In Alice's Wonderland, secret encryption rules are used on text. Here are some examples:
hsidqps ujmmjoh lkjipd mefklkg -> student follows around library
nepb wkqlsqh xekkjk -> king creates mirror
npebcs qzvmjkqh scq dlkn nqg -> knight explores the dark key
scq wmqrqk hsidqps qzvmjkqh -> the clever student explores
Now, decrypt the following text: nepb okesqh scq wikejih vittmq",king writes the curious puzzle,Cipher,unknown_query_chars
ab574811,"In Alice's Wonderland, secret encryption rules are used on text. Here are some examples:
ncteza lfhxahr xfodcm ixuuhv -> knight creates around valley
qdhhc radmthr azh xclthca phrrxeh -> queen studies the ancient message
gftclhrr mfhxpr azh rhlfha ptffof -> princess dreams the secret mirror
azh xclthca ktsxfm kftahr -> the ancient wizard writes
azh luhihf adfauh kxalzhr -> the clever turtle watches
Now, decrypt the following text: mfxeoc wouuokr nhv",dragon follows key,Cipher,unknown_query_chars
ab779293,"In Alice's Wonderland, a secret set of transformation rules is applied to equations. Below are a few examples:
44?30 = 1321
28?40 = 1121
63[25 = 38
14:20 = 35
94[89 = 5
Now, determine the result for: 89[11",78,Equation,length_mismatch
ab7809d1,"In Alice's Wonderland, a secret set of transformation rules is applied to equations. Below are a few examples:
37+03 = 0337
11-01 = -1
76-56 = -2
79*02 = 0491
Now, determine the result for: 72+25",2572,Equation,length_mismatch
abbb5d43,"In Alice's Wonderland, a secret set of transformation rules is applied to equations. Below are a few examples:
51^81 = 132
90/42 = 48
63^32 = 95
Now, determine the result for: 86{99",8513,Equation,length_mismatch
abe83078,"In Alice's Wonderland, a secret set of transformation rules is applied to equations. Below are a few examples:
>>}($ = ^^
`/}>[ = ""!
><:^[ = :$""
""[+(/ = $(`[
`[:/! = /(
Now, determine the result for: $$}<$",`<,Equation,length_mismatch
ac0af560,"In Alice's Wonderland, secret encryption rules are used on text. Here are some examples:
sdi vuhqius zque lyaayrg -> the ancient king follows
zuqeds tivfg xysqyu -> knight reads potion
zque giig gihtis -> king sees secret
sdi gstvuei zuqeds qnvequig -> the strange knight imagines
Now, decrypt the following text: mqtf lybuf fyyt",bird found door,Cipher,unknown_query_chars
ac0b6d12,"In Alice's Wonderland, secret encryption rules are used on text. Here are some examples:
lcd xhfwahv qfwjxdvv wmpswjdv -> the curious princess imagines
ejwscl vddv wjvwtd xpvlud -> knight sees inside castle
tfpsaj oahjt lcd pjxwdjl zaae -> dragon found the ancient book
ewjs xcpvdv taaf -> king chases door
vlhtdjl fdptv qalwaj -> student reads potion
Now, decrypt the following text: ewjs vddv lcd rwvd qalwaj",king sees the wise potion,Cipher,unknown_query_chars
ac262f12,"In Alice's Wonderland, a secret set of transformation rules is applied to equations. Below are a few examples:
42+63 = 16
52*79 = 4242
86-26 = 6
Now, determine the result for: 19*92",8362,Equation,length_mismatch
ac3ab4d3,"In Alice's Wonderland, secret encryption rules are used on text. Here are some examples:
uszc msxyfkdvx qvfpzm tfbdv -> king discovers around tower
ifpxd bqtyadx eprrhd -> mouse watches puzzle
tdqyadv xtpmsdx tad yfhfvoph iqe -> teacher studies the colorful map
Now, decrypt the following text: vqwwst xddx tad xtvqzcd tvdqxpvd",rabbit sees the strange treasure,Cipher,unknown_query_chars
ac87d01d,"In Alice's Wonderland, secret encryption rules are used on text. Here are some examples:
pzf mehjfa geqt mprkefm -> the silver king studies
znppfa iafnpfm pzf mehjfa wryyhf -> hatter creates the silver puzzle
pzf iraelrm deak afnkm -> the curious bird reads
pfnizfa iznmfm pzf mpanqtf gfb -> teacher chases the strange key
Now, decrypt the following text: kantlq caepfm rqkfa clqkfahnqk",dragon writes under wonderland,Cipher,unknown_query_chars
aca5c614,"In Alice's Wonderland, a secret set of transformation rules is applied to equations. Below are a few examples:
25+25 = 2525
77+53 = 5377
57*31 = 579
57*32 = 5271
43+76 = 7643
Now, determine the result for: 14-63",-5,Equation,length_mismatch
acc0955e,"In Alice's Wonderland, secret encryption rules are used on text. Here are some examples:
jfeewy csbuhvwyb kncwy mfycwn -> hatter discovers under garden
ufe slfmsnwb ejw bwuywe rheshn -> cat imagines the secret potion
cyfmhn cywflb uygbefp -> dragon dreams crystal
Now, decrypt the following text: zsyc cywflb ejw cfyi eywfbkyw",bird dreams the dark treasure,Cipher,unknown_query_chars
acf4ac58,"In Alice's Wonderland, secret encryption rules are used on text. Here are some examples:
pzdxuv biib dzbdki wgbvfi -> knight sees inside castle
kqgxhz biib cmttfi -> dragon sees puzzle
vui bdfeiq ugvviq wugbib -> the silver hatter chases
Now, decrypt the following text: ndqk shmzk vqigbmqi",bird found treasure,Cipher,unknown_query_chars
acf8c11f,"In Alice's Wonderland, a secret set of transformation rules is applied to equations. Below are a few examples:
)<\<! = )}""
""}#(' = ''[)
)!\)] = ([
((\][ = <""
Now, determine the result for: '!\[(","""'",Equation,length_mismatch
ad2514e4,"In Alice's Wonderland, secret encryption rules are used on text. Here are some examples:
lxcuor txvfjz hofvor -> dragon writes potion
snjjr zfnlvjz zfoxg -> queen studies story
fbj tvzj mcf lxjckz -> the wise cat dreams
Now, decrypt the following text: tvqcxl aonrl fbj mowoxanw iooy",wizard found the colorful book,Cipher,unknown_query_chars
ad4b03c0,"In Alice's Wonderland, secret encryption rules are used on text. Here are some examples:
kfllv pwhagslqh zol owpplv xlhhnrl -> queen discovers the hidden message
ndwal hzfpwlh zol xnrwand pggq -> alice studies the magical door
zol rgdplv zlnaolq aonhlh -> the golden teacher chases
qneewz aqlnzlh zoqgfro galnv -> rabbit creates through ocean
jvwroz wxnrwvlh zol hlaqlz xlhhnrl -> knight imagines the secret message
Now, decrypt the following text: jwvr ugfvp zoqgfro dweqnqi",king found through library,Cipher,unknown_query_chars
adad547a,"In Alice's Wonderland, a secret set of transformation rules is applied to equations. Below are a few examples:
66+13 = 69
11*29 = 2101
41*41 = 691
Now, determine the result for: 52*67",0091,Equation,length_mismatch
adcc6292,"In Alice's Wonderland, a secret set of transformation rules is applied to equations. Below are a few examples:
![*!} = [@:!
/%+^^ = /%^^
}@*[[ = @@//
}!*[[ = @%^%
Now, determine the result for: @:-[^",-}^,Equation,length_mismatch
ae3d84e7,"In Alice's Wonderland, a secret set of transformation rules is applied to equations. Below are a few examples:
&%+@] = `?&
@>*<@ = &>?<
@`*`% = `^&%
Now, determine the result for: `]*@>",<<<,Equation,length_mismatch
ae4aef23,"In Alice's Wonderland, a secret set of transformation rules is applied to equations. Below are a few examples:
#<+`[ = `#<
%[+<| = ?!<
!&+!^ = ?[
[[+#& = [?<
?^-!% = -&^
Now, determine the result for: `|+&?",%<<,Equation,length_mismatch
ae64d5e4,"In Alice's Wonderland, a secret set of transformation rules is applied to equations. Below are a few examples:
[`-[{ = &
//-/? = &?
^}+!"" = ""?!
""}+`! = !/
Now, determine the result for: [[-&/",[,Equation,length_mismatch
ae6be599,"In Alice's Wonderland, a secret set of transformation rules is applied to equations. Below are a few examples:
$|*?] = $|?]
$$+|# = %%]
%#-""\ = -%%
Now, determine the result for: $?+]$",#`,Equation,length_mismatch
af018681,"In Alice's Wonderland, a secret set of transformation rules is applied to equations. Below are a few examples:
\$>{^ = [/
|""![^ = |""[^
$|>/} = {""|
Now, determine the result for: \$!{""","\${""",Equation,length_mismatch
af0e4262,"In Alice's Wonderland, a secret set of transformation rules is applied to equations. Below are a few examples:
>{*{\ = \/>$
//*@$ = {@>$
$'*/\ = {@""$
){*/$ = """">]
>>*>{ = /\@]
Now, determine the result for: ""@-/$",]{,Equation,length_mismatch
af34964a,"In Alice's Wonderland, a secret set of transformation rules is applied to equations. Below are a few examples:
[(*') = ])&
:(-[: = ''
%&*&) = %"")&
/(*&( = /:'/
%(+:' = %(:'
Now, determine the result for: &]*](",]:[:,Equation,length_mismatch
af593008,"In Alice's Wonderland, secret encryption rules are used on text. Here are some examples:
auz ytiaxhori zlo ioaroz juryog -> cat discovers the secret garden
zlo axwxrnvw zvrzwo brtzoi -> the colorful turtle writes
uwtao yroufi ftrrxr -> alice dreams mirror
yrujxg izvytoi tg auho -> dragon studies in cave
Now, decrypt the following text: sgtjlz aluioi ioaroz",knight chases secret,Cipher,unknown_query_chars
af7ec090,"In Alice's Wonderland, a secret set of transformation rules is applied to equations. Below are a few examples:
\'-\] = -}^
$`*$' = >$])
&&-`^ = -)^
Now, determine the result for: $\*'`",'''^,Equation,length_mismatch
af95c8aa,"In Alice's Wonderland, a secret set of transformation rules is applied to equations. Below are a few examples:
?\*}? = ""'\]
&\+<< = !$
&'-\< = ""\
!\*<] = ]$!
Now, determine the result for: }'+'$",'\],Equation,length_mismatch
afa9a53b,"In Alice's Wonderland, a secret set of transformation rules is applied to equations. Below are a few examples:
@|&>| = &!""
^""&@! = ![
:|`': = :>%:
Now, determine the result for: ^^&:@",&%|,Equation,length_mismatch
afb53516,"In Alice's Wonderland, a secret set of transformation rules is applied to equations. Below are a few examples:
[&-:# = -%>
|:+/> = #""
#>+</ = #[:
%""+%& = #|:
[&*>/ = ><&""
Now, determine the result for: #%*</",<%&:,Equation,length_mismatch
afca7259,"In Alice's Wonderland, a secret set of transformation rules is applied to equations. Below are a few examples:
|{:}/ = |!&""
&""(!? = ?>
#}(!"" = >!(
?""`}} = {""&
Now, determine the result for: ?}`/>",>>&,Equation,length_mismatch
afcac7af,"In Alice's Wonderland, a secret set of transformation rules is applied to equations. Below are a few examples:
47+15 = 421
55+09 = 441
71*66 = 3211
Now, determine the result for: 01-91",-9,Equation,length_mismatch
afdb7326,"In Alice's Wonderland, a secret set of transformation rules is applied to equations. Below are a few examples:
(\-:< = $:^
(>-$> = ((
(\%)( = %^@
Now, determine the result for: @^%(^",%\,Equation,length_mismatch
b00bab37,"In Alice's Wonderland, secret encryption rules are used on text. Here are some examples:
fxooe cgmjoj ngo jnlmeho cmjndo -> queen chases the strange castle
bluecojj jnxkuoj tmb -> princess studies map
mduco szddzaj ngo cxluzxj joclon -> alice follows the curious secret
gmnnol jooj cmjndo -> hatter sees castle
bluecojj szddzaj xekol duplmli -> princess follows under library
Now, decrypt the following text: qeuhgn szddzaj ue cmjndo",knight follows in castle,Cipher,unknown_query_chars
b0206bb7,"In Alice's Wonderland, a secret set of transformation rules is applied to equations. Below are a few examples:
){+&# = //
!/*&@ = /{@}
{)-&! = -/#
{}*)} = &#{#
]!-}{ = -@&
Now, determine the result for: ${*)}",]$!,Equation,length_mismatch
b0228713,"In Alice's Wonderland, secret encryption rules are used on text. Here are some examples:
ehnf mrrm hu myzjjk -> bird sees in school
vnhuyrmm fnricm lzr fing ejjg -> princess dreams the dark book
nieehl yzimrm yimlkr -> rabbit chases castle
porru wjouf lzr zhffru lnrimonr -> queen found the hidden treasure
Now, decrypt the following text: lzr zhffru fniqju ynrilrm",the hidden dragon creates,Cipher,unknown_query_chars
b03ab026,"In Alice's Wonderland, a secret set of transformation rules is applied to equations. Below are a few examples:
10&65 = 650
98{96 = 2
54&31 = 1674
Now, determine the result for: 97{23",74,Equation,length_mismatch
b0638e8a,"In Alice's Wonderland, secret encryption rules are used on text. Here are some examples:
iwcb ylqmg hkl ruywjug fjji -> king reads the curious book
zullc myqpg ryxghqd -> queen draws crystal
kqhhly pqhrklg wc dwfyqyx -> hatter watches in library
Now, decrypt the following text: hkl qcrwlch tywcrlgg pywhlg",the ancient princess writes,Cipher,unknown_query_chars
b06625c4,"In Alice's Wonderland, a secret set of transformation rules is applied to equations. Below are a few examples:
""""*$"" = <&#
$]-<# = $<
&&+^) = ]&
/&-^$ = $$
Now, determine the result for: ""$*$]",^&/,Equation,length_mismatch
b075e716,"In Alice's Wonderland, a secret set of transformation rules is applied to equations. Below are a few examples:
53[16 = 68
51[77 = 127
70-54 = 16
52[61 = 112
Now, determine the result for: 30+80",2400,Equation,length_mismatch
b088f1d9,"In Alice's Wonderland, secret encryption rules are used on text. Here are some examples:
ftu xubguf lgskpj lnxbpvugx -> the secret dragon discovers
fogfcu bgusfux ftu xfgsjku ksgluj -> turtle creates the strange garden
xfolujf bgusfux ftu tnlluj bsxfcu -> student creates the hidden castle
Now, decrypt the following text: ftu tnlluj dpoxu lgsax",the hidden mouse draws,Cipher,unknown_query_chars
b09efdc9,"In Alice's Wonderland, secret encryption rules are used on text. Here are some examples:
mdvrcde ozggzft idve hvgvrd -> teacher follows near palace
cvmmde rcvtdt mcd nqtmdeszjt hzmszi -> hatter chases the mysterious potion
vgsrd uedvnt mcd csuudi xveudi -> alice dreams the hidden garden
mcd tdredm vgsrd rcvtdt -> the secret alice chases
Now, decrypt the following text: bsix fvmrcdt idve xveudi",king watches near garden,Cipher,unknown_query_chars
b0d0dd45,"In Alice's Wonderland, a secret set of transformation rules is applied to equations. Below are a few examples:
30{65 = {35
33`24 = 791
48}84 = 133
Now, determine the result for: 90`81",7289,Equation,length_mismatch
b1181806,"In Alice's Wonderland, a secret set of transformation rules is applied to equations. Below are a few examples:
'><&% = (&}
%/<%> = &^
))?)> = $}$)
&%<^/ = (%$
Now, determine the result for: ((|&&",|>>,Equation,length_mismatch
b13d511a,"In Alice's Wonderland, a secret set of transformation rules is applied to equations. Below are a few examples:
<[+&< = <[&<
)&*#) = ){}}
}{+{\ = }{{\
{\*#} = {@#{
{&*^< = )[<<
Now, determine the result for: \&+[[",\&[[,Equation,length_mismatch
b15368e8,"In Alice's Wonderland, a secret set of transformation rules is applied to equations. Below are a few examples:
^^+`$ = (`
(\*{"" = (\{""
(`-^( = `""
{^+$[ = `\\
^[*^[ = ^[^[
Now, determine the result for: \{+\`",^{,Equation,length_mismatch
b163a1ab,"In Alice's Wonderland, secret encryption rules are used on text. Here are some examples:
uetbqre dsfequ hgz -> student writes map
mfrc qwzynsqu ejq dfuq lsiuegy -> king explores the wise crystal
dfkgsb bsqghu ejq cnybqr hfssns -> wizard dreams the golden mirror
dfkgsb ljguqu ztkkyq -> wizard chases puzzle
Now, decrypt the following text: ejq lyqoqs etseyq uqqu",the clever turtle sees,Cipher,unknown_query_chars
b16d6db2,"In Alice's Wonderland, a secret set of transformation rules is applied to equations. Below are a few examples:
`@*[) = {<%)
]]-:@ = -<[
:%*@) = )%[<
{]-:< = `)
]%-]% = ""
Now, determine the result for: %`+{%",":""<",Equation,length_mismatch
b1733f3e,"In Alice's Wonderland, a secret set of transformation rules is applied to equations. Below are a few examples:
$<-{# = $'
$&+// = !<
)/+$) = '//
!<+&# = {$/
)<*]/ = ''!/
Now, determine the result for: ''-!]",]/,Equation,length_mismatch
b193f06a,"In Alice's Wonderland, a secret set of transformation rules is applied to equations. Below are a few examples:
49?74 = 74?
41!17 = 58
76!87 = 541
97}56 = 9756
Now, determine the result for: 31}82",3182,Equation,length_mismatch
b19f4815,"In Alice's Wonderland, secret encryption rules are used on text. Here are some examples:
sferx rbewhxr btx zeohfer shoofo -> mouse studies the curious mirror
beobgx woxdsr btx zfgfoceg zovrbdg -> turtle dreams the colorful crystal
btx zeohfer beobgx hsduhnxr -> the curious turtle imagines
mhow xyqgfoxr btx rhgixo shoofo -> bird explores the silver mirror
Now, decrypt the following text: rbewxnb cfggfkr mffj",student follows book,Cipher,unknown_query_chars
b1b10e83,"In Alice's Wonderland, a secret set of transformation rules is applied to equations. Below are a few examples:
""\+#| = ""\#|
#!+#\ = #!#\
#""*#"" = #){|
$\*)"" = ${$#
)\+`# = )\`#
Now, determine the result for: |""+#$","|""#$",Equation,length_mismatch
b1bc3731,"In Alice's Wonderland, a secret set of transformation rules is applied to equations. Below are a few examples:
47""22 = 25
65)12 = 67
02""87 = ""85
Now, determine the result for: 07""43",63,Equation,length_mismatch
b1ec44a1,"In Alice's Wonderland, secret encryption rules are used on text. Here are some examples:
aft fmyytd zdmlfa vbmats -> the hidden knight writes
ybolrd btoys aft smgwtb xmbbrb -> dragon reads the silver mirror
aft vmst atouftb crggrvs -> the wise teacher follows
ibmdutss vbmats stubta -> princess writes secret
qmby saeymts crbtsa -> bird studies forest
Now, decrypt the following text: qmby ybovs aft stubta iehhgt",bird draws the secret puzzle,Cipher,unknown_query_chars
b205f2d5,"In Alice's Wonderland, secret encryption rules are used on text. Here are some examples:
otccwf sfycwd coflqro slekwfhtek -> hatter writes through wonderland
dcqkwec fwtkd cow vhwiwf xlcyle -> student reads the clever potion
dcqkwec sfycwd ullb -> student writes book
Now, decrypt the following text: cow ufyroc byer zlhhlsd",the bright king follows,Cipher,unknown_query_chars
b20bba0b,"In Alice's Wonderland, secret encryption rules are used on text. Here are some examples:
szo skzjqj xqzy bzaaql -> cat chases near valley
szo pyzfj mqjjzuq -> cat draws message
okq joyzxuq jogpqxo pyqzmj -> the strange student dreams
Now, decrypt the following text: iyexsqjj yqzpj ztvbq szbq",princess reads above cave,Cipher,unknown_query_chars
b23f94f8,"In Alice's Wonderland, secret encryption rules are used on text. Here are some examples:
xcvbzd dzbxy lhyybfh -> wizard draws message
pmh ypzbsfh zbjjcp ypndchy -> the strange rabbit studies
jczd ombyhy jhkesd tbaahk -> bird chases beyond valley
pnzpah ombyhy deez -> turtle chases door
phbomhz xzcphy bjeth cyabsd -> teacher writes above island
Now, decrypt the following text: pnzpah hrgaezhy csycdh obypah",turtle explores inside castle,Cipher,unknown_query_chars
b26d8818,"In Alice's Wonderland, a secret set of transformation rules is applied to equations. Below are a few examples:
23]23 = 528
23]21 = 482
21]31 = 650
Now, determine the result for: 68]88",5983,Equation,length_mismatch
b271a61c,"In Alice's Wonderland, a secret set of transformation rules is applied to equations. Below are a few examples:
}\!}/ = <}@^
/\!'? = }^@?
^@)}{ = \^
Now, determine the result for: /<*\/",*@^,Equation,length_mismatch
b2748dc4,"In Alice's Wonderland, secret encryption rules are used on text. Here are some examples:
nehgdizz kelbz xfetrpf dlci -> princess draws through cave
xfi ptmkig dlx behxiz -> the golden cat writes
kelptg deilxiz hgzhki mhqelea -> dragon creates inside library
Now, decrypt the following text: xfi dtmtejrm xildfie hslphgiz",the colorful teacher imagines,Cipher,unknown_query_chars
b2880cc3,"In Alice's Wonderland, secret encryption rules are used on text. Here are some examples:
okqmay okqti uyoek adeqy -> dragon draws under ocean
sbe tgie rygmbs dbqiei -> the wise knight chases
sbe fqmgdqc isuoeys dkeqsei -> the magical student creates
sbe wkgmbs okqmay tkgsei -> the bright dragon writes
sbe iedkes okqmay tkgsei -> the secret dragon writes
Now, decrypt the following text: seqdbek isuogei sbe oqkr nakeis",teacher studies the dark forest,Cipher,unknown_query_chars
b2a8384e,"In Alice's Wonderland, a secret set of transformation rules is applied to equations. Below are a few examples:
#]-$] = >|
>]*$> = )((
>$+>} = >$>}
)(-<> = $]
})+}) = })})
Now, determine the result for: <#-""""",-$,Equation,length_mismatch
b2bc6dbb,"In Alice's Wonderland, secret encryption rules are used on text. Here are some examples:
zrxxwb pbrqf awffrlw -> hatter draws message
xzw zeppwd qeyrbp wjiutbwf -> the hidden wizard explores
ruesw pefstkwbf dwrb keuurlw -> alice discovers near village
Now, decrypt the following text: hedl szrfwf mdpwb atmdxred",king chases under mountain,Cipher,unknown_query_chars
b2e5c467,"In Alice's Wonderland, a secret set of transformation rules is applied to equations. Below are a few examples:
35@81 = 17
95@97 = 831
25@32 = 57
Now, determine the result for: 61^07",9111,Equation,length_mismatch
b2f19231,"In Alice's Wonderland, secret encryption rules are used on text. Here are some examples:
aqi yvieix ainyqix yqnrir -> the clever teacher chases
lxufyirr bnayqir ufrugi onxgif -> princess watches inside garden
ajxavi yqnrir nptei onxgif -> turtle chases above garden
Now, decrypt the following text: lxufyirr ucnoufir aqi otvgif onxgif",princess imagines the golden garden,Cipher,unknown_query_chars
b318276f,"In Alice's Wonderland, secret encryption rules are used on text. Here are some examples:
dmsxvmt mfyqatmb dvm bdtsgkm yuwwqm -> teacher explores the strange puzzle
sqixm xvsbmb osy -> alice chases map
dvm kaqzmg xsd csdxvmb -> the golden cat watches
xsd ztmsob gmst bxvaaq -> cat dreams near school
ciwstz bduzimb staugz esqqmr -> wizard studies around valley
Now, decrypt the following text: lummg paqqacb gmst ysqsxm",queen follows near palace,Cipher,unknown_query_chars
b331a0c2,"In Alice's Wonderland, secret encryption rules are used on text. Here are some examples:
zwmmpo kwmrzpt roytmwj -> hatter watches crystal
owqqem nopwct mzp cytmpoexit rwtmjp -> rabbit dreams the mysterious castle
sefh nopwct cpttwhp -> king dreams message
mpwrzpo vxjjxkt mzp qoehzm mopwtiop -> teacher follows the bright treasure
qeon plbjxopt eftenp trzxxj -> bird explores inside school
Now, decrypt the following text: sefh vxjjxkt biaajp",king follows puzzle,Cipher,unknown_query_chars
b3745e98,"In Alice's Wonderland, a secret set of transformation rules is applied to equations. Below are a few examples:
!!*!! = !'$@
%>->[ = -']
%'-'@ = -|
%>+[! = $']
Now, determine the result for: @\-|>",!',Equation,length_mismatch
b391ffe1,"In Alice's Wonderland, a secret set of transformation rules is applied to equations. Below are a few examples:
//+}` = >!
^>*^@ = }/>}
>^+^` = /[`
^^*/> = #@>}
Now, determine the result for: @/+[`",#!,Equation,length_mismatch
b39c8082,"In Alice's Wonderland, secret encryption rules are used on text. Here are some examples:
diq vdkjroq lfkp pfvyhcqkv -> the strange bird discovers
jufyq pkjav diq vqykqd ykxvdju -> alice draws the secret crystal
lfkp kqjpv diq lkfoid lhhb -> bird reads the bright book
Now, decrypt the following text: gkfryqvv kqjpv dkqjvekq",princess reads treasure,Cipher,unknown_query_chars
b3ae7f39,"In Alice's Wonderland, a secret set of transformation rules is applied to equations. Below are a few examples:
48'02 = 4
29}46 = 651
64'21 = 01
23'07 = 6
Now, determine the result for: 08}82",801,Equation,length_mismatch
b3db314b,"In Alice's Wonderland, secret encryption rules are used on text. Here are some examples:
mly lgiiya jcm jpycmyk -> the hidden cat creates
lcmmyp ipcsk mly vpgflm iqqp -> hatter draws the bright door
crgjy ipcsk aycp bqpykm -> alice draws near forest
Now, decrypt the following text: mycjlyp gdcfgayk mly kyjpym fcpiya",teacher imagines the secret garden,Cipher,unknown_query_chars
b3f9a15c,"In Alice's Wonderland, a secret set of transformation rules is applied to equations. Below are a few examples:
32[35 = 0221
64}04 = 6}
23}18 = 94
94/21 = 16
Now, determine the result for: 85[56",1773,Equation,length_mismatch
b4342b90,"In Alice's Wonderland, a secret set of transformation rules is applied to equations. Below are a few examples:
64\49 = 114
66%87 = 21
30%84 = 54
77\30 = 108
81)74 = 5994
Now, determine the result for: 40\25",66,Equation,length_mismatch
b451be8a,"In Alice's Wonderland, a secret set of transformation rules is applied to equations. Below are a few examples:
52@06 = 53@
81<88 = 4851
32<25 = 6911
13<34 = 3331
Now, determine the result for: 22%42",64,Equation,length_mismatch
b47e8621,"In Alice's Wonderland, a secret set of transformation rules is applied to equations. Below are a few examples:
'|-}] = -|\
}]-]> = <
]&*\< = \<]&
<|*|< = |<<|
Now, determine the result for: ((+<'",><<,Equation,length_mismatch
b4865c39,"In Alice's Wonderland, secret encryption rules are used on text. Here are some examples:
xqba tywlul wbgjha mgjhdwqh -> bird chases around mountain
phqiyd ldjaqul pur -> knight studies key
dyu eqlu pqhi tbuwdul -> the wise king creates
Now, decrypt the following text: ojuuh uzkfgbul mqbbgb",queen explores mirror,Cipher,unknown_query_chars
b48ff026,"In Alice's Wonderland, secret encryption rules are used on text. Here are some examples:
yrqqu cmlbqb knnz -> queen chases book
fmq bqcpqf fqlcmqp cmlbqb -> the secret teacher chases
yrqqu xlfcmqb fmq lucgquf knnz -> queen watches the ancient book
tnrbq dgbcnvqpb fmq cjqvqp tqbblhq -> mouse discovers the clever message
Now, decrypt the following text: fmq xgbq spgucqbb bqqb",the wise princess sees,Cipher,unknown_query_chars
b4a15ca6,"In Alice's Wonderland, a secret set of transformation rules is applied to equations. Below are a few examples:
44-81 = 62
66+58 = 051
98-47 = 51
Now, determine the result for: 16+34",301,Equation,length_mismatch
b4a5076f,"In Alice's Wonderland, a secret set of transformation rules is applied to equations. Below are a few examples:
84!87 = 03
95<16 = 021
88!71 = 3
38<94 = 231
12$38 = 3471
Now, determine the result for: 62<13",75,Equation,length_mismatch
b4b73143,"In Alice's Wonderland, a secret set of transformation rules is applied to equations. Below are a few examples:
?{%["" = ?\!{
:!*""{ = ?##
/#*{# = #/
Now, determine the result for: >!%!/",>\:,Equation,length_mismatch
b4c3f16c,"In Alice's Wonderland, secret encryption rules are used on text. Here are some examples:
ewl vmlbla hazgvlqq tapnq -> the clever princess draws
vpe lfhmralq kph -> cat explores map
czgo tapnq vpqeml -> king draws castle
vpe qllq zgqztl krjgepzg -> cat sees inside mountain
Now, decrypt the following text: taporg urmmrnq zgqztl bpmmli",dragon follows inside valley,Cipher,unknown_query_chars
b4c98aa9,"In Alice's Wonderland, secret encryption rules are used on text. Here are some examples:
hrekj tnzpk hzu -> mouse draws map
amxldc fremt lzntjm -> knight found garden
hrekj jvusrnjk cdj hzlxbzs bngkczs -> mouse explores the magical crystal
zsxbj njztk xmkxtj uzszbj -> alice reads inside palace
cencsj fremt hjkkzlj -> turtle found message
Now, decrypt the following text: iejjm bdzkjk ajg",queen chases key,Cipher,unknown_query_chars
b4cd34fe,"In Alice's Wonderland, secret encryption rules are used on text. Here are some examples:
cap csaege psg epkawmg rax -> cat chases the strange map
psg cfyfkzby pbkpyg epbhvge -> the colorful turtle studies
psg cbkvfbe sappgk ckgapge -> the curious hatter creates
Now, decrypt the following text: psg evyqgk kaiivp egge",the silver rabbit sees,Cipher,unknown_query_chars
b4eab219,"In Alice's Wonderland, a secret set of transformation rules is applied to equations. Below are a few examples:
/>+<^ = ##<
/)+`[ = \>
\(-/[ = \<
(>+^` = /`<
>(+\> = \(<
Now, determine the result for: \#+`>",(#<,Equation,length_mismatch
b4f701f5,"In Alice's Wonderland, a secret set of transformation rules is applied to equations. Below are a few examples:
88*22 = 6391
51*47 = 0111
45-93 = -51
18+97 = 9718
Now, determine the result for: 14*24",2271,Equation,length_mismatch
b50a79c8,"In Alice's Wonderland, secret encryption rules are used on text. Here are some examples:
yvi cawyipdjfw wyfoiky pizow -> the mysterious student reads
mkdqvy dczqdkiw yvi epdqvy xfuuni -> knight imagines the bright puzzle
bfiik lpdyiw zpjfko tdnnzqi -> queen writes around village
Now, decrypt the following text: yizsvip hjnnjlw ypizwfpi",teacher follows treasure,Cipher,unknown_query_chars
b50cf853,"In Alice's Wonderland, a secret set of transformation rules is applied to equations. Below are a few examples:
>>*&( = >>&(
{{-?( = -|
\>*&& = \>&&
>|+?"" = &{""
Now, determine the result for: |?*""}","|?""}",Equation,length_mismatch
b523875c,"In Alice's Wonderland, secret encryption rules are used on text. Here are some examples:
avksg qgaci uwqhpbw thpxuakx -> alice reads through mountain
thpig eqkugi uwqhpbw kivaxc -> mouse writes through island
fxkbwu swaigi uwg bhvcgx jhukhx -> knight chases the golden potion
Now, decrypt the following text: opggx iupckgi lhhf",queen studies book,Cipher,unknown_query_chars
b562489d,"In Alice's Wonderland, secret encryption rules are used on text. Here are some examples:
kvjfbe ylsslti jvijmh gosshq -> knight follows inside valley
rxhhv mjidlghwi phiiofh -> queen discovers message
ebh pqiehwjlxi exwesh mwoti -> the mysterious turtle draws
rxhhv whomi ihdwhe -> queen reads secret
Now, decrypt the following text: uwjvdhii dwhoehi oalgh dogh",princess creates above cave,Cipher,unknown_query_chars
b56d38be,"In Alice's Wonderland, a secret set of transformation rules is applied to equations. Below are a few examples:
""^*/{ = /)$[
[/+/"" = ^$)
)#+#$ = #[)
&^+'& = ^{)
Now, determine the result for: &#+^^",[/),Equation,length_mismatch
b5836ebf,"In Alice's Wonderland, secret encryption rules are used on text. Here are some examples:
dqpi cyooyzs uyaqyp -> king follows potion
aht rviqkvo safgtpa stts -> the magical student sees
umqpktss twuoymts aht stkmta rqmmym -> princess explores the secret mirror
aht samvpit gmviyp twuoymts -> the strange dragon explores
Now, decrypt the following text: afmaot stts ntxypg zypgtmovpg",turtle sees beyond wonderland,Cipher,unknown_query_chars
b5c8ac87,"In Alice's Wonderland, secret encryption rules are used on text. Here are some examples:
zdajuxd bgozuz yoi -> student chases map
oshbu jkuoyz qppm -> alice dreams book
nauux bkuoduz ipdhpx -> queen creates potion
dgu qkhfgd mxhfgd todbguz -> the bright knight watches
Now, decrypt the following text: mhxf rpaxj dgkpafg vhssofu",king found through village,Cipher,unknown_query_chars
b5e1e604,"In Alice's Wonderland, a secret set of transformation rules is applied to equations. Below are a few examples:
96""51 = 4301
36\79 = 43
33|92 = 26
Now, determine the result for: 28|03",211,Equation,length_mismatch
b5ee1c4e,"In Alice's Wonderland, secret encryption rules are used on text. Here are some examples:
mjtob wmyozbp yzb ojbrba glla -> alice watches the clever door
yzb ojbrba slepb bkvjlabp -> the clever mouse explores
yeayjb watybp pylai -> turtle writes story
omy watybp yzaledz xlabpy -> cat writes through forest
mjtob tsmdthbp yzb pboaby oaipymj -> alice imagines the secret crystal
Now, decrypt the following text: ybmozba gtpolrbap thptgb jtuamai",teacher discovers inside library,Cipher,unknown_query_chars
b60cc65e,"In Alice's Wonderland, secret encryption rules are used on text. Here are some examples:
jey csyfyk qtuby dpbctfykb -> the clever mouse discovers
wspcy pqwzplyb ntjptl -> alice imagines potion
jey qwzpcws rpkd bjudpyb -> the magical bird studies
Now, decrypt the following text: vuyyl byyb pl nwswcy",queen sees in palace,Cipher,unknown_query_chars
b62453dc,"In Alice's Wonderland, a secret set of transformation rules is applied to equations. Below are a few examples:
91*96 = 9691
99-98 = 01
16*74 = 7416
Now, determine the result for: 43-19",-75,Equation,length_mismatch
b63d963c,"In Alice's Wonderland, a secret set of transformation rules is applied to equations. Below are a few examples:
""<-#! = -)<
#<+#^ = ^(
(]+`# = }(
^<*)) = ##)]
]""*^# = #!`#
Now, determine the result for: "")+`)",<<!,Equation,length_mismatch
b643d81f,"In Alice's Wonderland, a secret set of transformation rules is applied to equations. Below are a few examples:
33-39 = -06
76-43 = 33
42-25 = -82
42*84 = 1511
52*36 = 4751
Now, determine the result for: 97-07",9,Equation,length_mismatch
b647609f,"In Alice's Wonderland, secret encryption rules are used on text. Here are some examples:
vszqfb pizyey tzc -> dragon chases map
mezpies psezmey mie yepsem pzymhe -> teacher creates the secret castle
ymgvebm ymgvaey mie qfhveb psxymzh -> student studies the golden crystal
csabpeyy pizyey mie ymszbqe cgllhe -> princess chases the strange puzzle
mie tzqapzh vszqfb atzqabey -> the magical dragon imagines
Now, decrypt the following text: tfgye nsamey bezs qzsveb",mouse writes near garden,Cipher,unknown_query_chars
b655eee9,"In Alice's Wonderland, a secret set of transformation rules is applied to equations. Below are a few examples:
16-71 = -44
47-64 = -82
37+79 = 171
Now, determine the result for: 76-83",-92,Equation,length_mismatch
b65a341a,"In Alice's Wonderland, secret encryption rules are used on text. Here are some examples:
onggcp fonece fpregnz -> hatter chases crystal
pnbbtg pcnie npksqi kfcnq -> rabbit reads around ocean
btpi fpcngce goc fsptkse ucr -> bird creates the curious key
Now, decrypt the following text: goc lkzicq fng itefkdcpe",the golden cat discovers,Cipher,unknown_query_chars
b6720c46,"In Alice's Wonderland, secret encryption rules are used on text. Here are some examples:
xkupvkh yhixkd fkuh yrfqkhbufq -> teacher writes near wonderland
qhuerf yuxpvkd fkuh nrhkdx -> dragon watches near forest
vuxxkh hkuqd xvk wueipub nrhkdx -> hatter reads the magical forest
xvk dibmkh dxlqkfx qidprmkhd -> the silver student discovers
xkupvkh pvudkd xvk yidk zka -> teacher chases the wise key
Now, decrypt the following text: xvk prbrhnlb ohifpkdd qhuyd",the colorful princess draws,Cipher,unknown_query_chars
b69391b8,"In Alice's Wonderland, a secret set of transformation rules is applied to equations. Below are a few examples:
30{78 = 2339
66'98 = 164
96{56 = 5375
87{88 = 7655
Now, determine the result for: 52'14",66,Equation,length_mismatch
b69d2e78,"In Alice's Wonderland, a secret set of transformation rules is applied to equations. Below are a few examples:
)`+|| = \`\
]`+## = ?/
|\-@@ = |
\\+@) = ?#
Now, determine the result for: )#+?|",|)\,Equation,length_mismatch
b6ac4a3b,"In Alice's Wonderland, secret encryption rules are used on text. Here are some examples:
ktgpba lfqatjl mddy -> wizard studies book
fqbfvj kbtfjl idbjlf -> turtle writes forest
lfqajwf lfqatjl ubhlfpv -> student studies crystal
Now, decrypt the following text: ytwe abpkl fnbdqen idbjlf",king draws through forest,Cipher,unknown_query_chars
b6de58c5,"In Alice's Wonderland, secret encryption rules are used on text. Here are some examples:
cgqqkj szffzbe hkeegwk -> hatter follows message
vyjd ekke qck gpnykpq hkeegwk -> bird sees the ancient message
upywcq dyenzokje mpdkj yefgpd -> knight discovers under island
ngq ncgeke yp xgfgnk -> cat chases in palace
Now, decrypt the following text: upywcq ncgeke xmttfk",knight chases puzzle,Cipher,unknown_query_chars
b73d0898,"In Alice's Wonderland, a secret set of transformation rules is applied to equations. Below are a few examples:
16*42 = 3641
36-71 = 21
56-62 = 31
64*73 = 1071
Now, determine the result for: 41-15",9,Equation,length_mismatch
b74710de,"In Alice's Wonderland, secret encryption rules are used on text. Here are some examples:
czjjw vbldrjy qppm -> queen watches door
vkibmq jsatpmjy lrj vkyj qppm -> wizard explores the wise door
lrj gmkorl ylzqjwl qmjbxy -> the bright student dreams
ljbdrjm mjbqy wjbm tkgmbmn -> teacher reads near library
Now, decrypt the following text: lrj bwdkjwl ylzqjwl qkydpujmy",the ancient student discovers,Cipher,unknown_query_chars
b755b08e,"In Alice's Wonderland, secret encryption rules are used on text. Here are some examples:
adixwp cinjvmf nvm ydkxvn awwd -> dragon watches the bright door
uwqfm fnqakmf nvm ipjkmpn fmjdmn -> mouse studies the ancient secret
nvm uzfnmdkwqf diyykn dmiaf -> the mysterious rabbit reads
uwqfm adicf fmjdmn -> mouse draws secret
Now, decrypt the following text: opkxvn jdminmf qpamd rieijm",knight creates under palace,Cipher,unknown_query_chars
b7ad0671,"In Alice's Wonderland, a secret set of transformation rules is applied to equations. Below are a few examples:
22@75 = 4521
58-63 = 121
37-45 = 721
28@77 = 4136
Now, determine the result for: 28:12",16,Equation,length_mismatch
b7b1d1a8,"In Alice's Wonderland, a secret set of transformation rules is applied to equations. Below are a few examples:
41""98 = ""57
47]64 = 3009
58-87 = 144
91-84 = 174
16-30 = 45
Now, determine the result for: 74""17",57,Equation,length_mismatch
b7e92a59,"In Alice's Wonderland, a secret set of transformation rules is applied to equations. Below are a few examples:
[&*[$ = [|!|
\@+""\ = ""\\@
|@*!! = !@${
@{-:! = -$
""@+&\ = &\""@
Now, determine the result for: ""[*@|","""@|",Equation,length_mismatch
b7f05101,"In Alice's Wonderland, secret encryption rules are used on text. Here are some examples:
osfnqk xrbsh lrkfrs -> knight found potion
wfth gqzmpm zwrdp dfjjznp -> bird chases above village
kqp hzto kpzgqpt hfmgrdptm -> the dark teacher discovers
kqp hzto zjfgp htzim -> the dark alice draws
Now, decrypt the following text: zjfgp fuznfspm bshpt kript",alice imagines under tower,Cipher,unknown_query_chars
b7fd51b5,"In Alice's Wonderland, secret encryption rules are used on text. Here are some examples:
zbppcx nccn pzc dvnpcxlesn dlxxex -> hatter sees the mysterious mirror
gxbfeh npsglcn lh qbmmcv -> dragon studies in valley
jlhf ixlpcn lh deshpblh -> king writes in mountain
wlxg oemmein jcv -> bird follows key
Now, decrypt the following text: jhlfzp glnreqcxn bweqc rbqc",knight discovers above cave,Cipher,unknown_query_chars
b80c9363,"In Alice's Wonderland, secret encryption rules are used on text. Here are some examples:
gnqqp cqahm dcqamncq -> queen reads treasure
caxxtd cqahm pqac vazq -> rabbit reads near cave
dncdbq tsawtpqm hjjc -> turtle imagines door
dlq hacr dqavlqc mqqm -> the dark teacher sees
hcawjp vlamqm axjzq ojcqmd -> dragon chases above forest
Now, decrypt the following text: ftyach mqqm tp djfqc",wizard sees in tower,Cipher,unknown_query_chars
b8176ac6,"In Alice's Wonderland, secret encryption rules are used on text. Here are some examples:
vrja hjlpule uxl dqyalm opc -> bird creates the golden map
usjuyl kqyyqge mlpj hpeuyl -> turtle follows near castle
pyrhl gpuhxle kqjleu -> alice watches forest
fsllm elle tln -> queen sees key
tmrdxu hxpele opc -> knight chases map
Now, decrypt the following text: jpvvru eusarle pvqbl kqjleu",rabbit studies above forest,Cipher,unknown_query_chars
b81b071c,"In Alice's Wonderland, secret encryption rules are used on text. Here are some examples:
uyrv pzzp hioowz -> bird sees puzzle
kzsdfzr zahwxrzp kfz qsnydsw czg -> teacher explores the magical key
cyln zahwxrzp kfz urynfk qzppsnz -> king explores the bright message
pkivzlk dfspzp lzsr hswsdz -> student chases near palace
kfz nxwvzl pkivzlk dfspzp -> the golden student chases
Now, decrypt the following text: jizzl yqsnylzp pzdrzk",queen imagines secret,Cipher,unknown_query_chars
b82f6bc4,"In Alice's Wonderland, secret encryption rules are used on text. Here are some examples:
rittjd rvizg lia -> rabbit reads map
zrisec yidqkvg itebv bihhvn -> dragon watches above valley
arjcqvgg gdozjvg oczvr sirzvc -> princess studies under garden
Now, decrypt the following text: fcjskd yidqkvg dkv yjgv qigdhv",knight watches the wise castle,Cipher,unknown_query_chars
b838101f,"In Alice's Wonderland, secret encryption rules are used on text. Here are some examples:
ypi cylbdni yslyzi xlibyic -> the strange turtle creates
ypi xslrwsc erdn rtbnrdic -> the curious king imagines
erdn vlryic ypi xwzwlosz cixliy -> king writes the colorful secret
Now, decrypt the following text: lbffry qlibtc ypi prqqid tbg",rabbit dreams the hidden map,Cipher,unknown_query_chars
b83b999a,"In Alice's Wonderland, secret encryption rules are used on text. Here are some examples:
nosrbc gvmfdbgt hpbdkjp ndycgbfryc -> wizard explores through wonderland
hpg lbojph idktg oirjoygt -> the bright mouse imagines
prhhgb adkyc hpg xdfdbakf igttrjg -> hatter found the colorful message
hpg poccgy thkcgyh thkcogt -> the hidden student studies
Now, decrypt the following text: hpg tofwgb idktg cbrnt",the silver mouse draws,Cipher,unknown_query_chars
b8432f69,"In Alice's Wonderland, a secret set of transformation rules is applied to equations. Below are a few examples:
[}-[& = -\{
[:-@{ = {{
!@+{| = {|!@
!:+)& = )&!:
{[-!| = -:!
Now, determine the result for: !{*!}",:&&,Equation,length_mismatch
b85a9b97,"In Alice's Wonderland, secret encryption rules are used on text. Here are some examples:
csxxmy esxjcmb xcm cqaamr fmbbsgm -> hatter watches the hidden message
eqvsya nkookeb wramy bjckko -> wizard follows under school
soqjm miuokymb xymsbwym -> alice explores treasure
Now, decrypt the following text: pwmmr nkookeb rmsy qbosra",queen follows near island,Cipher,unknown_query_chars
b8738676,"In Alice's Wonderland, secret encryption rules are used on text. Here are some examples:
jognzoc olxuacop poncoj -> teacher explores secret
cghhtj twgetfop hoiafb jakoc -> rabbit imagines beyond tower
zgjjoc ncogjop jzo nmctamp ngpjuo -> hatter creates the curious castle
jzo nmctamp cghhtj poop -> the curious rabbit sees
jzo bgcq wampo kctjop -> the dark mouse writes
Now, decrypt the following text: ktvgcb poop tfptbo jakoc",wizard sees inside tower,Cipher,unknown_query_chars
b8955624,"In Alice's Wonderland, a secret set of transformation rules is applied to equations. Below are a few examples:
>|:^< = })?
^\!\< = >'
)>/|' = )|?'
<<!^\ = !'<
}':}] = ]}
Now, determine the result for: ^':'}",))?,Equation,length_mismatch
b89a3e4d,"In Alice's Wonderland, secret encryption rules are used on text. Here are some examples:
knatgi nptsncwe vqql -> wizard imagines book
rzw ewxgwr pqhew ktrxzwe -> the secret mouse watches
knatgi mqbbqke rzw tcxnwcr rgwtehgw -> wizard follows the ancient treasure
knatgi inexqjwge mqgwer -> wizard discovers forest
Now, decrypt the following text: rwtxzwg nptsncwe rzw ptsnxtb lwy",teacher imagines the magical key,Cipher,unknown_query_chars
b8a8560f,"In Alice's Wonderland, secret encryption rules are used on text. Here are some examples:
zbkypbj yjbkzbs nkx -> teacher creates map
zpb ychcjofh qjktcu qmsycdbjs -> the colorful dragon discovers
gumtpz szfqmbs gba -> knight studies key
Now, decrypt the following text: ncfsb ochhcis zpb kuymbuz xfvvhb",mouse follows the ancient puzzle,Cipher,unknown_query_chars
b8c3a530,"In Alice's Wonderland, secret encryption rules are used on text. Here are some examples:
xbevpbl nleks ow oshewn -> teacher draws in island
sxjnbwx nosvdmbls vlasxeh -> student discovers crystal
zwotpx ouetowbs egdmb mehhba -> knight imagines above valley
zwotpx vlbexbs eldjwn dvbew -> knight creates around ocean
leggox sxjnobs xpb uasxblodjs vesxhb -> rabbit studies the mysterious castle
Now, decrypt the following text: xpb vjlodjs vex rdhhdks",the curious cat follows,Cipher,unknown_query_chars
b8f00ea7,"In Alice's Wonderland, a secret set of transformation rules is applied to equations. Below are a few examples:
82:87 = :05
41:15 = :73
42:31 = 11
11#21 = 32
Now, determine the result for: 36\28",5615,Equation,length_mismatch
b8f530de,"In Alice's Wonderland, secret encryption rules are used on text. Here are some examples:
wtn kasgbac uanne xsgwnc -> the curious queen writes
kfw nqolbsnc enfs wbxns -> cat explores near tower
wnfktns nqolbsnc wtn cwsfepn obwgbe -> teacher explores the strange potion
osgekncc ktfcnc ibby -> princess chases book
Now, decrypt the following text: wtn cglmns uanne gjfpgenc",the silver queen imagines,Cipher,unknown_query_chars
b934935c,"In Alice's Wonderland, secret encryption rules are used on text. Here are some examples:
almigx cdvsx cdgkyq -> wizard found forest
qkiwnkg yqvxlky rkf -> teacher studies key
jdvyk cdvsx jlggdg -> mouse found mirror
wiq cdzzday qnk wdzdgcvz pddr -> cat follows the colorful book
Now, decrypt the following text: wiq xgkijy qnk pglbnq jkyyibk",cat dreams the bright message,Cipher,unknown_query_chars
b944af61,"In Alice's Wonderland, secret encryption rules are used on text. Here are some examples:
fbkurtb drjuf frwdrb -> student reads secret
bar ujdy hgdu drjuf -> the dark bird reads
bar wervrd zgojdu gnjmgtrf -> the clever wizard imagines
Now, decrypt the following text: jegwr rlxecdrf bar ujdy scdrfb",alice explores the dark forest,Cipher,unknown_query_chars
b96424a0,"In Alice's Wonderland, secret encryption rules are used on text. Here are some examples:
cbpg jyxzf iha fawyai dvibvp -> king draws the secret potion
iaxwhay whxfaf wxfioa -> teacher chases castle
yxrrbi jbfwvkayf iha rybghi dvibvp -> rabbit discovers the bright potion
cbpg whxfaf iha rybghi dvibvp -> king chases the bright potion
dybpwaff bnxgbpaf iha woakay wxfioa -> princess imagines the clever castle
Now, decrypt the following text: nvsfa fisjbaf fivyu",mouse studies story,Cipher,unknown_query_chars
b980017a,"In Alice's Wonderland, a secret set of transformation rules is applied to equations. Below are a few examples:
55@23 = 78
28>11 = 17>
41/64 = 446
28@44 = 621
Now, determine the result for: 37/98",7946,Equation,length_mismatch
b989c740,"In Alice's Wonderland, a secret set of transformation rules is applied to equations. Below are a few examples:
13*63 = 6313
03+21 = 2103
56*85 = 8556
56+74 = 7456
66*17 = 1766
Now, determine the result for: 18+86",8618,Equation,length_mismatch
b998f4f2,"In Alice's Wonderland, secret encryption rules are used on text. Here are some examples:
ths cbvesr tjrtvs fgjio -> the silver turtle found
aibyht orswpc bicbos fgrsct -> knight dreams inside forest
ths cslrst nbdwro lrswtsc -> the secret wizard creates
aibyht ctjobsc ths ygvosi trswcjrs -> knight studies the golden treasure
hwttsr lhwcsc ths ygvosi pbrrgr -> hatter chases the golden mirror
Now, decrypt the following text: wvbls bpwybisc ujddvs",alice imagines puzzle,Cipher,unknown_query_chars
b99bdad1,"In Alice's Wonderland, secret encryption rules are used on text. Here are some examples:
ijtl zussuwd jkdjlq jdsxkl -> bird follows inside island
ltxeuk ctqxoqd yklqt wuklqtsxkl -> dragon creates under wonderland
txiijo wtjoqd xtuykl gjssxeq -> rabbit writes around village
Now, decrypt the following text: ohq euslqk ryqqk wxochqd",the golden queen watches,Cipher,unknown_query_chars
b99d3059,"In Alice's Wonderland, a secret set of transformation rules is applied to equations. Below are a few examples:
52-57 = 0
15-59 = 44
38*46 = 2135
Now, determine the result for: 71-46",31,Equation,length_mismatch
b9b5a2c1,"In Alice's Wonderland, a secret set of transformation rules is applied to equations. Below are a few examples:
&&*$( = :<:&
`|*[& = }|`#
::*`} = (`:
&|-|< = `&
&:*[` = <<:|
Now, determine the result for: |#-`|",&`,Equation,length_mismatch
b9bde098,"In Alice's Wonderland, secret encryption rules are used on text. Here are some examples:
ojgyhlrr qjlnzr obvgby -> princess dreams potion
zbsrl rvsqglr osccul -> mouse studies puzzle
dgcnjq rllr vpl nyhglyv obvgby -> wizard sees the ancient potion
eygapv hjlnvlr vpl rvjnyal osccul -> knight creates the strange puzzle
vpl abuqly hnv qjlnzr -> the golden cat dreams
Now, decrypt the following text: pnvvlj qjlnzr vpl hulflj zlrrnal",hatter dreams the clever message,Cipher,unknown_query_chars
b9bf883d,"In Alice's Wonderland, a secret set of transformation rules is applied to equations. Below are a few examples:
31?46 = 77
38@95 = 3611
31-83 = -52
Now, determine the result for: 25?75",100,Equation,length_mismatch
b9c14cde,"In Alice's Wonderland, secret encryption rules are used on text. Here are some examples:
liccnh uhivg clhfoal vfbunhxibu -> hatter draws through wonderland
dfogn kligng dir -> mouse chases map
cln kohqfog gcounbc khnicng -> the curious student creates
Now, decrypt the following text: rhqbkngg tfobu iwfzn kizn",princess found above cave,Cipher,unknown_query_chars
b9f1d959,"In Alice's Wonderland, a secret set of transformation rules is applied to equations. Below are a few examples:
:>+(( = [&[
{{-(: = `\
>[-:( = -\>
[\+{[ = ""`
&`+""[ = "">
Now, determine the result for: $\+""[",:>,Equation,length_mismatch
ba76c1d2,"In Alice's Wonderland, a secret set of transformation rules is applied to equations. Below are a few examples:
""/}!& = &!`
&""@{> = {{)
/{}!? = {/[`
[&:>[ = :>
Now, determine the result for: [""}""""",{`>!,Equation,length_mismatch
ba7d54c4,"In Alice's Wonderland, a secret set of transformation rules is applied to equations. Below are a few examples:
||]'< = )`
|`&`@ = `''<
@`&@) = ''@>
Now, determine the result for: )""&)<",>((<,Equation,length_mismatch
baab28bb,"In Alice's Wonderland, a secret set of transformation rules is applied to equations. Below are a few examples:
::+!"" = >#
\:-|! = \\
\/+""/ = $/
:{*## = \>""{
Now, determine the result for: >/+\!",#!,Equation,length_mismatch
bad6f95d,"In Alice's Wonderland, a secret set of transformation rules is applied to equations. Below are a few examples:
86+60 = 5160
42-69 = 27
26$56 = 83
77+35 = 2695
79+27 = 2133
Now, determine the result for: 54-95",41,Equation,length_mismatch
bad7a97b,"In Alice's Wonderland, secret encryption rules are used on text. Here are some examples:
sjwdyaj bnrjys jgy uafryaj sjqne -> student writes the ancient story
nupprj rtuzrays dqqn -> rabbit imagines door
dnuzqa fgusys hqnysj -> dragon chases forest
fuj nyuds fusjcy -> cat reads castle
Now, decrypt the following text: lwyya bnrjys upqoy rscuad",queen writes above island,Cipher,unknown_query_chars
bad9f9da,"In Alice's Wonderland, a secret set of transformation rules is applied to equations. Below are a few examples:
87%30 = 2611
96+79 = 175
77%94 = 7239
36%46 = 1657
51%34 = 1735
Now, determine the result for: 52+35",87,Equation,length_mismatch
badf6313,"In Alice's Wonderland, secret encryption rules are used on text. Here are some examples:
jckesgc bficsj cus jsvfsc vxjcds -> student writes the secret castle
csxvusf vuxjsj qiffpf -> teacher chases mirror
hfigvsjj jckeisj xlpts pvsxg -> princess studies above ocean
efxzpg vuxjsj ypfsjc -> dragon chases forest
Now, decrypt the following text: bioxfe srhdpfsj cus qajcsfipkj jsvfsc",wizard explores the mysterious secret,Cipher,unknown_query_chars
bae87600,"In Alice's Wonderland, secret encryption rules are used on text. Here are some examples:
ouwwa srxbwz awcr myrwzb -> queen writes near forest
bwcilwr mykkysz blw ikwpwr vxrryr -> teacher follows the clever mirror
blw vqzbwrxyuz lcbbwr xvcfxawz -> the mysterious hatter imagines
Now, decrypt the following text: gxaf srxbwz awcr myrwzb",king writes near forest,Cipher,unknown_query_chars
baebfd26,"In Alice's Wonderland, a secret set of transformation rules is applied to equations. Below are a few examples:
}>+'> = }>'>
]""+{' = ]""{'
{}*'] = '!@]
Now, determine the result for: <""*}(",">@(""",Equation,length_mismatch
bb1ee8e2,"In Alice's Wonderland, a secret set of transformation rules is applied to equations. Below are a few examples:
$/+&& = /#&
#]*?% = |/%%
?|-$? = #&
\%+[% = /&$
|\*|| = ?/?
Now, determine the result for: [/-?[",&,Equation,length_mismatch
bb21ad10,"In Alice's Wonderland, secret encryption rules are used on text. Here are some examples:
rcmdik ayxjw epzzly -> knight reads puzzle
hmaj ayxjw kiabpdi nmllxdy -> bird reads through village
kiy wmlnya qbpwy wyyw -> the silver mouse sees
Now, decrypt the following text: wkpjyck jayxqw txwkly",student dreams castle,Cipher,unknown_query_chars
bb2d064c,"In Alice's Wonderland, secret encryption rules are used on text. Here are some examples:
qfhsjr zyhrax rja vdbdympb lpttba -> knight writes the colorful puzzle
yugghr vjuxax xrdye -> rabbit chases story
rpyrba zurvjax ldrhdf -> turtle watches potion
Now, decrypt the following text: xrpwafr mdbbdzx rja sdbwaf vuxrba",student follows the golden castle,Cipher,unknown_query_chars
bb40f4fa,"In Alice's Wonderland, secret encryption rules are used on text. Here are some examples:
voz xzbhzv rgzza uhwmx -> the secret queen draws
wcfbz mhfvzx twhuza -> alice writes garden
kegxz uhzwkx voz xvhwatz yevfea -> mouse dreams the strange potion
owvvzh mwvbozx fa ywcwbz -> hatter watches in palace
yhfabzxx ufxbejzhx nzl -> princess discovers key
Now, decrypt the following text: naftov degau voz xvhwatz qeen",knight found the strange book,Cipher,unknown_query_chars
bb9dd0ad,"In Alice's Wonderland, a secret set of transformation rules is applied to equations. Below are a few examples:
%?*%/ = *>
>%*`] = *`%
\?#""} = ""]\`
\%$?] = `>%
//*""} = *?>
Now, determine the result for: ""}#^/",/^//,Equation,length_mismatch
bba186c3,"In Alice's Wonderland, a secret set of transformation rules is applied to equations. Below are a few examples:
14-04 = 18
99-07 = 961
66*95 = 7
Now, determine the result for: 71)42",704,Equation,length_mismatch
bbcd608d,"In Alice's Wonderland, a secret set of transformation rules is applied to equations. Below are a few examples:
&]:)) = \
'(#%` = '])[
{[#%) = &(%)
&`:`[ = ')
%(:`[ = '&
Now, determine the result for: )'<(%",''[,Equation,length_mismatch
bbdbda50,"In Alice's Wonderland, secret encryption rules are used on text. Here are some examples:
nplb slfdqfw jdr -> bird creates map
ldnnpq pjdkpufw qhf jdkpsde kdlbfu -> rabbit imagines the magical garden
jigwf slfdqfw pu sdwqef -> mouse creates in castle
jigwf yieeitw afo -> mouse follows key
Now, decrypt the following text: jigwf bpwsicflw puwpbf sdwqef",mouse discovers inside castle,Cipher,unknown_query_chars
bc0935ee,"In Alice's Wonderland, a secret set of transformation rules is applied to equations. Below are a few examples:
82|53 = 8253
26|41 = 2641
58@73 = @15
40!59 = 2359
Now, determine the result for: 57@82",@25,Equation,length_mismatch
bc0e7856,"In Alice's Wonderland, secret encryption rules are used on text. Here are some examples:
aozuiq yrgpw qyrgwvyr -> knight reads treasure
qir tvyzjvw kzyp pzwtjnryw -> the curious bird discovers
aozuiq wrrw qir ujfpro ugypro -> knight sees the golden garden
bjvwr zbguzorw mjqzjo -> mouse imagines potion
Now, decrypt the following text: qvyqfr cyzqrw qir pgya bzyyjy",turtle writes the dark mirror,Cipher,unknown_query_chars
bc1ef494,"In Alice's Wonderland, a secret set of transformation rules is applied to equations. Below are a few examples:
]!-{{ = ){
]:-\{ = ))
:\+<! = )]<
{:-#( = \)
Now, determine the result for: )(*\#",#)],Equation,length_mismatch
bc2fc874,"In Alice's Wonderland, secret encryption rules are used on text. Here are some examples:
mshoat zaexcx eidnsj repezc -> knight chases around palace
tac xczict mshoat jieux -> the secret knight draws
tcezaci zicetcx rdthds -> teacher creates potion
Now, decrypt the following text: jieods uihtcx xtdiw",dragon writes story,Cipher,unknown_query_chars
bc42e664,"In Alice's Wonderland, a secret set of transformation rules is applied to equations. Below are a few examples:
26*99 = *73
62<75 = 3841
29*19 = 1
34*64 = *3
Now, determine the result for: 47*75",71,Equation,length_mismatch
bc50e662,"In Alice's Wonderland, secret encryption rules are used on text. Here are some examples:
ake ydegeh upxoka xbwoxpej -> the clever knight imagines
janfepa jeej ake rhxoka ltaxtp -> student sees the bright potion
ake jxdgeh uxpo swaykej -> the silver king watches
Now, decrypt the following text: janfepa eqldthej whtnpf gxddwoe",student explores around village,Cipher,unknown_query_chars
bc7f14d1,"In Alice's Wonderland, a secret set of transformation rules is applied to equations. Below are a few examples:
67&31 = 98
44{46 = 02{
61:01 = 061
Now, determine the result for: 79&45",151,Equation,length_mismatch
bc83b0a1,"In Alice's Wonderland, a secret set of transformation rules is applied to equations. Below are a few examples:
!!*>( = !!>(
&{*!/ = &{!/
&{*{) = &{{)
&|?(& = &\{[
>)""&! = {/
Now, determine the result for: (/*&{",(/&{,Equation,length_mismatch
bc9856fc,"In Alice's Wonderland, secret encryption rules are used on text. Here are some examples:
cas yreu uzhvac yhtogqset -> the dark knight discovers
rihos tcfyhst xfkkis -> alice studies puzzle
cas lrvhori jhkrey pgfzy -> the magical wizard found
Now, decrypt the following text: yervgz tsst rmgqs ortcis",dragon sees above castle,Cipher,unknown_query_chars
bca230fd,"In Alice's Wonderland, a secret set of transformation rules is applied to equations. Below are a few examples:
$<:<^ = :]{
$'*\$ = \^'
')*]' = $)\)
<'*{$ = $^''
$$`]! = $$]!
Now, determine the result for: !<`[$",!<[$,Equation,length_mismatch
bcb0993a,"In Alice's Wonderland, a secret set of transformation rules is applied to equations. Below are a few examples:
{(-{"" = :(!
||'[{ = [(\(
|\+{` = +""[
Now, determine the result for: [(-""`",!!!,Equation,length_mismatch
bce10d97,"In Alice's Wonderland, a secret set of transformation rules is applied to equations. Below are a few examples:
41*84 = 8441
45+21 = 66
95+58 = 441
21*83 = 8321
Now, determine the result for: 31-45",2,Equation,length_mismatch
bcfa36d2,"In Alice's Wonderland, secret encryption rules are used on text. Here are some examples:
eloomg igljq yaqyim xdmla -> hatter draws inside ocean
qopimao vxzzxjq kprrzm -> student follows puzzle
hayneo delqmq qoxgf -> knight chases story
Now, decrypt the following text: glwwyo delqmq wxxh",rabbit chases book,Cipher,unknown_query_chars
bcff7dbe,"In Alice's Wonderland, a secret set of transformation rules is applied to equations. Below are a few examples:
[[-#& = /[
>}-)> = [#
>/+/} = @)
Now, determine the result for: #)-[#",>[,Equation,length_mismatch
bd01bfeb,"In Alice's Wonderland, a secret set of transformation rules is applied to equations. Below are a few examples:
""#-""{ = '
'?*'& = ##?
?&-^& = -{:
Now, determine the result for: ""#-&&",&^,Equation,length_mismatch
bd2c459a,"In Alice's Wonderland, secret encryption rules are used on text. Here are some examples:
zfhxtc nrmfk uqy -> knight found map
shaqgk kgoqub cto qfjhofc uobbqxo -> wizard dreams the ancient message
qihjo khbjrpogb ctgrmxt srfkogiqfk -> alice discovers through wonderland
cto thkkof zfhxtc nrmfk -> the hidden knight found
gqwwhc boob qgrmfk pqiiod -> rabbit sees around valley
Now, decrypt the following text: cto qfjhofc coqjtog ovyirgob",the ancient teacher explores,Cipher,unknown_query_chars
bd36a922,"In Alice's Wonderland, a secret set of transformation rules is applied to equations. Below are a few examples:
$:?<! = />
[|'/$ = [|/$
|>?[> = /:
Now, determine the result for: <>?![",?(,Equation,length_mismatch
bd3787e3,"In Alice's Wonderland, secret encryption rules are used on text. Here are some examples:
xzpyjb rzknct nvc tkdqcz mjjh -> dragon writes the silver book
mkzx caedjzct kb ujibnpkb -> bird explores in mountain
nizndc rpnlvct nvc lizkjit nzcptizc -> turtle watches the curious treasure
Now, decrypt the following text: tnixcbn lzcpnct mcgjbx epdplc",student creates beyond palace,Cipher,unknown_query_chars
bd4c584a,"In Alice's Wonderland, a secret set of transformation rules is applied to equations. Below are a few examples:
33$77 = 1452
97|76 = 21|
67|91 = 75|
42|97 = 55|
87$95 = 2064
Now, determine the result for: 02$79",0491,Equation,length_mismatch
bd8aa942,"In Alice's Wonderland, a secret set of transformation rules is applied to equations. Below are a few examples:
45*46 = 92
24*76 = 101
98}78 = 7644
99*53 = 153
Now, determine the result for: 33}57",1881,Equation,length_mismatch
bdca0fac,"In Alice's Wonderland, a secret set of transformation rules is applied to equations. Below are a few examples:
71-32 = -6
35+63 = 6335
69*27 = 2196
39+09 = 0939
Now, determine the result for: 45*89",2925,Equation,length_mismatch
bddbab0c,"In Alice's Wonderland, secret encryption rules are used on text. Here are some examples:
eph pjsshu nojumhyy dojehy -> the hidden princess writes
kljmh hanlwohy xwohye -> alice explores forest
zjos sjymwthoy eph mlhtho zwwq -> bird discovers the clever book
qujgpe sokdy moryekl -> knight draws crystal
Now, decrypt the following text: djvkos xwllwdy gkoshu",wizard follows garden,Cipher,unknown_query_chars
be0a10de,"In Alice's Wonderland, a secret set of transformation rules is applied to equations. Below are a few examples:
\\(\[ = (!
]$?""} = )>$
)""@"""" = )[[$
)$?!> = '[
Now, determine the result for: $!?]!",""">",Equation,length_mismatch
be5971d7,"In Alice's Wonderland, a secret set of transformation rules is applied to equations. Below are a few examples:
09+17 = 161
11+44 = 55
43*07 = 0743
Now, determine the result for: 18-32",-85,Equation,length_mismatch
be69c49f,"In Alice's Wonderland, secret encryption rules are used on text. Here are some examples:
lyaafz xltyip zgt rwlfbwp rlopzye -> rabbit dreams the curious crystal
gyzztl hyzrgtp zgt iynfrye rypzet -> hatter watches the magical castle
ulfmrtpp rltyztp zgt iynfrye nylxtm -> princess creates the magical garden
Now, decrypt the following text: ryz rgyptp qto",cat chases key,Cipher,unknown_query_chars
be7101dc,"In Alice's Wonderland, a secret set of transformation rules is applied to equations. Below are a few examples:
[#*[: = */
[%""^\ = [%^\
[\+#& = %^^&
:)+}^ = ^^:\
/&+:/ = :/&
Now, determine the result for: %/+^#",\:%#,Equation,length_mismatch
be7a9eb1,"In Alice's Wonderland, a secret set of transformation rules is applied to equations. Below are a few examples:
'@&%] = %:'?
][""]> = %?
%`\]> = ]'?
Now, determine the result for: ?]&[]",[]`',Equation,length_mismatch
be877da5,"In Alice's Wonderland, a secret set of transformation rules is applied to equations. Below are a few examples:
09+03 = 0309
56*05 = 1523
77*02 = 1451
Now, determine the result for: 93-91",02,Equation,length_mismatch
bebb9447,"In Alice's Wonderland, a secret set of transformation rules is applied to equations. Below are a few examples:
#(-!"" = %$
%@*(% = ##]
""%-(] = ]>
!]*$! = @%|$
""]*!"" = @>@(
Now, determine the result for: >(-$>",%#,Equation,length_mismatch
bf08c301,"In Alice's Wonderland, secret encryption rules are used on text. Here are some examples:
rxyu foanqn voq fwqgqz ejjr -> king chases the clever book
bzaujy nvdbxqn fanvwq -> dragon studies castle
nvdbqyv bzqacn voq ayfxqyv cqnnauq -> student dreams the ancient message
Now, decrypt the following text: sxtazb szxvqn uazbqy",wizard writes garden,Cipher,unknown_query_chars
bf2220e7,"In Alice's Wonderland, a secret set of transformation rules is applied to equations. Below are a few examples:
|^+|` = |^|`
#@+`) = #@`)
^#*#: = ^##:
^:*`"" = ^:`""
Now, determine the result for: (:-(""",:,Equation,length_mismatch
bf4bd858,"In Alice's Wonderland, a secret set of transformation rules is applied to equations. Below are a few examples:
95@84 = 601
06@89 = 751
21`22 = 462
46&15 = 31
39`93 = 7263
Now, determine the result for: 98@31",101,Equation,length_mismatch
bf52169b,"In Alice's Wonderland, secret encryption rules are used on text. Here are some examples:
khlg dajjaeu qyssjo -> king follows puzzle
vfo mxuvobhayu pbcgal uoou -> the mysterious dragon sees
uvypolv wbocvou vfo pcbk mhbbab -> student creates the dark mirror
Now, decrypt the following text: vfo wjorob ehscbp bocpu",the clever wizard reads,Cipher,unknown_query_chars
bfb9b15c,"In Alice's Wonderland, secret encryption rules are used on text. Here are some examples:
hspnesx jxspwm hexkdue mnekkc -> teacher dreams through school
ydssg jxspwm wpv -> queen dreams map
foqpxj fphnesm hes mocrsx msnxsh -> wizard watches the silver secret
hes ncsrsx iogu xspjm -> the clever king reads
hdxhcs xspjm hes msnxsh vdqqcs -> turtle reads the secret puzzle
Now, decrypt the following text: ephhsx lkdgj vkhokg",hatter found potion,Cipher,unknown_query_chars
bfcb26ab,"In Alice's Wonderland, secret encryption rules are used on text. Here are some examples:
xyvja hzxnr ika nvra jzcrixy -> alice draws the wise crystal
iaxjkaz nxijkar ika dqyhal jzcrixy -> teacher watches the golden crystal
ika rizxlda iaxjkaz raar -> the strange teacher sees
Now, decrypt the following text: ika jezvqer meaal riehvar",the curious queen studies,Cipher,unknown_query_chars
bfe3a828,"In Alice's Wonderland, secret encryption rules are used on text. Here are some examples:
zxffm durkfh ksf gxurnxh bfa -> queen writes the curious key
kxukif rqplrmfh xmofu lpuofm -> turtle imagines under garden
zxffm oupdh vxccif -> queen draws puzzle
Now, decrypt the following text: ksf opub yruo wniindh",the dark bird follows,Cipher,unknown_query_chars
c00f2605,"In Alice's Wonderland, a secret set of transformation rules is applied to equations. Below are a few examples:
$]*[$ = $][$
""{-^& = ??
{^*&? = {^&?
[]*?] = []?]
Now, determine the result for: ?[-^&","&""",Equation,length_mismatch
c01cebb4,"In Alice's Wonderland, a secret set of transformation rules is applied to equations. Below are a few examples:
/[*{} = '}`{
<{+// = }})
</-)[ = -'!
{/+{[ = !!
Now, determine the result for: ')-<$",-[},Equation,length_mismatch
c0289d26,"In Alice's Wonderland, secret encryption rules are used on text. Here are some examples:
iyfk ywncydrh yd vyppncr -> bird imagines in village
qer hrafrq qmfqpr kyhabvrfh -> the secret turtle discovers
oyunfk hqmkyrh mdkrf anhqpr -> wizard studies under castle
Now, decrypt the following text: kfncbd tbppboh qefbmce anhqpr",dragon follows through castle,Cipher,unknown_query_chars
c02c8a9c,"In Alice's Wonderland, secret encryption rules are used on text. Here are some examples:
bwj vwjbtau gauuwla -> cat watches message
ekxltj yissivu jta ujcwkla gwn -> knight follows the strange map
giqua yiqkr jta vxua gwn -> mouse found the wise map
Now, decrypt the following text: jta bsapac ujqrakj rcwvu",the clever student draws,Cipher,unknown_query_chars
c05828eb,"In Alice's Wonderland, a secret set of transformation rules is applied to equations. Below are a few examples:
@!-@% = -)|
(!+!> = )@
)!+&( = &)/
)%-""@ = @
Now, determine the result for: )>-!@",-!|,Equation,length_mismatch
c06e61a2,"In Alice's Wonderland, a secret set of transformation rules is applied to equations. Below are a few examples:
25+15 = 401
23*65 = 6523
32*79 = 7932
15*41 = 4115
Now, determine the result for: 34+84",29,Equation,length_mismatch
c09035ce,"In Alice's Wonderland, secret encryption rules are used on text. Here are some examples:
olj weyyesk lzeum olkjym -> cat follows above castle
jcm ogfhegk olj wegrn -> the curious cat found
jcm zfhtcj flzzhj weyyesk -> the bright rabbit follows
jcm oeyefwgy zhfn mbdyefmk -> the colorful bird explores
vrhtcj kmmk jcm ogfhegk ofxkjly -> knight sees the curious crystal
Now, decrypt the following text: jgfjym hilthrmk lfegrn olum",turtle imagines around cave,Cipher,unknown_query_chars
c0dd90c0,"In Alice's Wonderland, a secret set of transformation rules is applied to equations. Below are a few examples:
34*65 = 100
27!25 = 675
28!40 = 1120
85(92 = 7
Now, determine the result for: 23(45",22,Equation,length_mismatch
c0f32a1e,"In Alice's Wonderland, a secret set of transformation rules is applied to equations. Below are a few examples:
54+03 = 67
03+86 = 99
18*29 = 2547
84+36 = 211
14-79 = 65
Now, determine the result for: 92*02",085,Equation,length_mismatch
c0f7a38b,"In Alice's Wonderland, secret encryption rules are used on text. Here are some examples:
wycni ltfnin mti nmafubi pix -> mouse chases the strange key
pudbtm qycug laxnmfj -> knight found crystal
mti nmafubi odag qyjjykn -> the strange bird follows
wycni gaifwn mti lcadycn gyya -> mouse dreams the curious door
kdvfag ltfnin uifa jdoafax -> wizard chases near library
Now, decrypt the following text: mifltia gdnlyzian wfs",teacher discovers map,Cipher,unknown_query_chars
c11777c0,"In Alice's Wonderland, a secret set of transformation rules is applied to equations. Below are a few examples:
36]04 = 32
74:33 = 3374
83]77 = ]93
81]76 = ]94
34?86 = 111
Now, determine the result for: 22?34",56,Equation,length_mismatch
c118f5ce,"In Alice's Wonderland, secret encryption rules are used on text. Here are some examples:
xquxvl buldxlc eldu ndvdbl -> turtle creates near palace
xldbslu oudfc mduole -> teacher draws garden
xldbslu cxqoklc orru -> teacher studies door
xsl skoole udppkx grvvrfc -> the hidden rabbit follows
xldbslu ktdmkelc dprzl cbsrrv -> teacher imagines above school
Now, decrypt the following text: xldbslu bsdclc xsl brvrugqv hlw",teacher chases the colorful key,Cipher,unknown_query_chars
c132886a,"In Alice's Wonderland, secret encryption rules are used on text. Here are some examples:
sgc ksajqbc ajmmhs pnrrnwk -> the strange rabbit follows
mhai zgjkck sgc zfahnfk sacjkfac -> bird chases the curious treasure
tfccq acjik sgc yjbhzjr yckkjbc -> queen reads the magical message
Now, decrypt the following text: sgc khrdca iajbnq zacjsck",the silver dragon creates,Cipher,unknown_query_chars
c170f7d4,"In Alice's Wonderland, a secret set of transformation rules is applied to equations. Below are a few examples:
82-22 = 6
02-66 = -64
26+67 = 6726
83*15 = 1583
33*06 = 0633
Now, determine the result for: 01-16",-15,Equation,length_mismatch
c1ebc77e,"In Alice's Wonderland, secret encryption rules are used on text. Here are some examples:
wyuzmbkk ogjmsbk jsypqas wgegmb -> princess watches through palace
jsb sunnbz ruyn fpeepok -> the hidden bird follows
nygapz fpqzn mytkjge -> dragon found crystal
Now, decrypt the following text: ruyn nygok iuyypy",bird draws mirror,Cipher,unknown_query_chars
c1f7f792,"In Alice's Wonderland, secret encryption rules are used on text. Here are some examples:
agyycz fhqtvjczq rwfcz yvpcz -> hatter discovers under tower
khzf qccq yac ahffcw dcqqgxc -> bird sees the hidden message
dvrqc fzgpq gzvrwf bvzcqy -> mouse draws around forest
Now, decrypt the following text: ehwx pzhycq ecm",king writes key,Cipher,unknown_query_chars
c2199ff2,"In Alice's Wonderland, a secret set of transformation rules is applied to equations. Below are a few examples:
31+57 = 26
93+42 = 51
17+21 = 95
78{51 = 201
17(22 = 2651
Now, determine the result for: 37(79",1807,Equation,length_mismatch
c23b8942,"In Alice's Wonderland, secret encryption rules are used on text. Here are some examples:
bcrsvce uezbch bvc hcsecb aremcq -> teacher writes the secret garden
vrbbce gkppkuh bvc vzmmcq hcsecb -> hatter follows the hidden secret
hbwmcqb mzhskyceh bvc akpmcq jkkt -> student discovers the golden book
bvc oxhbcezkwh merakq gkwqm -> the mysterious dragon found
hbwmcqb hcch gkechb -> student sees forest
Now, decrypt the following text: tzqa zorazqch bvc mret ikbzkq",king imagines the dark potion,Cipher,unknown_query_chars
c24074a8,"In Alice's Wonderland, a secret set of transformation rules is applied to equations. Below are a few examples:
??#(& = #]/
]/#|/ = #}<
?|>?] = /()}
}}>?< = ?|%
}/>?) = )&}
Now, determine the result for: ]]`]%",&/,Equation,length_mismatch
c24b3e52,"In Alice's Wonderland, secret encryption rules are used on text. Here are some examples:
hdiirj saas jphmzqp kmztjdrt -> rabbit sees through mountain
hdiirj ndjvpas sjmhb -> rabbit watches story
yhdqmt yhadks ztyah nmtyahcdty -> dragon dreams under wonderland
kmzsa saas ozggca -> mouse sees puzzle
jadvpah aeocmhas jpa srcuah jhadszha -> teacher explores the silver treasure
Now, decrypt the following text: lzaat saas qdhyat",queen sees garden,Cipher,unknown_query_chars
c2661ca8,"In Alice's Wonderland, secret encryption rules are used on text. Here are some examples:
igliyt zxwsmrtlw klmghz skwiyt -> turtle discovers around castle
qkiitl sqkwtw omltwi -> hatter chases forest
iqt wtslti kyxst ulxitw -> the secret alice writes
vxlz ukisqtw ghztl yxvlklc -> bird watches under library
Now, decrypt the following text: itksqtl zltkbw iqt amyzth bxllml",teacher dreams the golden mirror,Cipher,unknown_query_chars
c2871699,"In Alice's Wonderland, secret encryption rules are used on text. Here are some examples:
gnkpqm cqtplts lut unmmtr hokkat -> wizard creates the hidden puzzle
loqlat mqpgs vph -> turtle draws map
gnkpqm gqnlts rtpq bjqtsl -> wizard writes near forest
inrx bjorm rtpq ljgtq -> king found near tower
Now, decrypt the following text: vjost mnscjytqs hokkat",mouse discovers puzzle,Cipher,unknown_query_chars
c2945f2c,"In Alice's Wonderland, a secret set of transformation rules is applied to equations. Below are a few examples:
81+79 = 511
19-41 = 7
58-87 = 7
Now, determine the result for: 07*79",1976,Equation,length_mismatch
c29dbe95,"In Alice's Wonderland, secret encryption rules are used on text. Here are some examples:
cepzom cepgj imcre nldepea -> dragon draws under library
boijr cljwokrej soerjf -> mouse discovers forest
jficrmf gelfrj ferpjier -> student writes treasure
fiefnr werpfrj fyr wonoesin zpecrm -> turtle creates the colorful garden
Now, decrypt the following text: qmlzyf gelfrj lm fogre",knight writes in tower,Cipher,unknown_query_chars
c2c2cacf,"In Alice's Wonderland, secret encryption rules are used on text. Here are some examples:
nlt esqsbdoq knomtrn pfyxprtk -> the colorful student imagines
nlt kpqitb eyn ebtyntk -> the silver cat creates
aprx mpkesitbk nlt eobpsok gssa -> king discovers the curious book
nlt fhkntbpsok ntyeltb pfyxprtk -> the mysterious teacher imagines
Now, decrypt the following text: vottr kttk fpbbsb",queen sees mirror,Cipher,unknown_query_chars
c31c1019,"In Alice's Wonderland, secret encryption rules are used on text. Here are some examples:
ocytk vuhtkt ditdqk xhmqki -> mouse chases inside garden
fuk ohxdvhn uhffkm mkhqt -> the magical hatter reads
mhrrdf qdtvcpkmt fumcyxu vhtfnk -> rabbit discovers through castle
smdivktt mkhqt ditdqk vhtfnk -> princess reads inside castle
Now, decrypt the following text: vhf bcnnclt bcmktf",cat follows forest,Cipher,unknown_query_chars
c32681cb,"In Alice's Wonderland, a secret set of transformation rules is applied to equations. Below are a few examples:
$<*&& = [%<
&)*<$ = @""&[
%&*@@ = `&|
Now, determine the result for: &$-)|",<&,Equation,length_mismatch
c32d2c2c,"In Alice's Wonderland, secret encryption rules are used on text. Here are some examples:
uwy ivpuyhbckp fkyya gckaq -> the mysterious queen found
oblthq pyyp tjcry ucoyh -> wizard sees above tower
htjjbu gckaq uwy ivpuyhbckp pydhyu -> rabbit found the mysterious secret
xhbadypp hytqp dtpuzy -> princess reads castle
oblthq gczzcop tjcry cdyta -> wizard follows above ocean
Now, decrypt the following text: pukqyau hytqp uwy puhtaey jccs",student reads the strange book,Cipher,unknown_query_chars
c32e1c7b,"In Alice's Wonderland, a secret set of transformation rules is applied to equations. Below are a few examples:
\[%&$ = &}""$
\`|': = [[`
`\%\& = `&'""
'/|$} = [:$
Now, determine the result for: \&|$`",[$[,Equation,length_mismatch
c35cbfaa,"In Alice's Wonderland, secret encryption rules are used on text. Here are some examples:
nqoamqb hxoyhvqc vqob yobzqv -> teacher imagines near garden
zboywv amocqc nmq xlcnqbhwsc kql -> dragon chases the mysterious key
nmq xlcnqbhwsc nqoamqb gwsvz -> the mysterious teacher found
monnqb zhcawrqbc xoj -> hatter discovers map
Now, decrypt the following text: nsbniq qpjiwbqc nmq xlcnqbhwsc nbqocsbq",turtle explores the mysterious treasure,Cipher,unknown_query_chars
c36667cc,"In Alice's Wonderland, secret encryption rules are used on text. Here are some examples:
aupld ewsvfdl wnupyq gltwyq -> mouse watches around island
qnwzuy vndwsdl gy gltwyq -> dragon creates in island
sfd wyvgdys egjwnq outtuel -> the ancient wizard follows
fwssdn qglvuidnl sfd arlsdngupl vwlstd -> hatter discovers the mysterious castle
Now, decrypt the following text: lspqdys lspqgdl huux",student studies book,Cipher,unknown_query_chars
c37a2a23,"In Alice's Wonderland, a secret set of transformation rules is applied to equations. Below are a few examples:
15-79 = 95
94""45 = 4230
73""66 = 4818
50-90 = 141
Now, determine the result for: 90""65",5850,Equation,length_mismatch
c37e694c,"In Alice's Wonderland, a secret set of transformation rules is applied to equations. Below are a few examples:
'}*&@ = '&{/
'/-%> = %
&\-/] = }
Now, determine the result for: /{*{\",{&\\,Equation,length_mismatch
c38256ce,"In Alice's Wonderland, secret encryption rules are used on text. Here are some examples:
pissky niyhawb bwhpwy -> rabbit watches secret
yupyqw hpwiywb hptbyiq -> turtle creates crystal
hiy lpwixb kjbklw qkspipt -> cat dreams inside library
skpl bwwb jwip hifw -> bird sees near cave
Now, decrypt the following text: ruwwj lkbhgfwpb yaw akllwj ypwibupw",queen discovers the hidden treasure,Cipher,unknown_query_chars
c3b430b1,"In Alice's Wonderland, secret encryption rules are used on text. Here are some examples:
hix nylx ichhxv vxctl -> the wise hatter reads
hix lhvcafx hbvhpx tvxcjl -> the strange turtle dreams
jzblx rzbat oxdzat rzvxlh -> mouse found beyond forest
hix gbvyzbl qyaf lxxl -> the curious king sees
hxcgixv yjcfyaxl ya fcvtxa -> teacher imagines in garden
Now, decrypt the following text: mvyagxll rzbat mzhyza",princess found potion,Cipher,unknown_query_chars
c3c025aa,"In Alice's Wonderland, secret encryption rules are used on text. Here are some examples:
seutkeo meem skoalpk jaoems -> teacher sees through forest
slosfe mslgxem ske hxme jaoems -> turtle studies the wise forest
yleeq mslgxem ske tloxalm bxooao -> queen studies the curious mirror
Now, decrypt the following text: hxruog hoxsem zedaqg haqgeofuqg",wizard writes beyond wonderland,Cipher,unknown_query_chars
c3d00ce8,"In Alice's Wonderland, secret encryption rules are used on text. Here are some examples:
faxrhp gxueynzmu phz eqznzm pmzvuwmz -> knight discovers the clever treasure
faxrhp jywag evupqz -> knight found castle
hvppzm gxueynzmu phz eyqymjwq sypxya -> hatter discovers the colorful potion
Now, decrypt the following text: faxrhp gmzvbu azvm nvqqzl",knight dreams near valley,Cipher,unknown_query_chars
c3d2893c,"In Alice's Wonderland, secret encryption rules are used on text. Here are some examples:
yfr jybwdxr bwlliy ewynfrj -> the strange rabbit watches
yfr jigsrb yrwnfrb jykqirj -> the silver teacher studies
bwlliy mvkdq arp -> rabbit found key
Now, decrypt the following text: zbidnrjj ebiyrj yfr qwba hibbvb",princess writes the dark mirror,Cipher,unknown_query_chars
c40a535a,"In Alice's Wonderland, secret encryption rules are used on text. Here are some examples:
jvujrs qssq jxs xbeesl psqqyas -> turtle sees the hidden message
qjveslj qjvebsq zufqjyr -> student studies crystal
euyaml eusypq jxs zrsisu zufqjyr -> dragon dreams the clever crystal
jxs ylzbslj glbaxj qssq -> the ancient knight sees
Now, decrypt the following text: hvssl eusypq jxs pfqjsubmvq pbuumu",queen dreams the mysterious mirror,Cipher,unknown_query_chars
c413ac69,"In Alice's Wonderland, a secret set of transformation rules is applied to equations. Below are a few examples:
^""*{: = /{{
{]*""^ = """"/
/]+}% = {^%
Now, determine the result for: ^}+}:","{""]",Equation,length_mismatch
c4293a0d,"In Alice's Wonderland, secret encryption rules are used on text. Here are some examples:
yzd yvozdor dho ziytoid yvsrdzf -> cat creates the ancient crystal
xbooi vozlr uqdtqi -> queen reads potion
zftyo ltryqcovr dho jzatyzf jtvvqv -> alice discovers the magical mirror
Now, decrypt the following text: dho yqfqvkbf hzddov mvtdor",the colorful hatter writes,Cipher,unknown_query_chars
c43b5a13,"In Alice's Wonderland, a secret set of transformation rules is applied to equations. Below are a few examples:
/:+<{ = |<
|&-/| = {|
$(+){ = |{
Now, determine the result for: $)+:$",)|,Equation,length_mismatch
c455f908,"In Alice's Wonderland, secret encryption rules are used on text. Here are some examples:
lymmx emjiu unteh -> queen reads story
ndm atpimx unyimxn unyivmu -> the golden student studies
ndm atpimx lymmx wtpptru -> the golden queen follows
fvxa wtyxi btnvtx -> king found potion
Now, decrypt the following text: nyenpm gemjnmu fmh",turtle creates key,Cipher,unknown_query_chars
c49cd1bb,"In Alice's Wonderland, secret encryption rules are used on text. Here are some examples:
zgqqdt mqrundm qzd jgbnlgw mdltdq -> hatter studies the magical secret
utgbey utgkm ryudt bgtudy -> dragon draws under garden
qzd knmd qrtqwd dxowetdm -> the wise turtle explores
mqrudyq dxowetdm qzd mqtgybd idv -> student explores the strange key
Now, decrypt the following text: qzd mdltdq fntu kgqlzdm",the secret bird watches,Cipher,unknown_query_chars
c4b15c03,"In Alice's Wonderland, secret encryption rules are used on text. Here are some examples:
ivky kdpyu hxfvxo -> bird reads potion
kpiivf ufmyvdu fnd ufkpojd hmaaed -> rabbit studies the strange puzzle
pevbd kdpyu fnd bmkvxmu hxfvxo -> alice reads the curious potion
fnd ypkl qxmud kdpyu -> the dark mouse reads
Now, decrypt the following text: lvoj dghexkdu pixsd ubnxxe",king explores above school,Cipher,unknown_query_chars
c4e0b4e0,"In Alice's Wonderland, secret encryption rules are used on text. Here are some examples:
bqmv vquexosmu crs rqvvsn cmsyulms -> bird discovers the hidden treasure
klssn msyvu crs exzxmplz aqmmxm -> queen reads the colorful mirror
clmczs gycersu ybxos eyos -> turtle watches above cave
gqjymv vmsyau crs ucmynis eyuczs -> wizard dreams the strange castle
vmyixn vquexosmu ucxmh -> dragon discovers story
Now, decrypt the following text: crs rqvvsn dqni uclvqsu",the hidden king studies,Cipher,unknown_query_chars
c4f66ede,"In Alice's Wonderland, a secret set of transformation rules is applied to equations. Below are a few examples:
09+64 = 531
37-85 = 51
55*31 = 3155
79*93 = 9379
Now, determine the result for: 25*61",6125,Equation,length_mismatch
c51cfc80,"In Alice's Wonderland, secret encryption rules are used on text. Here are some examples:
gejmaeo rjgmaev yejo mjte -> teacher watches near cave
cysqag veev syvsie lkoevg -> knight sees inside forest
cysqag sujqsyev gaokpqa mjte -> knight imagines through cave
Now, decrypt the following text: iojqky majvev gae mheteo vgkof",dragon chases the clever story,Cipher,unknown_query_chars
c541eb82,"In Alice's Wonderland, a secret set of transformation rules is applied to equations. Below are a few examples:
68-93 = 74
39-26 = 13
93-46 = -52
81-67 = -85
Now, determine the result for: 47-48",-01,Equation,length_mismatch
c546a072,"In Alice's Wonderland, secret encryption rules are used on text. Here are some examples:
nuv tuvnols mljdqk rugklq -> cat watches beyond garden
xhqr wdcqk vol mghrov elssurl -> king found the bright message
vlunolg tghvls qlug tdqklgfuqk -> teacher writes near wonderland
nuv kguts vol mghrov vgluscgl -> cat draws the bright treasure
vol slnglv ufhnl kguts -> the secret alice draws
Now, decrypt the following text: svcklqv gluks vol ohkklq pcbbfl",student reads the hidden puzzle,Cipher,unknown_query_chars
c561264c,"In Alice's Wonderland, a secret set of transformation rules is applied to equations. Below are a few examples:
54-34 = 2
42-01 = 41
86-52 = 34
93-35 = -41
46*72 = 7246
Now, determine the result for: 79+02",0279,Equation,length_mismatch
c564145e,"In Alice's Wonderland, secret encryption rules are used on text. Here are some examples:
iwcnhdw ytxwhi wjh yxih nvvt -> student writes the wise door
ntlevd fvcdn wjh ixzght sla -> dragon found the silver map
wjh ixzght lzxph nthlsi -> the silver alice dreams
Now, decrypt the following text: mxde ytxwhi fvthiw",king writes forest,Cipher,unknown_query_chars
c5955a0a,"In Alice's Wonderland, a secret set of transformation rules is applied to equations. Below are a few examples:
$:-[[ = (&
:?-)[ = $
$(-&$ = &$
Now, determine the result for: &:-&|",@',Equation,length_mismatch
c5ac66d3,"In Alice's Wonderland, secret encryption rules are used on text. Here are some examples:
gozzxy xfopxuvn yev cjvtvg nywga -> rabbit imagines the clever story
kxmogi nvvn fvnnopv -> wizard sees message
nyrivuy cgvoyvn yev cwjwgdrj hrmmjv -> student creates the colorful puzzle
Now, decrypt the following text: luxpey dwjjwkn yev fanyvgxwrn fvnnopv",knight follows the mysterious message,Cipher,unknown_query_chars
c5b058d6,"In Alice's Wonderland, a secret set of transformation rules is applied to equations. Below are a few examples:
72)27 = 99
26#48 = 22
42#45 = 3
24#14 = 10
Now, determine the result for: 94)40",134,Equation,length_mismatch
c5bf415c,"In Alice's Wonderland, a secret set of transformation rules is applied to equations. Below are a few examples:
|>+<< = <^[
|<*^^ = |>>
[`+%[ = >%
<@+<: = >^[
`%*<` = <`><
Now, determine the result for: `<+^@",>:[,Equation,length_mismatch
c613082a,"In Alice's Wonderland, a secret set of transformation rules is applied to equations. Below are a few examples:
24-35 = -11
19+49 = 481
82+02 = 74
09-63 = 45
Now, determine the result for: 78-47",31,Equation,length_mismatch
c62e9b7d,"In Alice's Wonderland, secret encryption rules are used on text. Here are some examples:
bskkyc jcysvw kby hxyayc kcyswmcy -> hatter dreams the clever treasure
vomwy iskhbyw hcdwksx -> mouse watches crystal
cszzlk jcysvw kcyswmcy -> rabbit dreams treasure
kby zclebk kyshbyc lvselpyw -> the bright teacher imagines
Now, decrypt the following text: ulpe jlwhoaycw kby wyhcyk uyd",king discovers the secret key,Cipher,unknown_query_chars
c6357a21,"In Alice's Wonderland, secret encryption rules are used on text. Here are some examples:
kef iwpjfwk kfipefx hffh -> the ancient teacher sees
pik peihfh rqkjqw -> cat chases potion
kfipefx sxjkfh kef hjdtfx hkqxu -> teacher writes the silver story
sjaixb peihfh kexqvoe kqsfx -> wizard chases through tower
Now, decrypt the following text: bxioqw lqddqsh kef pvxjqvh cfhhiof",dragon follows the curious message,Cipher,unknown_query_chars
c63d55a7,"In Alice's Wonderland, secret encryption rules are used on text. Here are some examples:
coxi ajvioga lcutg oarldi -> bird studies above island
pxodsgaa ixlfa zuxgaj -> princess draws forest
ixleud zuvdi jqg svxouva pvhhrg -> dragon found the curious puzzle
jqg ykajgxouva nvggd xglia -> the mysterious queen reads
Now, decrypt the following text: mode oyleodga vdigx slajrg",king imagines under castle,Cipher,unknown_query_chars
c67e461d,"In Alice's Wonderland, secret encryption rules are used on text. Here are some examples:
amhir fcpes fctrbj -> alice found forest
jwr aeihrej iaj iwabrb -> the ancient cat chases
kcpbr bjpshrb kax -> mouse studies map
kcpbr itrajrb erat hbmaes -> mouse creates near island
dhts staqb britrj -> bird draws secret
Now, decrypt the following text: wajjrt bjpshrb grv",hatter studies key,Cipher,unknown_query_chars
c6961082,"In Alice's Wonderland, a secret set of transformation rules is applied to equations. Below are a few examples:
55'82 = '27
27'50 = '23
54'75 = '21
84'23 = '61
64'64 = 0
Now, determine the result for: 69]99",6831,Equation,length_mismatch
c69b17bf,"In Alice's Wonderland, a secret set of transformation rules is applied to equations. Below are a few examples:
)%-%> = `)
?>+)$ = &^
:&+/& = ??>
Now, determine the result for: )^-$)",?),Equation,length_mismatch
c6c75305,"In Alice's Wonderland, a secret set of transformation rules is applied to equations. Below are a few examples:
""$+}% = }%""$
\$+(` = (`\$
""}*\"" = >""/""
Now, determine the result for: `}*//",/\}%,Equation,length_mismatch
c6da25af,"In Alice's Wonderland, a secret set of transformation rules is applied to equations. Below are a few examples:
65+76 = 2573
21:89 = 68
13+76 = 7702
Now, determine the result for: 16}95",121,Equation,length_mismatch
c6e60b82,"In Alice's Wonderland, a secret set of transformation rules is applied to equations. Below are a few examples:
#[<#| = :>
()%\} = #\
)#%:} = )@
Now, determine the result for: #[<[|",@),Equation,length_mismatch
c7420a23,"In Alice's Wonderland, a secret set of transformation rules is applied to equations. Below are a few examples:
34]17 = 578
78^63 = 142
16$83 = 67
39$17 = 22
84^62 = 147
Now, determine the result for: 42$75",33,Equation,length_mismatch
c744d26e,"In Alice's Wonderland, a secret set of transformation rules is applied to equations. Below are a few examples:
'[*|} = '[|}
|>*>> = |>>>
}|+## = '/
?`+># = #`>
|>*%` = |>%`
Now, determine the result for: %'+?>",#>/,Equation,length_mismatch
c748b04f,"In Alice's Wonderland, a secret set of transformation rules is applied to equations. Below are a few examples:
29-11 = 4
85+29 = 151
42+12 = 64
81*08 = 0441
Now, determine the result for: 97+67",651,Equation,length_mismatch
c763054a,"In Alice's Wonderland, a secret set of transformation rules is applied to equations. Below are a few examples:
66*66 = 6666
24*32 = 3224
91*47 = 4791
62+96 = 59
29*55 = 5529
Now, determine the result for: 97-12",85,Equation,length_mismatch
c763ba87,"In Alice's Wonderland, secret encryption rules are used on text. Here are some examples:
rvscytv gmhigtyr cqqa -> student imagines door
nhv cahzr gt grjhtc -> cat draws in island
vky zgry nhv ryyr -> the wise cat sees
vyhnkya ayhcr dyoqtc jgdahao -> teacher reads beyond library
dgac zagvyr gtrgcy xgjjhiy -> bird writes inside village
Now, decrypt the following text: ltgikv gmhigtyr usbbjy",knight imagines puzzle,Cipher,unknown_query_chars
c76fc189,"In Alice's Wonderland, a secret set of transformation rules is applied to equations. Below are a few examples:
>&*]] = (<!&
!#*!# = !][]
(!-<# = ->>
Now, determine the result for: >&-!!",-(<,Equation,length_mismatch
c7844441,"In Alice's Wonderland, a secret set of transformation rules is applied to equations. Below are a few examples:
^%|:> = |%<
<:|/: = |&`
/&|<: = @$
&>}%% = $@
:`}>$ = %<$
Now, determine the result for: :/[$^",:/$^,Equation,length_mismatch
c7a7b13a,"In Alice's Wonderland, a secret set of transformation rules is applied to equations. Below are a few examples:
52+61 = 14
59-75 = 83
89+89 = 691
78*61 = 3931
75*28 = 5764
Now, determine the result for: 93-29",35,Equation,length_mismatch
c7aae192,"In Alice's Wonderland, a secret set of transformation rules is applied to equations. Below are a few examples:
""}+{"" = ``
#{-{# = >}
{>*(# = {`{\
Now, determine the result for: \""*}}",">""(",Equation,length_mismatch
c7bcab48,"In Alice's Wonderland, a secret set of transformation rules is applied to equations. Below are a few examples:
95+77 = 18
19#54 = 1954
31+13 = 18
49`31 = 4931
Now, determine the result for: 58#99",5899,Equation,length_mismatch
c81411a2,"In Alice's Wonderland, a secret set of transformation rules is applied to equations. Below are a few examples:
31+49 = 701
15*38 = 4324
59-88 = -7
37-03 = -34
82+88 = 611
Now, determine the result for: 73+31",05,Equation,length_mismatch
c84544db,"In Alice's Wonderland, a secret set of transformation rules is applied to equations. Below are a few examples:
18|74 = |56
61|89 = |28
95|59 = 36
13|99 = |86
Now, determine the result for: 20#24",2024,Equation,length_mismatch
c857a727,"In Alice's Wonderland, a secret set of transformation rules is applied to equations. Below are a few examples:
16-65 = 5
09*55 = 0594
96*14 = 9282
68+54 = 231
84-26 = 41
Now, determine the result for: 66*41",429,Equation,length_mismatch
c87ce9ea,"In Alice's Wonderland, a secret set of transformation rules is applied to equations. Below are a few examples:
::>/: = (\""%
("">@! = /#!%
@@]""@ = \
""%)%@ = :/
Now, determine the result for: /:)(/","""""%",Equation,length_mismatch
c87d761a,"In Alice's Wonderland, a secret set of transformation rules is applied to equations. Below are a few examples:
?`->} = }@
?(+\( = '\}
`(+?\ = '`[
Now, determine the result for: ?}+>`",'`(,Equation,length_mismatch
c885e697,"In Alice's Wonderland, a secret set of transformation rules is applied to equations. Below are a few examples:
66-83 = -82
12+59 = 611
55-54 = -01
79+78 = 481
Now, determine the result for: 34*82",8234,Equation,length_mismatch
c8b57f1d,"In Alice's Wonderland, a secret set of transformation rules is applied to equations. Below are a few examples:
""]>|| = \)
)\@)] = %[
%):)\ = /|{]
\)>%"" = %/>
{/@\] = \&
Now, determine the result for: |/>%\",""")",Equation,length_mismatch
c8bcb6a5,"In Alice's Wonderland, secret encryption rules are used on text. Here are some examples:
mgenlgw nwgemgj iajiug teceng -> teacher creates inside palace
fiwu uwgexj mlg nkckwvyc tkmika -> bird dreams the colorful potion
jmyugam oemnlgj efkpg jnlkkc -> student watches above school
Now, decrypt the following text: mlg jmweabg xkyjg uijnkpgwj",the strange mouse discovers,Cipher,unknown_query_chars
c9151e86,"In Alice's Wonderland, a secret set of transformation rules is applied to equations. Below are a few examples:
19*43 = 5903
99*29 = 9019
05-29 = 24
88-83 = 05
Now, determine the result for: 69*31",9421,Equation,length_mismatch
c9168be9,"In Alice's Wonderland, secret encryption rules are used on text. Here are some examples:
lnb kanug qxna lnvx -> cat draws near cave
bhx znyclno racqlxgg gxxg -> the magical princess sees
dqcyhb kanug bhx gxlaxb dxm -> knight draws the secret key
Now, decrypt the following text: ucpnak uacbxg rfbcfq",wizard writes potion,Cipher,unknown_query_chars
c922dbb4,"In Alice's Wonderland, a secret set of transformation rules is applied to equations. Below are a few examples:
:\*:@ = ""@"">
>\*:# = #>>@
<#+<: = <#<:
Now, determine the result for: <&-:@",>@,Equation,length_mismatch
c934ffa1,"In Alice's Wonderland, a secret set of transformation rules is applied to equations. Below are a few examples:
""#?)) = #|)""
#&+\# = \!
\""@\$ = &""
Now, determine the result for: #""@""#",||,Equation,length_mismatch
c93a4fa1,"In Alice's Wonderland, secret encryption rules are used on text. Here are some examples:
wzjor uxjmrn mgr cwxd nroxrm -> alice writes the dark secret
ujewxc jywajlrn whftr ownmzr -> wizard imagines above castle
vxjlornn nrrn mgr obxjfbn nroxrm -> princess sees the curious secret
mgr ozrtrx nmbcrlm cxwun -> the clever student draws
nmbcrlm nrrn mgr ywajowz yjxxfx -> student sees the magical mirror
Now, decrypt the following text: yfbnr jywajlrn mgr ujnr nmfxq",mouse imagines the wise story,Cipher,unknown_query_chars
c9463bb4,"In Alice's Wonderland, a secret set of transformation rules is applied to equations. Below are a few examples:
&/+!# = &`%
&!*!< = &)>?
!?+<) = &`/
!%->/ = )
Now, determine the result for: /)*#<",)!!!,Equation,length_mismatch
c951be72,"In Alice's Wonderland, secret encryption rules are used on text. Here are some examples:
bkguw gebsgiwp bmlriv sbmvwi -> alice imagines around garden
mbhhgc nbcudwp gi kghmbmq -> rabbit watches in library
tmgiuwpp pcrvgwp ubpckw -> princess studies castle
oigsdc vmbnp cdw urmglrp vllm -> knight draws the curious door
crmckw nmgcwp zlmwpc -> turtle writes forest
Now, decrypt the following text: vmbsli wytklmwp bhlaw elricbgi",dragon explores above mountain,Cipher,unknown_query_chars
c9780577,"In Alice's Wonderland, a secret set of transformation rules is applied to equations. Below are a few examples:
|?-?@ = )`
`{+|? = ]]`
!\*`\ = !|??
Now, determine the result for: \{+{|",)?,Equation,length_mismatch
c9c26b92,"In Alice's Wonderland, a secret set of transformation rules is applied to equations. Below are a few examples:
48*71 = 8241
53+24 = 87
95+48 = 441
26-83 = 42
Now, determine the result for: 24*63",2151,Equation,length_mismatch
c9e16aff,"In Alice's Wonderland, a secret set of transformation rules is applied to equations. Below are a few examples:
$:+#] = ${
}?-$( = ]<
]}-:"" = <(
Now, determine the result for: (]*]:",]:(],Equation,length_mismatch
ca109b5e,"In Alice's Wonderland, a secret set of transformation rules is applied to equations. Below are a few examples:
{#:`{ = !?^#
^\:{[ = !&^?
`\>{! = >??
Now, determine the result for: !`%[^",?#?,Equation,length_mismatch
ca43107b,"In Alice's Wonderland, a secret set of transformation rules is applied to equations. Below are a few examples:
{?'#@ = [@!
{!*#[ = @?^(
?#*@[ = [?@%
Now, determine the result for: {^}^|",?,Equation,length_mismatch
ca5db1c0,"In Alice's Wonderland, a secret set of transformation rules is applied to equations. Below are a few examples:
^%-""` = ""|
""@*?` = ?""^
%@*`) = ""%""
Now, determine the result for: (""-'|",^,Equation,length_mismatch
ca7944ee,"In Alice's Wonderland, secret encryption rules are used on text. Here are some examples:
whukj mvjcwk lsklmj rhvjke -> mouse dreams inside forest
eaj tuvlhuk aceejv keumljk -> the curious hatter studies
eaj dvlzae cgltj rhgghfk -> the bright alice follows
ivlstjkk keumljk usmjv rhvjke -> princess studies under forest
eaj wczltcg mvczhs mlkthnjvk -> the magical dragon discovers
Now, decrypt the following text: xlsz mvjcwk eavhuza nlggczj",king dreams through village,Cipher,unknown_query_chars
ca85809b,"In Alice's Wonderland, a secret set of transformation rules is applied to equations. Below are a few examples:
%&\[% = &#`#
![>`@ = `&`
`^>%# = ]]
Now, determine the result for: &&\%[",%!^&,Equation,length_mismatch
ca8929f5,"In Alice's Wonderland, a secret set of transformation rules is applied to equations. Below are a few examples:
77!56 = 21!
12@29 = 311
87$61 = 7421
28$09 = 9737
Now, determine the result for: 94@54",49,Equation,length_mismatch
cad4b9a7,"In Alice's Wonderland, a secret set of transformation rules is applied to equations. Below are a few examples:
^^*""# = ""@['
%""-@@ = -""%
['*%"" = ""#'""
?%*^"" = %^['
Now, determine the result for: ?""*""(","#""^",Equation,length_mismatch
caf8a95c,"In Alice's Wonderland, secret encryption rules are used on text. Here are some examples:
ipciky vcyfld iqy wekvyg xcbdifk -> turtle dreams the golden crystal
cfrrzi uepgv zgdzvy ofkkyb -> rabbit found inside valley
iqy jzdy apyyg dipvzyd -> the wise queen studies
iqy xkyoyc dipvygi zlfwzgyd -> the clever student imagines
Now, decrypt the following text: lepdy jcziyd lfh",mouse writes map,Cipher,unknown_query_chars
cb1a3a76,"In Alice's Wonderland, secret encryption rules are used on text. Here are some examples:
xscckq enslwl qnw cxkonq biqkif -> rabbit chases the bright potion
qyxqtw kmsokfwl lqixa -> turtle imagines story
qyxqtw enslwl qnw vsxh viix -> turtle chases the dark door
Now, decrypt the following text: bxkfewll riyfv fwsx jkttsow",princess found near village,Cipher,unknown_query_chars
cb2fdb6b,"In Alice's Wonderland, a secret set of transformation rules is applied to equations. Below are a few examples:
17-95 = 21
42+65 = 18
08-36 = 71
14+08 = 221
Now, determine the result for: 08-53",54,Equation,length_mismatch
cb5fa22d,"In Alice's Wonderland, a secret set of transformation rules is applied to equations. Below are a few examples:
74&62 = 136
36@81 = 2915
83#45 = 38
49#29 = 20
Now, determine the result for: 88@91",8007,Equation,length_mismatch
cb796a2b,"In Alice's Wonderland, a secret set of transformation rules is applied to equations. Below are a few examples:
67}40 = 27
84}88 = 4
44+85 = 129
Now, determine the result for: 23+91",114,Equation,length_mismatch
cb7bb0d0,"In Alice's Wonderland, a secret set of transformation rules is applied to equations. Below are a few examples:
?:-:@ = -@
''-## = -[[
!'-'@ = -@
!$*[$ = @:[:
>$-:[ = -'?
Now, determine the result for: @>+[@",}!,Equation,length_mismatch
cb7bd3d2,"In Alice's Wonderland, a secret set of transformation rules is applied to equations. Below are a few examples:
%(-'! = -]]
[%)(/ = %%
]%&<% = [?<<
Now, determine the result for: [()`'",[[?,Equation,length_mismatch
cb7e15f1,"In Alice's Wonderland, secret encryption rules are used on text. Here are some examples:
knsvg htwyd sy nsiekej -> alice found in library
bxg vtntehwn knsvg pbwdsgp -> the colorful alice studies
xkbbge zesbgp bxg dkel qkm -> hatter writes the dark map
Now, decrypt the following text: bxg psnrge lysaxb degkqp",the silver knight dreams,Cipher,unknown_query_chars
cb811c6b,"In Alice's Wonderland, secret encryption rules are used on text. Here are some examples:
oeta vlzaebv ljb qevb uplepd -> bird studies the wise potion
utedibvv itbklbv edveab vijppm -> princess creates inside school
tkooel gpmmpqv ljb vemrbt vlptw -> rabbit follows the silver story
utedibvv ijkvbv ljtpzxj ikvlmb -> princess chases through castle
npzvb gpzda ljb vemrbt nettpt -> mouse found the silver mirror
Now, decrypt the following text: cedx ijkvbv ljtpzxj evmkda",king chases through island,Cipher,unknown_query_chars
cbc82f91,"In Alice's Wonderland, secret encryption rules are used on text. Here are some examples:
qjx rbgxzy nvxgvc -> cat writes potion
xpz ibgwpx pjxxzb kbjry -> the bright hatter draws
rghjbk tvsck czjb qjyxuz -> wizard found near castle
Now, decrypt the following text: xpz efyxzbgvsy mcgwpx kbjry",the mysterious knight draws,Cipher,unknown_query_chars
cbceed92,"In Alice's Wonderland, secret encryption rules are used on text. Here are some examples:
yemmah xcspq mya ohgvym occb -> hatter found the bright book
maedyah xcspq eocka lereda -> teacher found above palace
bgpv nemdyau mya ngua xchaum -> king watches the wise forest
Now, decrypt the following text: qhevcp qhaezu xchaum",dragon dreams forest,Cipher,unknown_query_chars
cbe4288b,"In Alice's Wonderland, a secret set of transformation rules is applied to equations. Below are a few examples:
77+77 = 351
57+54 = 911
82+48 = 111
34-59 = -25
Now, determine the result for: 38+23",411,Equation,length_mismatch
cc3ea471,"In Alice's Wonderland, a secret set of transformation rules is applied to equations. Below are a few examples:
)\-}{ = -'}
\{-\\ = -}
''+/< = }\'
}}-}) = -'
)'*!^ = \{'^
Now, determine the result for: {)-<}",-!!,Equation,length_mismatch
cc735e46,"In Alice's Wonderland, a secret set of transformation rules is applied to equations. Below are a few examples:
65(87 = (22
71(58 = (13
51`93 = 144
Now, determine the result for: 44:82",4482,Equation,length_mismatch
cc800930,"In Alice's Wonderland, a secret set of transformation rules is applied to equations. Below are a few examples:
91`57 = 9157
25`02 = 2502
71/78 = 401
53`29 = 5329
54#65 = 11
Now, determine the result for: 59/63",131,Equation,length_mismatch
cc812383,"In Alice's Wonderland, secret encryption rules are used on text. Here are some examples:
zuf oygyajdg ldffe iapck -> the colorful queen draws
zuf qxkzfavydk ldffe fnhgyafk -> the mysterious queen explores
kzdifez vqprvefk wfxyei svggprf -> student imagines beyond village
wvai ivkoysfak hyzvye -> bird discovers potion
Now, decrypt the following text: qydkf iafpqk zuf cvkf wyyb",mouse dreams the wise book,Cipher,unknown_query_chars
cc92d89f,"In Alice's Wonderland, a secret set of transformation rules is applied to equations. Below are a few examples:
^(-^( = >
^[+`[ = ^[`[
[[-(} = -|)
?""*([ = ""^)|
Now, determine the result for: ?|-""""",)[,Equation,length_mismatch
cca64860,"In Alice's Wonderland, a secret set of transformation rules is applied to equations. Below are a few examples:
?$#&{ = ((){
$&#$^ = ""))&
)(#{? = )))]
!?#]? = ($^{
Now, determine the result for: ""!+??",(,Equation,length_mismatch
cca882b8,"In Alice's Wonderland, a secret set of transformation rules is applied to equations. Below are a few examples:
>{`!{ = >{!#
{|$|| = '<!
[&${& = <'
Now, determine the result for: !{`>)",>)<|,Equation,length_mismatch
ccf4b43c,"In Alice's Wonderland, a secret set of transformation rules is applied to equations. Below are a few examples:
^^+\# = ^^\#
%@+$% = %@$%
^?+?\ = ^??\
""#-\% = -!!
$@*@$ = $!&@
Now, determine the result for: @""-!?",-%#,Equation,length_mismatch
ccff9e13,"In Alice's Wonderland, secret encryption rules are used on text. Here are some examples:
acskqoee hcpne jsccxc -> princess draws mirror
pisqo lxvkh eoqcow -> alice found secret
wuo hpcz hcprxk lxvkh -> the dark dragon found
nsypch ncswoe vkhoc seipkh -> wizard writes under island
Now, decrypt the following text: cpffsw lxiixne wuo eoqcow fxxz",rabbit follows the secret book,Cipher,unknown_query_chars
cd149ff8,"In Alice's Wonderland, a secret set of transformation rules is applied to equations. Below are a few examples:
45*73 = 8991
67-54 = -13
96+76 = 731
04-39 = -35
Now, determine the result for: 53+39",921,Equation,length_mismatch
cd1c5cc3,"In Alice's Wonderland, a secret set of transformation rules is applied to equations. Below are a few examples:
#]*|# = #]|#
#!*]| = #!]|
>|*|! = >||!
Now, determine the result for: ``-]:",!`,Equation,length_mismatch
cd2e20b9,"In Alice's Wonderland, a secret set of transformation rules is applied to equations. Below are a few examples:
>%*{` = /]/
%{+/` = `}
%/+>} = ""``
Now, determine the result for: >>+{`",||`,Equation,length_mismatch
cd4d7537,"In Alice's Wonderland, secret encryption rules are used on text. Here are some examples:
kovva xtvzuvh xtyhuzl -> queen creates crystal
uvzxfvt tvzqh oaqvt jsllzcv -> teacher reads under village
qtzcga hvvh ufv fsqqva hvxtvu -> dragon sees the hidden secret
Now, decrypt the following text: ufv rshv nsac sbzcsavh",the wise king imagines,Cipher,unknown_query_chars
cd4fb97c,"In Alice's Wonderland, secret encryption rules are used on text. Here are some examples:
gqooz ewqzl jmwco cjaaox -> queen found above valley
jabio toot jmwco abmnjnx -> alice sees above library
yko jzibozy gqooz fnbyot -> the ancient queen writes
yqnyao inojyot bztblo abmnjnx -> turtle creates inside library
Now, decrypt the following text: tyqlozy lbtiwcont yko rxtyonbwqt ijtyao",student discovers the mysterious castle,Cipher,unknown_query_chars
cd5e23c7,"In Alice's Wonderland, a secret set of transformation rules is applied to equations. Below are a few examples:
%#}%' = !!
{<`]{ = &
!)`#] = '#
#&|^# = {{#&
Now, determine the result for: <%}{#",]{&,Equation,length_mismatch
cd94ec17,"In Alice's Wonderland, a secret set of transformation rules is applied to equations. Below are a few examples:
22)64 = 86
27%16 = 11%
85%17 = 31
Now, determine the result for: 75)79",451,Equation,length_mismatch
cd9d50e2,"In Alice's Wonderland, a secret set of transformation rules is applied to equations. Below are a few examples:
61-79 = -18
92+76 = 7692
53-24 = -7
Now, determine the result for: 93+52",5293,Equation,length_mismatch
cde9f7ba,"In Alice's Wonderland, a secret set of transformation rules is applied to equations. Below are a few examples:
17:75 = 821
26?72 = 7226
04[71 = 32
Now, determine the result for: 15[33",81,Equation,length_mismatch
cdec898a,"In Alice's Wonderland, a secret set of transformation rules is applied to equations. Below are a few examples:
)>-}] = -<%
%`-/` = /
`>+%/ = )?
<}+)] = }?/
Now, determine the result for: >}+]?",<?/,Equation,length_mismatch
ce017bb0,"In Alice's Wonderland, secret encryption rules are used on text. Here are some examples:
aeo wqmusqp wda wedpop -> the curious cat chases
hmdisc hmdnp uc jsqcaduc -> dragon draws in mountain
aodweom tsxxsnp aemsqie swodc -> teacher follows through ocean
aeo pamdcio vumh wmodaop -> the strange bird creates
aeo powmoa kmucwopp hmodjp -> the secret princess dreams
Now, decrypt the following text: aeo dcwuoca rcuiea ozkxsmop",the ancient knight explores,Cipher,unknown_query_chars
ce2f47a9,"In Alice's Wonderland, secret encryption rules are used on text. Here are some examples:
bjwle crotl ajrels -> mouse draws forest
seoiper ajxxjtl fhlfce jieoh -> teacher follows inside ocean
ios cflijgerl spe ohifehs qjjy -> cat discovers the ancient book
Now, decrypt the following text: vrfhiell ireosel bellone",princess creates message,Cipher,unknown_query_chars
ce507d39,"In Alice's Wonderland, a secret set of transformation rules is applied to equations. Below are a few examples:
41?52 = 93
54%27 = 0423
66?95 = 521
24""11 = 13
73%71 = 926
Now, determine the result for: 85%92",2861,Equation,length_mismatch
ce5367dc,"In Alice's Wonderland, secret encryption rules are used on text. Here are some examples:
blwwpt vtrkpsv ariius -> rabbit studies puzzle
tgs eusjsb glttsb ofuufmv -> the clever hatter follows
lupes pdlxpqsv pq mfqksbulqk -> alice imagines in wonderland
mpilbk bslkv tgs lqepsqt elvtus -> wizard reads the ancient castle
Now, decrypt the following text: tgs eusjsb nqpxgt eglvsv",the clever knight chases,Cipher,unknown_query_chars
ce5650d9,"In Alice's Wonderland, secret encryption rules are used on text. Here are some examples:
aemdseb tanhvet ase ybvqsa omj -> teacher studies the bright map
smaaeb hbmgt qmbhek -> hatter draws garden
mivde hbemot jnuuie -> alice dreams puzzle
dma gbvaet oettmqe -> cat writes message
Now, decrypt the following text: dma wriirgt ase drirbwni abemtnbe",cat follows the colorful treasure,Cipher,unknown_query_chars
ce595dcd,"In Alice's Wonderland, secret encryption rules are used on text. Here are some examples:
oheznt sxezstqw mbq wsjfqh xea -> dragon imagines the silver map
xncwq hqeow onnh -> mouse reads door
mbq wqlhqm gsho qpajnhqw -> the secret bird explores
Now, decrypt the following text: isueho qpajnhqw mbhnczb xnctmest",wizard explores through mountain,Cipher,unknown_query_chars
ce7138bf,"In Alice's Wonderland, a secret set of transformation rules is applied to equations. Below are a few examples:
34|42 = 75
65[10 = 650
78[97 = 7566
95%35 = 25
65[18 = 1170
Now, determine the result for: 75%24",3,Equation,length_mismatch
cee07c09,"In Alice's Wonderland, a secret set of transformation rules is applied to equations. Below are a few examples:
98*06 = 0698
09<69 = 6
93$64 = 4971
26*93 = 9326
Now, determine the result for: 84$83",4281,Equation,length_mismatch
ceeaa3ca,"In Alice's Wonderland, secret encryption rules are used on text. Here are some examples:
gjyyqd aybomqa jdubro xubryjmr -> hatter studies around mountain
hrmfgy qpvcudqa mr fjdoqr -> knight explores in garden
gjyyqd qpvcudqa mr cmldjdn -> hatter explores in library
Now, decrypt the following text: ygq xnayqdmuba kbqqr odqjxa",the mysterious queen dreams,Cipher,unknown_query_chars
cef15a1b,"In Alice's Wonderland, secret encryption rules are used on text. Here are some examples:
hgw ypxpteox jtqdywll uqlypvwtl -> the colorful princess discovers
hgw falhwtqpol hothxw utzbl -> the mysterious turtle draws
gzhhwt lhouqwl hgw yxwvwt eptwlh -> hatter studies the clever forest
zxqyw btqhwl oduwt eptwlh -> alice writes under forest
hwzygwt ytwzhwl oduwt jzxzyw -> teacher creates under palace
Now, decrypt the following text: gzhhwt btqhwl cwapdu yzlhxw",hatter writes beyond castle,Cipher,unknown_query_chars
cef4c8a9,"In Alice's Wonderland, a secret set of transformation rules is applied to equations. Below are a few examples:
`]*{[ = [[{
`[*"""" = )\`]
]`+[{ = )>]
((*]# = (""{>
Now, determine the result for: [{-##",]`,Equation,length_mismatch
cef50c24,"In Alice's Wonderland, a secret set of transformation rules is applied to equations. Below are a few examples:
/<}<! = /#&/
?/}`` = ?</
<{$#< = `)
/)}""< = )""{#
{`$?! = )?
Now, determine the result for: `<$`/",?,Equation,length_mismatch
cf250a13,"In Alice's Wonderland, secret encryption rules are used on text. Here are some examples:
qhxcn jvnibnc iphln qhxobimo -> mouse creates above mountain
axnno khwwhdc bvnicxvn -> queen follows treasure
brn cmwlnv qhxcn svniqc -> the silver mouse dreams
bxvbwn mqitmonc mocmsn cjrhhw -> turtle imagines inside school
Now, decrypt the following text: brn qitmjiw gomtrb vnisc",the magical knight reads,Cipher,unknown_query_chars
cf2a4028,"In Alice's Wonderland, a secret set of transformation rules is applied to equations. Below are a few examples:
""}+&} = :"":
/}+[& = ::!
!!*}& = [>[(
Now, determine the result for: ([*&:","!""{{",Equation,length_mismatch
cf356d18,"In Alice's Wonderland, a secret set of transformation rules is applied to equations. Below are a few examples:
55>52 = 3
73>14 = 59
38?78 = 115
10-76 = 760
59-45 = 2655
Now, determine the result for: 78>72",6,Equation,length_mismatch
cf4c04c0,"In Alice's Wonderland, a secret set of transformation rules is applied to equations. Below are a few examples:
${*#{ = '@@{
'{*[[ = $:/[
{$-[# = |(
|:-[: = (
([*:[ = /(:
Now, determine the result for: @|-#|",-[,Equation,length_mismatch
cf4c2ead,"In Alice's Wonderland, secret encryption rules are used on text. Here are some examples:
egorz hpvrzr vwgosk urnvsk -> mouse chases around island
dowdnz hpvrzr dpz hnzqzw hvrdnz -> turtle chases the clever castle
dpz murz rdokzsd mvdhpzr -> the wise student watches
egorz zclngwzr dpz ignkzs euwwgw -> mouse explores the golden mirror
Now, decrypt the following text: mubvwk kwzver dwzvrowz",wizard dreams treasure,Cipher,unknown_query_chars
cf517124,"In Alice's Wonderland, a secret set of transformation rules is applied to equations. Below are a few examples:
44^31 = 75
95""96 = 01
45^88 = 241
Now, determine the result for: 03^21",24,Equation,length_mismatch
cf79c10e,"In Alice's Wonderland, a secret set of transformation rules is applied to equations. Below are a few examples:
)}-]> = &?
()-<) = &{
]}\)> = (<<&
??[}< = #)
Now, determine the result for: >]-#>",?(,Equation,length_mismatch
cf84c023,"In Alice's Wonderland, a secret set of transformation rules is applied to equations. Below are a few examples:
78]94 = 7331
23*98 = *75
93]42 = 3905
Now, determine the result for: 45*32",13,Equation,length_mismatch
cfa59b38,"In Alice's Wonderland, a secret set of transformation rules is applied to equations. Below are a few examples:
18#56 = 1007
89-22 = 111
81+97 = 16
63#91 = 5732
76-58 = 134
Now, determine the result for: 13#18",233,Equation,length_mismatch
cfbef74c,"In Alice's Wonderland, secret encryption rules are used on text. Here are some examples:
fez kszbzg qodref kgzjfzt -> the clever knight creates
qodref tzzt fez ednnzo rjgnzo -> knight sees the hidden garden
cgdokztt zmcsvgzt aonzg ivaofjdo -> princess explores under mountain
gjxxdf tzzt fez rvsnzo xvvq -> rabbit sees the golden book
Now, decrypt the following text: qodref ngjht kjtfsz",knight draws castle,Cipher,unknown_query_chars
cfd312b1,"In Alice's Wonderland, a secret set of transformation rules is applied to equations. Below are a few examples:
&'-[$ = -:{
:?*/: = {\&[
'$*&' = &:[:
$(-?[ = -&{
Now, determine the result for: ?(*{?",{[\?,Equation,length_mismatch
d006c326,"In Alice's Wonderland, secret encryption rules are used on text. Here are some examples:
jtm uqbgmqj ogeuwx bwmujml -> the ancient wizard creates
wurrgj ljdxgml jtm bkykwvdy zmlluam -> rabbit studies the colorful message
rgwx gzuagqml pmc -> bird imagines key
jmubtmw ljdxgml lmbwmj -> teacher studies secret
Now, decrypt the following text: uygbm msnykwml rmckqx buhm",alice explores beyond cave,Cipher,unknown_query_chars
d008b0b6,"In Alice's Wonderland, a secret set of transformation rules is applied to equations. Below are a few examples:
79+05 = 741
23+28 = 411
14*82 = 7411
Now, determine the result for: 37+85",131,Equation,length_mismatch
d01b69aa,"In Alice's Wonderland, secret encryption rules are used on text. Here are some examples:
gxugha zuacpm gva pcyedch guacmxua -> turtle dreams the magical treasure
prxma duacgam curxoz grbau -> mouse creates around tower
gacdvau uaczm oacu mdvrrh -> teacher reads near school
Now, decrypt the following text: jxaao mgxzeam irgero",queen studies potion,Cipher,unknown_query_chars
d033513f,"In Alice's Wonderland, a secret set of transformation rules is applied to equations. Below are a few examples:
35+34 = 59
32*46 = 2741
75*62 = 2841
07+94 = 811
57*66 = 0594
Now, determine the result for: 91+12",93,Equation,length_mismatch
d096a492,"In Alice's Wonderland, a secret set of transformation rules is applied to equations. Below are a few examples:
23*15 = 2361
85*01 = 085
71*68 = 2641
99+55 = 5599
Now, determine the result for: 98-33",-65,Equation,length_mismatch
d0b1e41a,"In Alice's Wonderland, a secret set of transformation rules is applied to equations. Below are a few examples:
)#*)# = )#)#
)}-#"" = -$
""$+`@ = ""$`@
Now, determine the result for: #{*""!","#{""!",Equation,length_mismatch
d0e1010b,"In Alice's Wonderland, a secret set of transformation rules is applied to equations. Below are a few examples:
''+^> = !^&
>^+>! = !%^
'#*>| = >}&$
^'*%| = !$^#
Now, determine the result for: |&*$|",!&&},Equation,length_mismatch
d0ea94a2,"In Alice's Wonderland, secret encryption rules are used on text. Here are some examples:
ocg devpgh lheijgdd dggd -> the silver princess sees
ocg mahs lheijgdd jhgaogd -> the dark princess creates
kehm mhgayd ygddawg -> bird dreams message
Now, decrypt the following text: siewco utvvtqd ocg qedg wahmgi",knight follows the wise garden,Cipher,unknown_query_chars
d129b085,"In Alice's Wonderland, a secret set of transformation rules is applied to equations. Below are a few examples:
@\+!"" = `$$
#\+>! = \@
<@*>"" = @#`]
!]*@] = #>``
Now, determine the result for: !>+`""",##$,Equation,length_mismatch
d137bdb0,"In Alice's Wonderland, secret encryption rules are used on text. Here are some examples:
ogj fomtypj blyp foxcljf -> the strange king studies
ogj slfj nto mjtcf -> the wise cat reads
ogj flzwjm bylpgo cmtsf -> the silver knight draws
Now, decrypt the following text: bylpgo foxcljf ogj slfj ekkb",knight studies the wise book,Cipher,unknown_query_chars
d13e92ec,"In Alice's Wonderland, a secret set of transformation rules is applied to equations. Below are a few examples:
$^*&^ = $^&^
@$+]$ = @$]$
?`-&! = -?[
&&+?! = &&?!
!$-$! = ?@
Now, determine the result for: @^-![",?&,Equation,length_mismatch
d1611217,"In Alice's Wonderland, secret encryption rules are used on text. Here are some examples:
winsultt cdvsq ns enjigih -> princess found in library
mvlls tovqnlt gjdfl adsqliegsq -> queen studies above wonderland
anygiq qigat gjdfl fneegpl -> wizard draws above village
oxl pdeqls xgooli ainolt -> the golden hatter writes
ugo tllt zlh -> cat sees key
Now, decrypt the following text: qigpds cdeedat jlhdsq rdvsogns",dragon follows beyond mountain,Cipher,unknown_query_chars
d17632d2,"In Alice's Wonderland, a secret set of transformation rules is applied to equations. Below are a few examples:
41<21 = 2
53&51 = 525
23&09 = 0882
25<51 = 7
Now, determine the result for: 38\29",571,Equation,length_mismatch
d17d3a7a,"In Alice's Wonderland, a secret set of transformation rules is applied to equations. Below are a few examples:
29-52 = 76
18>29 = 2918
55>11 = 1155
Now, determine the result for: 66-67",-01,Equation,length_mismatch
d1bd7478,"In Alice's Wonderland, a secret set of transformation rules is applied to equations. Below are a few examples:
89$90 = 8010
88:77 = 11
10|87 = 98
41|87 = 129
Now, determine the result for: 37:67",30,Equation,length_mismatch
d1c6beb0,"In Alice's Wonderland, a secret set of transformation rules is applied to equations. Below are a few examples:
))})% = })
|\?'> = '%[|
/>`/{ = [{'
Now, determine the result for: \\`%'",|/,Equation,length_mismatch
d202a876,"In Alice's Wonderland, secret encryption rules are used on text. Here are some examples:
mbtmes silertsz vul -> turtle explores map
mds cgzs ptunrq hduzsz -> the wise dragon chases
ltgqhszz zssz bqpst rhsuq -> princess sees under ocean
mds hbtgrbz dummst tsupz -> the curious hatter reads
mds ktgndm ueghs pgzhrostz -> the bright alice discovers
Now, decrypt the following text: fbssq xreercz gqzgps zhdrre",queen follows inside school,Cipher,unknown_query_chars
d204b9cc,"In Alice's Wonderland, a secret set of transformation rules is applied to equations. Below are a few examples:
69%51 = 18
11*77 = 648
81*94 = 188
22*12 = 164
49)04 = 431
Now, determine the result for: 75)57",231,Equation,length_mismatch
d212aa05,"In Alice's Wonderland, secret encryption rules are used on text. Here are some examples:
faxgnw xkigxaes wne dhxgnw gihoea -> knight imagines the bright garden
kcqse thxwes kxhhch -> mouse writes mirror
dxho lheiwes ihcqao mchesw -> bird creates around forest
hiddxw ohits qaoeh uijile -> rabbit draws under palace
swqoeaw heios qaoeh kcqawixa -> student reads under mountain
Now, decrypt the following text: wne kigxlij zqeea tiwlnes",the magical queen watches,Cipher,unknown_query_chars
d21c7677,"In Alice's Wonderland, a secret set of transformation rules is applied to equations. Below are a few examples:
16#56 = 4693
05>83 = 21>
26>28 = 02
Now, determine the result for: 94#19",8544,Equation,length_mismatch
d22f2d08,"In Alice's Wonderland, a secret set of transformation rules is applied to equations. Below are a few examples:
97*75 = 22
73?77 = 151
89[83 = 7386
Now, determine the result for: 47*73",*26,Equation,length_mismatch
d23f4166,"In Alice's Wonderland, a secret set of transformation rules is applied to equations. Below are a few examples:
{]-{{ = )
}@*>> = })]|
)>->] = {@
Now, determine the result for: '}*{@",{|)@,Equation,length_mismatch
d250fcc5,"In Alice's Wonderland, a secret set of transformation rules is applied to equations. Below are a few examples:
%{*!) = }''{
?)*)) = }'<)
%)*)% = {?!%
<{-)? = ?""
Now, determine the result for: '&-)<",<%,Equation,length_mismatch
d25a49a0,"In Alice's Wonderland, a secret set of transformation rules is applied to equations. Below are a few examples:
}""+?"" = |{
""?-|? = &
{{*{/ = ^{${
|""*^^ = {/&
Now, determine the result for: &{-{|",}},Equation,length_mismatch
d29e19a4,"In Alice's Wonderland, a secret set of transformation rules is applied to equations. Below are a few examples:
>&]?\ = ]&:
?}$|? = #}:
&}$>} = ?\
|\+?| = |^#|
Now, determine the result for: |'$>'",?|,Equation,length_mismatch
d2d8c935,"In Alice's Wonderland, secret encryption rules are used on text. Here are some examples:
omcdru nutacin uri nulfmdi xtkkyi -> knight studies the strange puzzle
alfdjm alfhn tmail cnyfma -> dragon draws under island
uri pyiwil fycpi acnpjwiln -> the clever alice discovers
Now, decrypt the following text: uri ptlcjtn nutaimu ejyyjhn",the curious student follows,Cipher,unknown_query_chars
d2fe9d04,"In Alice's Wonderland, a secret set of transformation rules is applied to equations. Below are a few examples:
\):>\ = >/)|
%\`""> = `|""
\/+\) = \/\)
Now, determine the result for: >%:<""",)}),Equation,length_mismatch
d303ae8e,"In Alice's Wonderland, a secret set of transformation rules is applied to equations. Below are a few examples:
55-42 = 13
84-17 = -32
23+71 = 05
44-19 = -74
Now, determine the result for: 86+42",39,Equation,length_mismatch
d3092ac1,"In Alice's Wonderland, a secret set of transformation rules is applied to equations. Below are a few examples:
43*39 = 1613
29*41 = 7821
36*02 = 9521
67-44 = 23
16*99 = 8306
Now, determine the result for: 92-63",-7,Equation,length_mismatch
d350828e,"In Alice's Wonderland, a secret set of transformation rules is applied to equations. Below are a few examples:
?>#""> = {|
/|#(| = ""|
<""[}! = ((>
}"":>/ = !//|
!>[""| = >>
Now, determine the result for: /{:""|",}!||,Equation,length_mismatch
d3b20e29,"In Alice's Wonderland, a secret set of transformation rules is applied to equations. Below are a few examples:
59-11 = 48
91-22 = -3
03+35 = 3503
15+69 = 6915
Now, determine the result for: 22+39",3922,Equation,length_mismatch
d3c1d2fb,"In Alice's Wonderland, a secret set of transformation rules is applied to equations. Below are a few examples:
{]!%/ = %""!
"":!#: = /
^^>:/ = (((
Now, determine the result for: ^:!]#",)/,Equation,length_mismatch
d3d30b86,"In Alice's Wonderland, a secret set of transformation rules is applied to equations. Below are a few examples:
%?*$"" = )$
?)*?) = }""
$)+<% = }%!}
Now, determine the result for: !?+!$",!!$,Equation,length_mismatch
d407570e,"In Alice's Wonderland, a secret set of transformation rules is applied to equations. Below are a few examples:
}|+#| = |%|
()+|( = |||
!|+|% = '%
#|+^' = ||'
Now, determine the result for: (^*#&",)}}&,Equation,length_mismatch
d414f1df,"In Alice's Wonderland, secret encryption rules are used on text. Here are some examples:
mgp eugqc cpnei -> cat reads story
rnjcu bgpmkuc wx mgcpvu -> mouse watches in castle
pku yewskp tewxmucc cuuc -> the bright princess sees
Now, decrypt the following text: pku kwqqux bwogeq qwcmnfuec",the hidden wizard discovers,Cipher,unknown_query_chars
d441b4aa,"In Alice's Wonderland, secret encryption rules are used on text. Here are some examples:
ixjebxr gxxg ibx gxerxi irxjgarx -> teacher sees the secret treasure
eji rxjlg ibx tygx dxggjux -> cat reads the wise message
hyzu gxxg lffr -> king sees door
Now, decrypt the following text: ibx cryubi hzyubi erxjixg",the bright knight creates,Cipher,unknown_query_chars
d4483d51,"In Alice's Wonderland, a secret set of transformation rules is applied to equations. Below are a few examples:
56+14 = 601
74-71 = 03
91*88 = 1761
84*27 = 5543
76-16 = 6
Now, determine the result for: 33*87",3752,Equation,length_mismatch
d44ef285,"In Alice's Wonderland, a secret set of transformation rules is applied to equations. Below are a few examples:
34*24 = 5081
86*08 = 9345
51*44 = 956
14-43 = 7
Now, determine the result for: 01*98",988,Equation,length_mismatch
d4519f28,"In Alice's Wonderland, secret encryption rules are used on text. Here are some examples:
dfgyov lnnl pnllyrn -> wizard sees message
lxjvnix lnnl unhqiv ryovni -> student sees beyond garden
dfgyov fpyrfinl xtn vyoa kqxfqi -> wizard imagines the dark potion
tyxxno vonypl bqonlx -> hatter dreams forest
Now, decrypt the following text: xjoxmn fpyrfinl xonyljon",turtle imagines treasure,Cipher,unknown_query_chars
d45dc67f,"In Alice's Wonderland, a secret set of transformation rules is applied to equations. Below are a few examples:
{?:'@ = ?
{!:%' = (%
%|""(| = (('(
`?""?% = ]!`@
!(:?% = '{
Now, determine the result for: %|}|'",(%(,Equation,length_mismatch
d46df3b0,"In Alice's Wonderland, a secret set of transformation rules is applied to equations. Below are a few examples:
42(21 = 881
96$83 = 9683
38(69 = 2621
15(42 = 629
Now, determine the result for: 86(46",3955,Equation,length_mismatch
d490911e,"In Alice's Wonderland, a secret set of transformation rules is applied to equations. Below are a few examples:
91[83 = 175
35?46 = 3546
75[57 = 133
Now, determine the result for: 40[98",139,Equation,length_mismatch
d4b08884,"In Alice's Wonderland, a secret set of transformation rules is applied to equations. Below are a few examples:
10$38 = 8
46@33 = 1518
95[44 = 138
37@53 = 1961
Now, determine the result for: 80$13",2,Equation,length_mismatch
d4b85539,"In Alice's Wonderland, secret encryption rules are used on text. Here are some examples:
gjc eqxgclpotx npswlk cfibolcx -> the mysterious wizard explores
jwggcl cfibolcx gjc ytlpotx ylqxgwb -> hatter explores the curious crystal
zplk nwgyjcx pv dolcxg -> bird watches in forest
hvpujg pewupvcx gjc ewupywb epllol -> knight imagines the magical mirror
hvpujg klcwex gjc npxc itssbc -> knight dreams the wise puzzle
Now, decrypt the following text: rtccv cfibolcx wzomc pxbwvk",queen explores above island,Cipher,unknown_query_chars
d4dde366,"In Alice's Wonderland, secret encryption rules are used on text. Here are some examples:
lhaazu uzhrm alz wymz mavuc -> hatter reads the wise story
jbytla whailzm mziuza -> knight watches secret
uhkkya whailzm bzhu milvvn -> rabbit watches near school
aduanz yshtybzm aluvdtl avwzu -> turtle imagines through tower
Now, decrypt the following text: iha whailzm ybmyrz qvuzma",cat watches inside forest,Cipher,unknown_query_chars
d4f1257b,"In Alice's Wonderland, secret encryption rules are used on text. Here are some examples:
yfjhem jwihjfrd mer dronrm onxdmiv -> knight imagines the secret crystal
yfjhem tgkfc mer dronrm yrx -> knight found the secret key
mer oknjgkd yfjhem drrd -> the curious knight sees
mer ogvgntkv mknmvr jwihjfrd -> the colorful turtle imagines
yfjhem cjdogurnd frin tgnrdm -> knight discovers near forest
Now, decrypt the following text: mrioern cniad oidmvr",teacher draws castle,Cipher,unknown_query_chars
d546fd90,"In Alice's Wonderland, a secret set of transformation rules is applied to equations. Below are a few examples:
^^\?? = %%
?<+:` = }?}^
:?+?^ = }^?%
Now, determine the result for: ]?\:<",\]@,Equation,length_mismatch
d5602cc5,"In Alice's Wonderland, a secret set of transformation rules is applied to equations. Below are a few examples:
[[*#\ = %{!\
)[-## = {%
[)-%# = #{
Now, determine the result for: {<-#(",(%,Equation,length_mismatch
d56a1b4c,"In Alice's Wonderland, a secret set of transformation rules is applied to equations. Below are a few examples:
&&]{> = "":]
>&*%| = &/{{
$!]$& = /$
Now, determine the result for: %&#$>","{/""",Equation,length_mismatch
d59bfd5f,"In Alice's Wonderland, secret encryption rules are used on text. Here are some examples:
rlfjp bprvm fy oiyvpblryv -> alice reads in wonderland
huppy vbprqm kcp mfldpb zibpmk -> queen dreams the silver forest
kcp abfxck crkkpb vbprqm -> the bright hatter dreams
kcp qrxfjrl wfyx mppm -> the magical king sees
Now, decrypt the following text: gbfyjpmm peglibpm fymfvp dfllrxp",princess explores inside village,Cipher,unknown_query_chars
d5a03a2e,"In Alice's Wonderland, a secret set of transformation rules is applied to equations. Below are a few examples:
?{+&% = @/^
!?)>^ = &
@{`&/ = ?!{
^{`?? = &>
Now, determine the result for: """")&&",>>,Equation,length_mismatch
d5aa5564,"In Alice's Wonderland, a secret set of transformation rules is applied to equations. Below are a few examples:
31*11 = 41
63\23 = 40
55\84 = 29
11+58 = 638
23\68 = 45
Now, determine the result for: 30*16",45,Equation,length_mismatch
d5db7182,"In Alice's Wonderland, secret encryption rules are used on text. Here are some examples:
gjyzw svwagz xvhzmau -> mouse dreams crystal
mkw aqxfwqm xam fgaofqwz -> the ancient cat imagines
mkw bfzw kammwv zmysfwz -> the wise hatter studies
gjyzw bvfmwz fqzfsw zxkjju -> mouse writes inside school
Now, decrypt the following text: myvmuw wdcujvwz mkw savl gac",turtle explores the dark map,Cipher,unknown_query_chars
d600988d,"In Alice's Wonderland, a secret set of transformation rules is applied to equations. Below are a few examples:
<^*'"" = \\:
!""+""< = ''`
<|-""` = -|!
|:*:< = |!:!
`!+"": = '\""
Now, determine the result for: }:-\}",-<|,Equation,length_mismatch
d63c1fb0,"In Alice's Wonderland, a secret set of transformation rules is applied to equations. Below are a few examples:
""""+:| = """":|
?<+<> = ?<<>
??-:& = |?
?&+>{ = ?&>{
:|+%& = :|%&
Now, determine the result for: ""|+""%","""|""%",Equation,length_mismatch
d64a6578,"In Alice's Wonderland, a secret set of transformation rules is applied to equations. Below are a few examples:
58{12 = 697
27{69 = 1864
76?86 = ?10
Now, determine the result for: 75{35",2626,Equation,length_mismatch
d67cbe5f,"In Alice's Wonderland, a secret set of transformation rules is applied to equations. Below are a few examples:
>^*(' = >(?@
(^+/? = ^}
@}*'} = ''>)
^'-}{ = -?(
)(*?? = (@>/
Now, determine the result for: ?)-)@",'@,Equation,length_mismatch
d67f28ad,"In Alice's Wonderland, a secret set of transformation rules is applied to equations. Below are a few examples:
32#89 = 120
41\97 = 56
28#56 = 83
88\24 = 64
Now, determine the result for: 68#64",131,Equation,length_mismatch
d682aabd,"In Alice's Wonderland, secret encryption rules are used on text. Here are some examples:
qozfieo fpkvq ae owvip -> student draws in tower
nael imjuwpiq kpwzef xkqoui -> king explores around castle
jpaexiqq rwzef kbwdi rwpiqo -> princess found above forest
oti xuidip kuaxi faqxwdipq -> the clever alice discovers
vackpf faqxwdipq eikp qxtwwu -> wizard discovers near school
Now, decrypt the following text: oti hklaxku nael xpikoiq",the magical king creates,Cipher,unknown_query_chars
d697ceed,"In Alice's Wonderland, secret encryption rules are used on text. Here are some examples:
qwmgr lurqvy phr geweubkw beuryp -> alice dreams the colorful forest
phr ypuqxzr ypklrxp lurqvy -> the strange student dreams
qwmgr lurqvy beuryp -> alice dreams forest
Now, decrypt the following text: hqppru lmygeoruy phr lqut akffwr",hatter discovers the dark puzzle,Cipher,unknown_query_chars
d6a2e332,"In Alice's Wonderland, a secret set of transformation rules is applied to equations. Below are a few examples:
29`06 = 23
86%24 = 5582
19%13 = 0282
18%92 = 8432
32`19 = `86
Now, determine the result for: 11%62",582,Equation,length_mismatch
d6b9970a,"In Alice's Wonderland, secret encryption rules are used on text. Here are some examples:
pimhwn moshmitg nwt cjtytk zenmei -> knight imagines the clever potion
ntscwtk rejjeqg ckxgnsj -> teacher follows crystal
csn moshmitg nwkebhw csgnjt -> cat imagines through castle
csn lktsog biltk ysjjtx -> cat dreams under valley
Now, decrypt the following text: ksvvmn rejjeqg mi mgjsil",rabbit follows in island,Cipher,unknown_query_chars
d6baf5e6,"In Alice's Wonderland, a secret set of transformation rules is applied to equations. Below are a few examples:
64-01 = 63
73+48 = 221
65-42 = 23
21-72 = -51
78-25 = 53
Now, determine the result for: 87*69",7847,Equation,length_mismatch
d6c03e21,"In Alice's Wonderland, a secret set of transformation rules is applied to equations. Below are a few examples:
`#+(' = `#('
&'+'( = &''(
$!+(! = $!(!
':*$$ = #[!&
Now, determine the result for: &(+`#",&(`#,Equation,length_mismatch
d6cd7d14,"In Alice's Wonderland, secret encryption rules are used on text. Here are some examples:
muty xtukbw uiwuyb ehtybi -> bird writes inside garden
kgtklb zpllpxw sgfflb -> turtle follows puzzle
kbhavbt zpgiy kvb wbatbk wbatbk -> teacher found the secret secret
kvb agtupgw kgtklb wbbw -> the curious turtle sees
muty wbbw kvb xuwb ktbhwgtb -> bird sees the wise treasure
Now, decrypt the following text: wkgybik zpllpxw nbwwheb",student follows message,Cipher,unknown_query_chars
d6ecc2c7,"In Alice's Wonderland, secret encryption rules are used on text. Here are some examples:
dtyebit mnyie tjb fcdb rywwkb -> student found the wise puzzle
unydb cupacibd tjb zylcnyd upr -> mouse imagines the curious map
fcwple lbped cidceb tnfbl -> wizard reads inside tower
tjb dckxbl zpt zjpdbd -> the silver cat chases
Now, decrypt the following text: qcia mnyie tjb jceebi qbo",king found the hidden key,Cipher,unknown_query_chars
d6f18fc8,"In Alice's Wonderland, a secret set of transformation rules is applied to equations. Below are a few examples:
[!*[! = [>}[
[(*`! = `[`(
&!*}[ = ??`|
|}*|? = }!&[
Now, determine the result for: ![-&}",-},Equation,length_mismatch
d70beb33,"In Alice's Wonderland, secret encryption rules are used on text. Here are some examples:
ajh uokrhp lkcfh xhlry -> the golden alice reads
fla rxlqy phlx ofhlp -> cat draws near ocean
epcuja fjlyhy vprhx movpalcp -> knight chases under mountain
Now, decrypt the following text: nxcpfhyy cmlucphy roox",princess imagines door,Cipher,unknown_query_chars
d72d8c1c,"In Alice's Wonderland, a secret set of transformation rules is applied to equations. Below are a few examples:
%:`\: = %:\:
\\<($ = <'%
!'<\( = (&
$'-$} = %:&}
%\`!% = %\!%
Now, determine the result for: &@`&%",&@&%,Equation,length_mismatch
d73ef5bf,"In Alice's Wonderland, a secret set of transformation rules is applied to equations. Below are a few examples:
](%?\ = \|$
)?%|/ = \$/
'':'/ = ]/(^
^|:'^ = /'|^
'^*\\ = ]/
Now, determine the result for: /$%]/",\(|,Equation,length_mismatch
d75ea138,"In Alice's Wonderland, secret encryption rules are used on text. Here are some examples:
olrk zduqv fzduvczd -> king reads treasure
fed uryldrf zugglf vddv -> the ancient rabbit sees
glzq sbcrq fed wxvfdzlbcv vfbzx -> bird found the mysterious story
yuf sbcrq uzbcrq fbpdz -> cat found around tower
Now, decrypt the following text: glzq lwuklrdv yuvfnd",bird imagines castle,Cipher,unknown_query_chars
d7662688,"In Alice's Wonderland, a secret set of transformation rules is applied to equations. Below are a few examples:
""@-:( = !(
]\*""% = ""%]\
""(+(] = (&
Now, determine the result for: ]]*]&",]&]],Equation,length_mismatch
d7682996,"In Alice's Wonderland, a secret set of transformation rules is applied to equations. Below are a few examples:
87$78 = 165
30$52 = 82
54|41 = 5441
Now, determine the result for: 95$62",157,Equation,length_mismatch
d78128b2,"In Alice's Wonderland, a secret set of transformation rules is applied to equations. Below are a few examples:
71-11 = 6
19-16 = 03
22-53 = -31
17-33 = 83
65*99 = 5455
Now, determine the result for: 73-21",52,Equation,length_mismatch
d78ce112,"In Alice's Wonderland, a secret set of transformation rules is applied to equations. Below are a few examples:
27+69 = +42
56\86 = 0244
33\34 = 9141
Now, determine the result for: 38\92",7042,Equation,length_mismatch
d7995be0,"In Alice's Wonderland, secret encryption rules are used on text. Here are some examples:
ywnyuz zdhuanzc lzqaoe uklntnq -> turtle explores beyond library
jtyyzn nztec yjz rwnkawc xknnan -> hatter reads the curious mirror
tukrz vauuaic kockez stnezo -> alice follows inside garden
Now, decrypt the following text: yjz xqcyznkawc gwzzo rjtczc",the mysterious queen chases,Cipher,unknown_query_chars
d7aec90d,"In Alice's Wonderland, a secret set of transformation rules is applied to equations. Below are a few examples:
^^+&! = \^\
\!*!: = <^::
%\*<$ = %\#\
Now, determine the result for: :!+\%",^>\,Equation,length_mismatch
d7bcb4a6,"In Alice's Wonderland, a secret set of transformation rules is applied to equations. Below are a few examples:
>:@"": = {""}%
/""+]} = |>
}>@/} = |#%}
|/(|] = |/|]
Now, determine the result for: "">+>|",}{,Equation,length_mismatch
d7c58753,"In Alice's Wonderland, secret encryption rules are used on text. Here are some examples:
hqiifw abvpn dqwnfp -> hatter found garden
zbvsf ohqsfs dqwnfp -> mouse chases garden
ifqohfw nwfqzs rp zbvpiqrp -> teacher dreams in mountain
nwqdbp sffs ybirbp -> dragon sees potion
urwn nrsobmfws zfssqdf -> bird discovers message
Now, decrypt the following text: ihf hrnnfp nwqdbp abggbts",the hidden dragon follows,Cipher,unknown_query_chars
d7d12d51,"In Alice's Wonderland, secret encryption rules are used on text. Here are some examples:
mlvrfj tfsrpsk pos tasxsf gzfskp -> wizard creates the clever forest
yzqks mrptosk trkpas -> mouse watches castle
frddlp mflpsk ylffzf -> rabbit writes mirror
pos oljjsn frddlp gzqnj -> the hidden rabbit found
jfrwzn gzaazmk pos oljjsn uzplzn -> dragon follows the hidden potion
Now, decrypt the following text: ilnw sbuazfsk ise",king explores key,Cipher,unknown_query_chars
d7d182c5,"In Alice's Wonderland, secret encryption rules are used on text. Here are some examples:
dgr gqjjrf ctd pyefj -> the hidden cat found
drtcgrb jbrtku dgr tfcqrfd kqbbyb -> teacher dreams the ancient mirror
hqbj jbrtku dgr uqvxrb mydqyf -> bird dreams the silver potion
Now, decrypt the following text: tvqcr urru dgr gqjjrf udyba",alice sees the hidden story,Cipher,unknown_query_chars
d7e5414c,"In Alice's Wonderland, a secret set of transformation rules is applied to equations. Below are a few examples:
#@}<\ = @#@|
<""}\| = #@""|
[@}\# = [|\$
[<{@# = $\
@#}@` = |`$`
Now, determine the result for: #[}@[",|%\\,Equation,length_mismatch
d7f56a8c,"In Alice's Wonderland, secret encryption rules are used on text. Here are some examples:
pummtr fnwqh mpt ctortm btj -> hatter found the secret key
mpt uqoitqm kigurh ivuaiqtc -> the ancient wizard imagines
oum hrtuvc mpt uqoitqm ynnb -> cat dreams the ancient book
Now, decrypt the following text: biqa fnwqh uynlt oucmst",king found above castle,Cipher,unknown_query_chars
d809394c,"In Alice's Wonderland, a secret set of transformation rules is applied to equations. Below are a few examples:
20<92 = <72
69<83 = <14
48<31 = 17
Now, determine the result for: 90/99",9099,Equation,length_mismatch
d8126121,"In Alice's Wonderland, a secret set of transformation rules is applied to equations. Below are a few examples:
`{+>\ = ""$
%\]`$ = >{{
\@]@> = >`\
(`]\\ = >\""
(\+(( = >
Now, determine the result for: \$)$\",$$(:,Equation,length_mismatch
d82f5933,"In Alice's Wonderland, a secret set of transformation rules is applied to equations. Below are a few examples:
73-89 = -16
31*47 = 78
58*41 = 99
51-02 = -5
36*22 = 58
Now, determine the result for: 91*94",86,Equation,length_mismatch
d8590d73,"In Alice's Wonderland, secret encryption rules are used on text. Here are some examples:
qrj pcezycl qjcyrjh hjcmx -> the magical teacher reads
pkwxj hjcmx echmji -> mouse reads garden
ozfchm yhjcqjx pzhhkh -> wizard creates mirror
ozfchm yhjcqjx zixzmj qkojh -> wizard creates inside tower
Now, decrypt the following text: qjcyrjh dkwim zixzmj lzghchs",teacher found inside library,Cipher,unknown_query_chars
d8735cc4,"In Alice's Wonderland, a secret set of transformation rules is applied to equations. Below are a few examples:
91!15 = 76
66!77 = !11
17!17 = 0
12+31 = 1231
44<43 = 4443
Now, determine the result for: 95!60",35,Equation,length_mismatch
d8a47cb7,"In Alice's Wonderland, a secret set of transformation rules is applied to equations. Below are a few examples:
12#92 = 016
55*39 = *83
65*49 = *83
14*66 = *52
16&76 = 821
Now, determine the result for: 92&56",49,Equation,length_mismatch
d8b3310a,"In Alice's Wonderland, a secret set of transformation rules is applied to equations. Below are a few examples:
68-64 = 7593
22<01 = 23
47-99 = 7237
17-94 = 0843
Now, determine the result for: 63-45",5491,Equation,length_mismatch
d8b4a429,"In Alice's Wonderland, secret encryption rules are used on text. Here are some examples:
rys ibcs crtvsnr vbcxhgsoc -> the wise student discovers
yerrso vosepc ryohtjy bcwenv -> hatter dreams through island
voejhn ierxysc bncbvs jeovsn -> dragon watches inside garden
ibmeov voeic pek -> wizard draws map
Now, decrypt the following text: rys xwsgso oellbr voeic",the clever rabbit draws,Cipher,unknown_query_chars
d8bc44b3,"In Alice's Wonderland, a secret set of transformation rules is applied to equations. Below are a few examples:
01+55 = 56
35*04 = 9112
85-98 = 13
Now, determine the result for: 37-06",31,Equation,length_mismatch
d8d87a89,"In Alice's Wonderland, a secret set of transformation rules is applied to equations. Below are a few examples:
?'*// = :<
!:*?< = #<
'>"">{ = #!#
'&+>{ = ?>#&
:#"">: = #<?
Now, determine the result for: #<*'?",{,Equation,length_mismatch
d8d91d01,"In Alice's Wonderland, secret encryption rules are used on text. Here are some examples:
sne nuyyep sejdnec ycjab -> the hidden teacher draws
qcupdebb bslyueb sne nuyyep ywwc -> princess studies the hidden door
sne dwkwczlk gucy acuseb -> the colorful bird writes
sne bukxec gucy dnjbeb -> the silver bird chases
rleep yubdwxecb sne dlcuwlb djbske -> queen discovers the curious castle
Now, decrypt the following text: opuvns dcejseb up twlpsjup",knight creates in mountain,Cipher,unknown_query_chars
d90fd533,"In Alice's Wonderland, secret encryption rules are used on text. Here are some examples:
gqxn boyxf yxftr lpst -> king found under cave
hyrhut mrqhtd kohqox -> turtle writes potion
mqeprf qjpnqxtd jtddpnt -> wizard imagines message
krqxltdd dhyfqtd xtpr kpuplt -> princess studies near palace
cphhtr dhyfqtd jqrror -> hatter studies mirror
Now, decrypt the following text: zqrf frpmd hct lutstr kohqox",bird draws the clever potion,Cipher,unknown_query_chars
d911e8e1,"In Alice's Wonderland, a secret set of transformation rules is applied to equations. Below are a few examples:
""#)@& = :#:
}'('' = \'""}
:>$:} = $}
Now, determine the result for: @})<'",:\:,Equation,length_mismatch
d9575f79,"In Alice's Wonderland, a secret set of transformation rules is applied to equations. Below are a few examples:
>""-]( = ](""
|'{(} = |'(}
`'{(} = `'(}
/|&`> = &>'
/(-}| = (/'`
Now, determine the result for: |`{/}",|`/},Equation,length_mismatch
d96607f8,"In Alice's Wonderland, a secret set of transformation rules is applied to equations. Below are a few examples:
!<#""? = ?>
<?*{{ = <?{{
'!#^"" = ""?
}{#<< = ""<
^!#<! = ?:
Now, determine the result for: ""!*<}","""!<}",Equation,length_mismatch
d96e06fa,"In Alice's Wonderland, secret encryption rules are used on text. Here are some examples:
icoxfcl xlcoicw ifc fyttca bddp -> teacher creates the hidden book
jyvolt xfowcw ifc tolp sylldl -> wizard chases the dark mirror
xoi ysoeyacw xowikc -> cat imagines castle
bylt ysoeyacw yawytc kyblolq -> bird imagines inside library
Now, decrypt the following text: ifc wykgcl wimtcai rdmat",the silver student found,Cipher,unknown_query_chars
d98d85c0,"In Alice's Wonderland, a secret set of transformation rules is applied to equations. Below are a few examples:
(#-`> = ''
|'-'# = ||
@&+'> = '&&&
Now, determine the result for: (@+@?",?(&@,Equation,length_mismatch
d9a2b78f,"In Alice's Wonderland, a secret set of transformation rules is applied to equations. Below are a few examples:
61*15 = 76
41""12 = 4112
61""01 = 6101
07*61 = 68
18""37 = 1837
Now, determine the result for: 74*26",901,Equation,length_mismatch
d9bedb64,"In Alice's Wonderland, a secret set of transformation rules is applied to equations. Below are a few examples:
39(76 = 62
71^08 = 0631
21(98 = (77
28^15 = 2814
75*77 = 7775
Now, determine the result for: 04(14",(1,Equation,length_mismatch
d9e00612,"In Alice's Wonderland, secret encryption rules are used on text. Here are some examples:
tym sabnmat tgwtcm etgxnme -> the ancient turtle studies
xwszra emme vgllcm -> dragon sees puzzle
bst xwmsje orri -> cat dreams book
Now, decrypt the following text: onwx qrgax tym ownzyt zswxma",bird found the bright garden,Cipher,unknown_query_chars
da040da4,"In Alice's Wonderland, secret encryption rules are used on text. Here are some examples:
ply gfbpydmszb vzyyw jdyrgb -> the mysterious queen dreams
vzyyw hsuuskb jssd -> queen follows door
arp bpzjmyb mwbmjy trdjyw -> cat studies inside garden
ply byadyp cmdj dyrjb -> the secret bird reads
Now, decrypt the following text: pyralyd mgrtmwyb qspmsw",teacher imagines potion,Cipher,unknown_query_chars
da062350,"In Alice's Wonderland, a secret set of transformation rules is applied to equations. Below are a few examples:
!<+!< = [?
:#]<! = ][!
?']{# = ]!
[""][? = ](
Now, determine the result for: ?'+!""",<[,Equation,length_mismatch
da10a947,"In Alice's Wonderland, a secret set of transformation rules is applied to equations. Below are a few examples:
/[]>! = /^
{$'>/ = ![
{#]^> = ^[]
/[])^ = >/]
{>'>$ = !{
Now, determine the result for: /{-^{",^$!^,Equation,length_mismatch
da2998b6,"In Alice's Wonderland, a secret set of transformation rules is applied to equations. Below are a few examples:
^#+[| = >?<
^^+$> = ([
#[-?> = -#^
Now, determine the result for: <(-<#",-?|,Equation,length_mismatch
da353dee,"In Alice's Wonderland, a secret set of transformation rules is applied to equations. Below are a few examples:
//+`| = |'}
''+{/ = '@}
'@+{| = '}}
:&*@` = ""/`@
&'*/@ = {""}:
Now, determine the result for: |@*""&","@@@""",Equation,length_mismatch
da3f727d,"In Alice's Wonderland, a secret set of transformation rules is applied to equations. Below are a few examples:
72'53 = 124
12$15 = 179
48/25 = 23
32$28 = 895
26$57 = 1481
Now, determine the result for: 59/73",/14,Equation,length_mismatch
da51295d,"In Alice's Wonderland, a secret set of transformation rules is applied to equations. Below are a few examples:
@&'>[ = //>
]^'/[ = /]>
[|-`^ = `>
|@'&` = `]>
Now, determine the result for: />{[<",@]`,Equation,length_mismatch
da61dedc,"In Alice's Wonderland, a secret set of transformation rules is applied to equations. Below are a few examples:
&@]}$ = ]@?
@@`|{ = |${
/?]}} = ]?/
%|`$? = /|/$
Now, determine the result for: }}`|#",/|{#,Equation,length_mismatch
da7f04b5,"In Alice's Wonderland, secret encryption rules are used on text. Here are some examples:
nallq rllr soptl ipqhlvfsqh -> queen sees above wonderland
ruahlqu ivjulr jqrjhl pmlsq -> student writes inside ocean
uxl ycrulvjpar ruahlqu ruahjlr -> the mysterious student studies
ojvh hvsir uvlsravl -> bird draws treasure
Now, decrypt the following text: msu zpffpir uxl yswjmsf dpujpq",cat follows the magical potion,Cipher,unknown_query_chars
da931308,"In Alice's Wonderland, a secret set of transformation rules is applied to equations. Below are a few examples:
^)+}\ = <\
>}+^\ = |]
`>+<) = ]>
Now, determine the result for: ^}-}(",-(],Equation,length_mismatch
dac75343,"In Alice's Wonderland, a secret set of transformation rules is applied to equations. Below are a few examples:
%|*`# = (||{
%%+{` = %%{`
@|*{( = ''[#
%@-() = |@
%`-@% = -`#
Now, determine the result for: #@+@`",#@@`,Equation,length_mismatch
dad3bf21,"In Alice's Wonderland, a secret set of transformation rules is applied to equations. Below are a few examples:
?`*}] = `]][
?&+)< = ?&)<
&[*&> = ])])
$$*]} = `}&&
Now, determine the result for: `&-$[",-}},Equation,length_mismatch
dadc24d7,"In Alice's Wonderland, a secret set of transformation rules is applied to equations. Below are a few examples:
^:)}^ = %/%
/|)}/ = [{
!}'^< = }%
Now, determine the result for: [<){}",{{,Equation,length_mismatch
dafd11de,"In Alice's Wonderland, a secret set of transformation rules is applied to equations. Below are a few examples:
""^+&: = ?|(
^^+""@ = ??""
(!+""| = ?:^
|@*""^ = |&"":
Now, determine the result for: ??+:'",(',Equation,length_mismatch
db1e0603,"In Alice's Wonderland, a secret set of transformation rules is applied to equations. Below are a few examples:
!&\&& = }}//
]%\%% = &>/?
}}(>& = (%}
&&(?> = (%[
?%\[% = [/??
Now, determine the result for: }}\!}",![},Equation,length_mismatch
db4383f3,"In Alice's Wonderland, a secret set of transformation rules is applied to equations. Below are a few examples:
23`38 = 15
27&76 = 931
01$97 = 197
Now, determine the result for: 01$75",175,Equation,length_mismatch
db4f43ef,"In Alice's Wonderland, a secret set of transformation rules is applied to equations. Below are a few examples:
]]-|' = ""%
]""-%] = ""
$""*?$ = ""|@`
'|*#` = ##$
'?+]% = |||
Now, determine the result for: ?`*]%","%""|@",Equation,length_mismatch
db4f6493,"In Alice's Wonderland, secret encryption rules are used on text. Here are some examples:
lmz dqnz cvqyml xhwva -> the wise knight found
lwoljz xhjjhdn lmz evgqzvl ahho -> turtle follows the ancient door
lwoljz nzzn uwbbjz -> turtle sees puzzle
lmz nzgozl lzegmzo doqlzn -> the secret teacher writes
lmz fsnlzoqhwn ejqgz ztujhozn -> the mysterious alice explores
Now, decrypt the following text: fhwnz aozefn vzeo pqjjeyz",mouse dreams near village,Cipher,unknown_query_chars
db564ba9,"In Alice's Wonderland, a secret set of transformation rules is applied to equations. Below are a few examples:
`:-}} = -!]
|}-^# = -)|
^`+!| = ^`!|
!]+)# = !])#
Now, determine the result for: )]*)^",(`#,Equation,length_mismatch
db5a5b71,"In Alice's Wonderland, a secret set of transformation rules is applied to equations. Below are a few examples:
21*31 = 651
54""25 = 7
74*52 = 5711
Now, determine the result for: 58""42",31,Equation,length_mismatch
db66c42c,"In Alice's Wonderland, a secret set of transformation rules is applied to equations. Below are a few examples:
}!-&' = -^(
&@-@^ = [!
@}+([ = }?^
}}*[^ = ![&
Now, determine the result for: [!-:^",'},Equation,length_mismatch
db677e8c,"In Alice's Wonderland, secret encryption rules are used on text. Here are some examples:
eid honqdj iteedj ajdtch -> the silver hatter dreams
xopb gtevidh eid fjobie ctl -> king watches the bright map
xpobie ajdtch eid vkjowkh fwwx -> knight dreams the curious book
ykddp ajdtch pdtj btjadp -> queen dreams near garden
edtvidj hddh vjshetn -> teacher sees crystal
Now, decrypt the following text: eid atjx ajtbwp mwnnwgh",the dark dragon follows,Cipher,unknown_query_chars
db6a5663,"In Alice's Wonderland, a secret set of transformation rules is applied to equations. Below are a few examples:
59}32 = 92
72""49 = 3528
71}11 = 83
92*64 = *28
11""43 = 473
Now, determine the result for: 31""95",2945,Equation,length_mismatch
db7b3454,"In Alice's Wonderland, secret encryption rules are used on text. Here are some examples:
wjb rbveosr bls rbfjxms zjq -> cat studies the strange map
bls jxwosxb qfoxwsrr iavxe -> the ancient princess found
jgows iaggahr kst -> alice follows key
wjb rssr bls wgsnsf zoffaf -> cat sees the clever mirror
hodjfe eorwansfr bls zjmowjg wftrbjg -> wizard discovers the magical crystal
Now, decrypt the following text: bls ztrbsfoavr yofe iavxe",the mysterious bird found,Cipher,unknown_query_chars
db89abd9,"In Alice's Wonderland, secret encryption rules are used on text. Here are some examples:
nqrzcf orkhmeu zrqnef -> dragon watches garden
xlfz orkhmeu geycfn zrqnef -> king watches beyond garden
olvrqn nqersu rgcbe wlgqrqy -> wizard dreams above library
Now, decrypt the following text: iqlfheuu hmrueu kmqcpzm blwwrze",princess chases through village,Cipher,unknown_query_chars
db9d916c,"In Alice's Wonderland, secret encryption rules are used on text. Here are some examples:
aqb iywmqa rvlnb dqunbn -> the bright mouse chases
aqb nwtfby cjwmqa wrumwjbn -> the silver knight imagines
hyumvj dybuabn dyxnaut -> dragon creates crystal
Now, decrypt the following text: owzuyh bestvybn ibxvjh twiyuyx",wizard explores beyond library,Cipher,unknown_query_chars
dba045b0,"In Alice's Wonderland, a secret set of transformation rules is applied to equations. Below are a few examples:
)@+"") = @<
{!*}^ = {!}^
`@+){ = ""^""
!^+[^ = """")
)`*[{ = )`[{
Now, determine the result for: }<-}`",`,Equation,length_mismatch
dbc6defc,"In Alice's Wonderland, a secret set of transformation rules is applied to equations. Below are a few examples:
51}40 = 2040
60<27 = 6027
56'45 = 11
86<34 = 8634
84'33 = 51
Now, determine the result for: 82}23",1886,Equation,length_mismatch
dbd0e3c9,"In Alice's Wonderland, a secret set of transformation rules is applied to equations. Below are a few examples:
68*11 = 6811
31*85 = 3185
82`11 = 901
46#14 = 32
43`30 = 1289
Now, determine the result for: 56*31",5631,Equation,length_mismatch
dbdbbaa3,"In Alice's Wonderland, a secret set of transformation rules is applied to equations. Below are a few examples:
""$*'$ = '$""$
$'+""# = >('
$\+}@ = '""'
""""+\"" = ($
Now, determine the result for: >#+(>",>'',Equation,length_mismatch
dc05de11,"In Alice's Wonderland, secret encryption rules are used on text. Here are some examples:
cov oabbvm cyfcnv zkymb -> the hidden turtle found
xuc gfacvi ivxfvc -> cat writes secret
icybvmc xfvucvi cfvuiyfv -> student creates treasure
Now, decrypt the following text: unaxv fvubi cov hknbvm cfvuiyfv",alice reads the golden treasure,Cipher,unknown_query_chars
dc0f5e5e,"In Alice's Wonderland, a secret set of transformation rules is applied to equations. Below are a few examples:
<#+{\ = <#{\
<<*{> = {!\^
#>*## = }}%%
\{+!} = \{!}
Now, determine the result for: %%+}#",%%}#,Equation,length_mismatch
dc178d1c,"In Alice's Wonderland, a secret set of transformation rules is applied to equations. Below are a few examples:
17""04 = 111
29""45 = 641
72""48 = 111
Now, determine the result for: 65+69",04,Equation,length_mismatch
dc240ebd,"In Alice's Wonderland, a secret set of transformation rules is applied to equations. Below are a few examples:
>@-`` = ::``
:}-:: = ""|<
)>-)> = >"":>
@>-)< = @@)\
)|-<"" = "":)<
Now, determine the result for: >|-}|",`}:},Equation,length_mismatch
dc6c0d49,"In Alice's Wonderland, a secret set of transformation rules is applied to equations. Below are a few examples:
(([!( = |>}
}(*?? = ?|@#
\(*?! = |:?(
\}&}? = &((
Now, determine the result for: @#*!@",:>?#,Equation,length_mismatch
dc73d295,"In Alice's Wonderland, a secret set of transformation rules is applied to equations. Below are a few examples:
45%82 = %37
15*11 = 25
75*60 = 134
22%27 = %5
12%83 = %71
Now, determine the result for: 22*65",86,Equation,length_mismatch
dc7a5e7b,"In Alice's Wonderland, a secret set of transformation rules is applied to equations. Below are a few examples:
97?96 = 01?
36!09 = 351
73@82 = 7382
Now, determine the result for: 44@45",4445,Equation,length_mismatch
dc8c22f7,"In Alice's Wonderland, secret encryption rules are used on text. Here are some examples:
orddl qsfvdi exhad kead -> queen writes above cave
nevvds jsdebi jhhs -> hatter dreams door
vnd idksdv qfpesj thrlj -> the secret wizard found
kev jseqi flifjd bhrlvefl -> cat draws inside mountain
vnd elkfdlv vrsvyd thrlj -> the ancient turtle found
Now, decrypt the following text: ivrjdlv jfikhadsi vnshrcn yfxsesm",student discovers through library,Cipher,unknown_query_chars
dc93896e,"In Alice's Wonderland, a secret set of transformation rules is applied to equations. Below are a few examples:
%<-(! = [/
(?*?/ = (??/
<&-!/ = -[/
Now, determine the result for: ?<+//",[?<,Equation,length_mismatch
dcaf44c4,"In Alice's Wonderland, a secret set of transformation rules is applied to equations. Below are a few examples:
28-22 = 06
06+41 = 4106
09+13 = 1309
Now, determine the result for: 24*95",8742,Equation,length_mismatch
dcb9e01d,"In Alice's Wonderland, a secret set of transformation rules is applied to equations. Below are a few examples:
<<^>? = }`@?
|?^)@ = )@}`
}|\(< = `|`
}>\$< = @>`
}`%|< = <}
Now, determine the result for: $<\@>",}@`,Equation,length_mismatch
dcbf2073,"In Alice's Wonderland, a secret set of transformation rules is applied to equations. Below are a few examples:
92+49 = 9249
33|45 = |12
47-97 = 143
18+77 = 1877
10+39 = 1039
Now, determine the result for: 77-48",124,Equation,length_mismatch
dcf4518b,"In Alice's Wonderland, secret encryption rules are used on text. Here are some examples:
kxd zqhode neqitdzz zddz -> the silver princess sees
zkymdik jwhhwrz kxd xqmmdi kedczyed -> student follows the hidden treasure
zkymdik rcktxdz jwedzk -> student watches forest
Now, decrypt the following text: zkymdik qpcsqidz kxd zqhode jwedzk",student imagines the silver forest,Cipher,unknown_query_chars
dd2549dd,"In Alice's Wonderland, secret encryption rules are used on text. Here are some examples:
mysxgp wqqw cnq vgigybri mggy -> dragon sees the colorful door
hdesym hydcqw vykwcsi -> wizard writes crystal
cryciq bgrpm dpwdmq dwispm -> turtle found inside island
Now, decrypt the following text: ysffdc hscvnqw dpwdmq xsymqp",rabbit watches inside garden,Cipher,unknown_query_chars
dd450450,"In Alice's Wonderland, secret encryption rules are used on text. Here are some examples:
slety yoqlcmyj hemmcm -> alice explores mirror
ipewku tmysuyj hemmcm -> knight creates mirror
qmeptyjj myszj wsmzyp -> princess reads garden
Now, decrypt the following text: uky hswetsl ubmuly gmeuyj",the magical turtle writes,Cipher,unknown_query_chars
dd626fd0,"In Alice's Wonderland, a secret set of transformation rules is applied to equations. Below are a few examples:
55-34 = -21
97+96 = 841
04+34 = 38
84*85 = 5872
18+14 = 221
Now, determine the result for: 08*22",1671,Equation,length_mismatch
ddb9aafd,"In Alice's Wonderland, a secret set of transformation rules is applied to equations. Below are a few examples:
05'46 = 511
37]85 = 51
11'47 = 68
15""03 = 0351
Now, determine the result for: 55""18",5544,Equation,length_mismatch
dde06528,"In Alice's Wonderland, a secret set of transformation rules is applied to equations. Below are a few examples:
54`14 = 755
54%61 = %7
61%37 = 24
93`99 = 9206
Now, determine the result for: 84?52",8452,Equation,length_mismatch
dde816ef,"In Alice's Wonderland, secret encryption rules are used on text. Here are some examples:
zsgaxsy rgzaxst tzwyo -> teacher watches story
ckmj tzpbkst km lwystz -> king studies in forest
zxs tzygmjs qykmastt tzpbkst -> the strange princess studies
Now, decrypt the following text: ygnnkz rykzst zxs tzygmjs lwystz",rabbit writes the strange forest,Cipher,unknown_query_chars
de036bbf,"In Alice's Wonderland, a secret set of transformation rules is applied to equations. Below are a few examples:
@(+\\ = #!\
#!-#\ = #
'@-[[ = :
%%-@[ = #\
\[*#"" = @:%
Now, determine the result for: ''*#(",''#,Equation,length_mismatch
de06069c,"In Alice's Wonderland, secret encryption rules are used on text. Here are some examples:
usmmvl gnshgdvp muv pgxtvl nvppshv -> hatter imagines the silver message
qgdh rsmbuvp muv nzpmvlgifp eiiq -> king watches the mysterious book
muv wslq jfvvd pvvp -> the dark queen sees
qgdh blvsmvp gdpgwv nifdmsgd -> king creates inside mountain
Now, decrypt the following text: bsm vokxilvp evzidw ksxsbv",cat explores beyond palace,Cipher,unknown_query_chars
de3ea27c,"In Alice's Wonderland, a secret set of transformation rules is applied to equations. Below are a few examples:
\|*{@ = /|@%
!@+]| = !!^
\|*!! = |!\
/%*]{ = /\^%
Now, determine the result for: /@*|<",!|%],Equation,length_mismatch
de96d691,"In Alice's Wonderland, secret encryption rules are used on text. Here are some examples:
hjppfu zpidlfz phf zpujaof vfzzjof -> hatter studies the strange message
phf vjolsjt nulasfzz rulpfz -> the magical princess writes
vgizf shjzfz zpguw -> mouse chases story
Now, decrypt the following text: piuptf ygiad cfwgad tlcujuw",turtle found beyond library,Cipher,unknown_query_chars
dea42835,"In Alice's Wonderland, a secret set of transformation rules is applied to equations. Below are a few examples:
''-/> = )
/`*:[ = :[/`
>:*)$ = )$>:
:[*'/ = '/:[
`$+<[ = )<
Now, determine the result for: [/*['",['[/,Equation,length_mismatch
debff779,"In Alice's Wonderland, a secret set of transformation rules is applied to equations. Below are a few examples:
55*31 = 617
05-42 = 62
31*27 = 739
45*89 = 3925
59*26 = 1985
Now, determine the result for: 36-41",94,Equation,length_mismatch
dedce87a,"In Alice's Wonderland, secret encryption rules are used on text. Here are some examples:
gtogzk okcle grk fcnimcz moyegcz -> turtle reads the magical crystal
grk mpzpodtz gtogzk dptvl -> the colorful turtle found
grk fcnimcz gkcmrko mokcgke -> the magical teacher creates
ocssig lokcfe moyegcz -> rabbit dreams crystal
ocssig ekke aky -> rabbit sees key
Now, decrypt the following text: biqcol lokcfe jtqqzk",wizard dreams puzzle,Cipher,unknown_query_chars
deed3497,"In Alice's Wonderland, a secret set of transformation rules is applied to equations. Below are a few examples:
(|&"""" = /""#
""`!""] = !`
#""&## = //^
^#&^} = \#
^|!]^ = !\
Now, determine the result for: \^?]]",\^]],Equation,length_mismatch
df1e3788,"In Alice's Wonderland, a secret set of transformation rules is applied to equations. Below are a few examples:
?$+(? = >>?
&}-}^ = >#
#}*`# = #$}!
!!*($ = &!(>
Now, determine the result for: >&*>#",>^>,Equation,length_mismatch
df309eeb,"In Alice's Wonderland, a secret set of transformation rules is applied to equations. Below are a few examples:
11%89 = 78
44%38 = 93
42%42 = 0
86&73 = 6152
46%23 = 23%
Now, determine the result for: 02%79",77,Equation,length_mismatch
df3262bc,"In Alice's Wonderland, a secret set of transformation rules is applied to equations. Below are a few examples:
##-]? = #""
|@-%? = ?<
]""*@? = ]<#
@?+]@ = <""
Now, determine the result for: ]$-]?",]/,Equation,length_mismatch
df68ebdd,"In Alice's Wonderland, secret encryption rules are used on text. Here are some examples:
tvc ufxesfw lfccb zsqqskw -> the curious queen follows
uht uvhwcw bchx zsxcwt -> cat chases near forest
wtfncbt newusycxw afrrqc -> student discovers puzzle
mbegvt xchnw fbncx yhqqci -> knight reads under valley
Now, decrypt the following text: axebucww wtfnecw pcisbn zsxcwt",princess studies beyond forest,Cipher,unknown_query_chars
df6ead3d,"In Alice's Wonderland, secret encryption rules are used on text. Here are some examples:
yol huaremhf lxmejcx lenhm -> cat explores through tower
yol qmonf comqhd -> cat draws garden
gejfh terrenf flemz -> mouse follows story
ljmlrh qmhogf jdqhm vfrodq -> turtle dreams under island
Now, decrypt the following text: ivdc terrenf lxh yjmvejf gvmmem",king follows the curious mirror,Cipher,unknown_query_chars
df81fd9b,"In Alice's Wonderland, secret encryption rules are used on text. Here are some examples:
yra zujkmux yweyxa hywskah -> the magical turtle studies
yaumrae fekyah uoiqa xkoeueg -> teacher writes above library
fklues seufh yeauhwea -> wizard draws treasure
Now, decrypt the following text: hywsaty seufh kthksa muqa",student draws inside cave,Cipher,unknown_query_chars
df884c83,"In Alice's Wonderland, secret encryption rules are used on text. Here are some examples:
ych roxdcy cayyho uhhu -> the bright hatter sees
ikxdcy bohayhu ych jguyhoxlvu yohauvoh -> knight creates the mysterious treasure
rxoq bohayhu rlli -> bird creates book
rxoq bcauhu xk txmmadh -> bird chases in village
zxpaoq qoazu aolvkq ylzho -> wizard draws around tower
Now, decrypt the following text: ych blmlosvm zxpaoq slmmlzu",the colorful wizard follows,Cipher,unknown_query_chars
df92aa6a,"In Alice's Wonderland, a secret set of transformation rules is applied to equations. Below are a few examples:
02+12 = 24
23-25 = -02
82+17 = 001
94-63 = 31
Now, determine the result for: 82*76",7682,Equation,length_mismatch
dfec0ed4,"In Alice's Wonderland, a secret set of transformation rules is applied to equations. Below are a few examples:
15*59 = 1559
81}30 = 2431
18*77 = 1877
Now, determine the result for: 93*70",9370,Equation,length_mismatch
dfecf5f5,"In Alice's Wonderland, a secret set of transformation rules is applied to equations. Below are a few examples:
^]+'? = ||
&:+?& = {?
&/`&> = |:{
Now, determine the result for: {?+>{",',Equation,length_mismatch
e040cfe6,"In Alice's Wonderland, secret encryption rules are used on text. Here are some examples:
cbz tuinmur vnip piedr -> the curious bird draws
cbz ehtnzhc becczi pizekr -> the ancient hatter dreams
cbz dnrz tec wmuhp -> the wise cat found
Now, decrypt the following text: ohnfbc piedr cbz kjrczinmur pmmi",knight draws the mysterious door,Cipher,unknown_query_chars
e05203f5,"In Alice's Wonderland, secret encryption rules are used on text. Here are some examples:
bsw bpsyky hryhek msfsbk -> cat chases inside palace
wpk pheekr sfhbk hqsdhrky -> the hidden alice imagines
ywiekrw ehybcvkgy wpk bighciy qkyysdk -> student discovers the curious message
zhrd kxmfcgky wpk quywkghciy mcwhcr -> king explores the mysterious potion
Now, decrypt the following text: gstthw egsay tccz",rabbit draws book,Cipher,unknown_query_chars
e0564ae4,"In Alice's Wonderland, secret encryption rules are used on text. Here are some examples:
gxvvko ikki xolyhr ipgllz -> hatter sees around school
vgk cnik roxtlh dlyhr -> the wise dragon found
vyovzk kmwzloki jkelhr uxzzke -> turtle explores beyond valley
bnht convki vgk tlzrkh wyaazk -> king writes the golden puzzle
vgk plzlodyz vyovzk pokxvki -> the colorful turtle creates
Now, decrypt the following text: slyik rokxsi vgk ikpokv pxivzk",mouse dreams the secret castle,Cipher,unknown_query_chars
e056abdc,"In Alice's Wonderland, secret encryption rules are used on text. Here are some examples:
gfxsbuf stbpog flb lmssbu nxddyb -> student dreams the hidden puzzle
zmts atmfbg ftbpgxtb -> bird writes treasure
flb gftpuib cxbbu bqnyktbg -> the strange queen explores
flb vxtmkxg stpiku vtbpfbg -> the curious dragon creates
Now, decrypt the following text: lpffbt jkxus xusbt iptsbu",hatter found under garden,Cipher,unknown_query_chars
e07fffa6,"In Alice's Wonderland, a secret set of transformation rules is applied to equations. Below are a few examples:
08*89 = 9387
42-88 = -46
92+62 = 65
Now, determine the result for: 36-32",04,Equation,length_mismatch
e0819bcd,"In Alice's Wonderland, secret encryption rules are used on text. Here are some examples:
whxniha bltqg uq lnhxq -> teacher found in ocean
wih vkrwhaultr wtawch ahxgr -> the mysterious turtle reads
jauqnhrr fauwhr glla -> princess writes door
vltrh gurnlyhar jlwulq -> mouse discovers potion
othhq fauwhr wih rhnahw rhnahw -> queen writes the secret secret
Now, decrypt the following text: rwtghqw fxwnihr wih rucyha pxaghq",student watches the silver garden,Cipher,unknown_query_chars
e0ad7a6d,"In Alice's Wonderland, secret encryption rules are used on text. Here are some examples:
efd iakalmzk ylqpiduu hlqedu -> the colorful princess writes
jqpg ueztqdu efd iakalmzk udilde -> king studies the colorful secret
tlogap hlqedu efd hqud jdv -> dragon writes the wise key
Now, decrypt the following text: efd ikdbdl rzddp tquiabdlu",the clever queen discovers,Cipher,unknown_query_chars
e102a09d,"In Alice's Wonderland, a secret set of transformation rules is applied to equations. Below are a few examples:
43*33 = 3343
78-45 = 33
76+78 = 7876
67+69 = 6967
25*43 = 4325
Now, determine the result for: 42-44",-02,Equation,length_mismatch
e126a1e3,"In Alice's Wonderland, a secret set of transformation rules is applied to equations. Below are a few examples:
{($<( = <<\:
?<%!\ = %\?
\\%?@ = ]
?@$\( = ::(
@@%!? = %:
Now, determine the result for: {{*@?","<"":",Equation,length_mismatch
e13c832b,"In Alice's Wonderland, secret encryption rules are used on text. Here are some examples:
hzn bpon hnxfznc onno -> the wise teacher sees
hzn fgninc dpam qpofjinco -> the clever king discovers
hzn xafpnah dpam bcphno -> the ancient king writes
zxhhnc bcphno hzn zpqqna mxcqna -> hatter writes the hidden garden
Now, decrypt the following text: hrchgn bxhfzno hcnxorcn",turtle watches treasure,Cipher,unknown_query_chars
e141dc83,"In Alice's Wonderland, a secret set of transformation rules is applied to equations. Below are a few examples:
>:*/` = #/`
(\-:/ = />
'/+#> = &>'
'\*:` = (>\`
Now, determine the result for: &#+>:",:>,Equation,length_mismatch
e1536141,"In Alice's Wonderland, secret encryption rules are used on text. Here are some examples:
wbufckb wccw pibqik -> student sees potion
debbcm fqwaizcmw fiim -> hatter discovers door
mexxqb tiyyinw rcwwegc -> rabbit follows message
riuwc fmcerw bdc femh pibqik -> mouse dreams the dark potion
eyqac wbufqcw bdc aumqiuw fiim -> alice studies the curious door
Now, decrypt the following text: bdc aiyimtuy nqoemf adewcw",the colorful wizard chases,Cipher,unknown_query_chars
e1728524,"In Alice's Wonderland, a secret set of transformation rules is applied to equations. Below are a few examples:
12&13 = 01
57:58 = 161
06&91 = 14&
64:92 = 67
87&89 = 02
Now, determine the result for: 99/99",1089,Equation,length_mismatch
e192e12e,"In Alice's Wonderland, secret encryption rules are used on text. Here are some examples:
emf dfswfe she gwfhid -> the secret cat dreams
efhsmfw detgzfd shdepf -> teacher studies castle
efhsmfw fabpkwfd hqkof iktjehzj -> teacher explores above mountain
whqqze gzdskofwd bkezkj -> rabbit discovers potion
Now, decrypt the following text: mheefw nkppkyd emf spfofw ifddhrf",hatter follows the clever message,Cipher,unknown_query_chars
e199cb39,"In Alice's Wonderland, secret encryption rules are used on text. Here are some examples:
xcbbi wjteq hi hqotiw -> queen draws in island
lbtpvbj burogjbq lvb mtkhpto qlgja -> teacher explores the magical story
wjtkgi jbtwq rglhgi -> dragon reads potion
lvb qbpjbl rjhipbqq hmtkhibq -> the secret princess imagines
Now, decrypt the following text: lvb maqlbjhgcq tohpb whqpgdbjq",the mysterious alice discovers,Cipher,unknown_query_chars
e19d89e9,"In Alice's Wonderland, secret encryption rules are used on text. Here are some examples:
hogkuom kugdod kgdhfo -> teacher chases castle
hqmhfo kmoghod qpiom hbjom -> turtle creates under tower
dhqioph dood grbto hbjom -> student sees above tower
rymi mogid huo dokmoh lge -> bird reads the secret map
imgwbp ylgwypod huo dyftom dokmoh -> dragon imagines the silver secret
Now, decrypt the following text: mgrryh imogld huo kfotom cbmodh",rabbit dreams the clever forest,Cipher,unknown_query_chars
e1beed16,"In Alice's Wonderland, secret encryption rules are used on text. Here are some examples:
tliozul mxzklzt tldxw -> student creates story
lsz mdvdxpiv xkyygl oxkft -> the colorful rabbit draws
lixlvz mxzklzt lxzktixz -> turtle creates treasure
Now, decrypt the following text: xkyygl xzkot iuozx jkvvzw",rabbit reads under valley,Cipher,unknown_query_chars
e1c0ae13,"In Alice's Wonderland, a secret set of transformation rules is applied to equations. Below are a few examples:
18`29 = 522
97+36 = 134
79+75 = 155
52-33 = -19
Now, determine the result for: 92`54",4968,Equation,length_mismatch
e2361a00,"In Alice's Wonderland, a secret set of transformation rules is applied to equations. Below are a few examples:
]]<&} = <(
]}#]"" = '&!
'^#$! = $&
Now, determine the result for: ')<')",',Equation,length_mismatch
e247d364,"In Alice's Wonderland, a secret set of transformation rules is applied to equations. Below are a few examples:
29!81 = 47
08{33 = 0462
19|99 = 091
Now, determine the result for: 65!76",11,Equation,length_mismatch
e2bb1d9f,"In Alice's Wonderland, a secret set of transformation rules is applied to equations. Below are a few examples:
27-76 = 5
19+88 = 081
49+76 = 261
Now, determine the result for: 03-94",-91,Equation,length_mismatch
e2c069ae,"In Alice's Wonderland, a secret set of transformation rules is applied to equations. Below are a few examples:
@^)<! = /::@
:{}@^ = %@
^%}/@ = @{}
?%)@{ = ??!
?%\{% = {?{
Now, determine the result for: :!}{:",/{,Equation,length_mismatch
e2f2bea4,"In Alice's Wonderland, a secret set of transformation rules is applied to equations. Below are a few examples:
61+75 = 7561
19-54 = 64
21-37 = -16
Now, determine the result for: 29*26",3075,Equation,length_mismatch
e307429d,"In Alice's Wonderland, a secret set of transformation rules is applied to equations. Below are a few examples:
42\92 = 5\
34/94 = 29
82\67 = 84\
71/14 = 85
Now, determine the result for: 47[44",6523,Equation,length_mismatch
e31b46ff,"In Alice's Wonderland, secret encryption rules are used on text. Here are some examples:
ogl tuyblw olpkglw rwpqt -> the silver teacher draws
nuix uhpxuilt dcvvyl -> king imagines puzzle
fclli rwpqt ogl tuyblw dcvvyl -> queen draws the silver puzzle
Now, decrypt the following text: ocwoyl wlprt huwwsw",turtle reads mirror,Cipher,unknown_query_chars
e33f1695,"In Alice's Wonderland, a secret set of transformation rules is applied to equations. Below are a few examples:
75'62 = 4650
51'59 = 3009
56'13 = 728
64+59 = +5
Now, determine the result for: 55^54",5554,Equation,length_mismatch
e379414c,"In Alice's Wonderland, secret encryption rules are used on text. Here are some examples:
gtlcrp dtuonq ltrhpg drpgntylpg -> dragon writes around wonderland
qohgnpo stnlonq upqugn uqylpg -> student creates inside island
oan qotlpcn ohtoyn nexyrtnq -> the strange turtle explores
aloont stnlonq oan qotlpcn klx -> hatter creates the strange map
lyusn dtuonq upqugn rsnlp -> alice writes inside ocean
Now, decrypt the following text: futg zrhpg oan ftucao klx",bird found the bright map,Cipher,unknown_query_chars
e3890bf7,"In Alice's Wonderland, a secret set of transformation rules is applied to equations. Below are a few examples:
(^}#% = @$(
?^*#? = ^@#^
{(}&? = &{(
Now, determine the result for: (^*{@",{@%],Equation,length_mismatch
e38c423b,"In Alice's Wonderland, a secret set of transformation rules is applied to equations. Below are a few examples:
$!*(( = (>(#
)@*@| = (""""!
(@*#$ = (<#""
$>-|$ = -!<
|@-@| = -$
Now, determine the result for: ""(+@""","""(@""",Equation,length_mismatch
e38e6518,"In Alice's Wonderland, secret encryption rules are used on text. Here are some examples:
lpi ocirim umtsqz umtfb -> the clever dragon draws
mtvvxl ftlopib otblci -> rabbit watches castle
exzs ftlopib lpi oqcqmhdc uqqm -> king watches the colorful door
ezxspl biib stmuiz -> knight sees garden
Now, decrypt the following text: exzs hqdzu eik",king found key,Cipher,unknown_query_chars
e3b06854,"In Alice's Wonderland, a secret set of transformation rules is applied to equations. Below are a few examples:
/\*>' = /\>'
:)*:? = :):?
:'->& = >/
?`+\! = //`
?`-?: = /
Now, determine the result for: `:+`!",/&:,Equation,length_mismatch
e3b3573a,"In Alice's Wonderland, a secret set of transformation rules is applied to equations. Below are a few examples:
65""66 = 221
46|47 = 5374
56""39 = 851
12""43 = 55
Now, determine the result for: 76|48",7265,Equation,length_mismatch
e3bf0c2c,"In Alice's Wonderland, a secret set of transformation rules is applied to equations. Below are a few examples:
@"")`[ = ^^`[
/`)@& = \'""""
'')'& = '`&
`/)""( = @&\&
\/}@` = `[
Now, determine the result for: @`}''","""`",Equation,length_mismatch
e3fbc768,"In Alice's Wonderland, a secret set of transformation rules is applied to equations. Below are a few examples:
??/:^ = ){)?
:'`^) = [
{!`)( = %
Now, determine the result for: {%/??",'(^),Equation,length_mismatch
e401ee4f,"In Alice's Wonderland, a secret set of transformation rules is applied to equations. Below are a few examples:
^?*/"" = }}<?
>^-}@ = /}
}@+}& = [/
Now, determine the result for: [<*"">",^^@},Equation,length_mismatch
e41eac0a,"In Alice's Wonderland, secret encryption rules are used on text. Here are some examples:
rmv uykrdsqek pmz -> cat discovers map
byeu kvwuyqk voq kyxsqe tdeqkv -> bird studies the silver forest
voq beynov embbyv kqqk -> the bright rabbit sees
jygmeu jmvroqk voq rdxdetwx pqkkmnq -> wizard watches the colorful message
Now, decrypt the following text: embbyv eqmuk reakvmx",rabbit reads crystal,Cipher,unknown_query_chars
e4351236,"In Alice's Wonderland, secret encryption rules are used on text. Here are some examples:
vsttli mlepwhqve fwilwk -> rabbit discovers potion
jwbeq mvsre iuq jsolpsd ivqsebvq -> mouse draws the magical treasure
iuq pbvlwbe fvlkpqee cwddwre -> the curious princess follows
Now, decrypt the following text: jwbeq qzfdwvqe iuq rleq pvxeisd",mouse explores the wise crystal,Cipher,unknown_query_chars
e4479bb1,"In Alice's Wonderland, a secret set of transformation rules is applied to equations. Below are a few examples:
12#37 = 443
30(57 = (27
66(34 = 32
43#33 = 1418
26(43 = (17
Now, determine the result for: 56(91",(35,Equation,length_mismatch
e483e127,"In Alice's Wonderland, a secret set of transformation rules is applied to equations. Below are a few examples:
)]}>) = ]>::
)'{)< = :'
`#{|' = '])
Now, determine the result for: :]}#:",#''>,Equation,length_mismatch
e4aeed67,"In Alice's Wonderland, a secret set of transformation rules is applied to equations. Below are a few examples:
'(#?` = '(`{
`':}"" = (}
@{:{` = {')
({^)& = {""
Now, determine the result for: '"":'{",@`,Equation,length_mismatch
e4b61718,"In Alice's Wonderland, secret encryption rules are used on text. Here are some examples:
npvvhy dqwot yrs bqxtso dqnsfy -> rabbit found the golden forest
pxhes dqwot ho zqotsnxpot -> alice found in wonderland
cwsso fywthsf yrs rhttso lhnnqn -> queen studies the hidden mirror
vhnt tnsplf yrs rhttso engfypx -> bird dreams the hidden crystal
yrs ewnhqwf tnpbqo smuxqnsf -> the curious dragon explores
Now, decrypt the following text: zhipnt dqwot yrs fhxjsn uqyhqo",wizard found the silver potion,Cipher,unknown_query_chars
e4b6ce82,"In Alice's Wonderland, a secret set of transformation rules is applied to equations. Below are a few examples:
36/55 = 811
13@04 = 0421
53@71 = 595
Now, determine the result for: 24@32",669,Equation,length_mismatch
e4ca4f9e,"In Alice's Wonderland, a secret set of transformation rules is applied to equations. Below are a few examples:
^!-?? = #@@
?#-&[ = #]^
@#(#: = @##:
[](#@ = []#@
{&(!] = {&!]
Now, determine the result for: #:'{@",'#{,Equation,length_mismatch
e4cc7639,"In Alice's Wonderland, a secret set of transformation rules is applied to equations. Below are a few examples:
62[83 = 5146
99[39 = 3861
14[53 = 742
33[43 = 1419
80!25 = 5
Now, determine the result for: 48*64",113,Equation,length_mismatch
e518256e,"In Alice's Wonderland, a secret set of transformation rules is applied to equations. Below are a few examples:
60[58 = 3480
89""28 = 61
36%68 = 105
Now, determine the result for: 94""10",84,Equation,length_mismatch
e526fae1,"In Alice's Wonderland, secret encryption rules are used on text. Here are some examples:
zio eobjoz bpz bipeoe -> the secret cat chases
zfjzao ezflyoe wfnnao -> turtle studies puzzle
zio qjydiz hxfeo lyebxuoje -> the bright mouse discovers
Now, decrypt the following text: zio iyllot ezflotz ljophe",the hidden student dreams,Cipher,unknown_query_chars
e55fd0b8,"In Alice's Wonderland, secret encryption rules are used on text. Here are some examples:
jhttgu iuxtgq hudvek ydvethxe -> hatter writes around mountain
tjg ysqtguxdvq tghojgu kughyq -> the mysterious teacher dreams
tvutbg kuhiq yhn -> turtle draws map
rxea ihtojgq kddu -> king watches door
ixlhuk kxqodmguq nvllbg -> wizard discovers puzzle
Now, decrypt the following text: qtvkget ihtojgq zgsdek ahukge",student watches beyond garden,Cipher,unknown_query_chars
e56546cc,"In Alice's Wonderland, secret encryption rules are used on text. Here are some examples:
lpofcb ydrab eddt -> wizard found book
nih khschn fvpsh schfnhk -> the secret alice creates
tapuin lcpnhk xhkkfuh -> knight writes message
nih udvbha tpau khhk -> the golden king sees
nrcnvh ydvvdlk nicdrui pkvfab -> turtle follows through island
Now, decrypt the following text: nrcnvh bpksdjhck thz",turtle discovers key,Cipher,unknown_query_chars
e582df31,"In Alice's Wonderland, a secret set of transformation rules is applied to equations. Below are a few examples:
}#[""' = :@}'
]]!^"" = #""
]/?}] = ?@#
Now, determine the result for: ""'?]@",}@,Equation,length_mismatch
e585410a,"In Alice's Wonderland, a secret set of transformation rules is applied to equations. Below are a few examples:
""@+@! = ""@@!
/@*:} = :$}$
$/-]] = -)!
@:-}# = -:/
Now, determine the result for: $""+!@","$""!@",Equation,length_mismatch
e5956ffa,"In Alice's Wonderland, a secret set of transformation rules is applied to equations. Below are a few examples:
02}46 = 44
14}29 = 15
22<21 = 43
13[34 = 1334
59}74 = 84}
Now, determine the result for: 53<39",821,Equation,length_mismatch
e5a54a53,"In Alice's Wonderland, secret encryption rules are used on text. Here are some examples:
xnrjkfvv knfgyfv yif gjkrfjy pfo -> princess creates the ancient key
vycsfjy vycsrfv yif vyngjmf ynfgvcnf -> student studies the strange treasure
yif keuenlcu zcffj lecjs -> the colorful queen found
aecvf vycsrfv gnecjs lenfvy -> mouse studies around forest
xnrjkfvv kigvfv mgnsfj -> princess chases garden
Now, decrypt the following text: nghhry snfgav hfoejs vkieeu",rabbit dreams beyond school,Cipher,unknown_query_chars
e5b65a4c,"In Alice's Wonderland, a secret set of transformation rules is applied to equations. Below are a few examples:
`)<#` = ?%)
%^@?` = |%
)!@%? = `?#
Now, determine the result for: |%@#)",``#,Equation,length_mismatch
e5d4eeb8,"In Alice's Wonderland, a secret set of transformation rules is applied to equations. Below are a few examples:
93+97 = 811
73-66 = -92
41*27 = 9001
01+34 = 35
Now, determine the result for: 92*09",1162,Equation,length_mismatch
e5d6e090,"In Alice's Wonderland, a secret set of transformation rules is applied to equations. Below are a few examples:
[/-&{ = >@
|{-@< = #{
[|*#> = |<&
Now, determine the result for: @@+><",#<@,Equation,length_mismatch
e5e29014,"In Alice's Wonderland, a secret set of transformation rules is applied to equations. Below are a few examples:
^)*{! = :)>%
)|->) = ^{
>>*#{ = ##^^
Now, determine the result for: >)-|)",'%,Equation,length_mismatch
e62b6ae9,"In Alice's Wonderland, a secret set of transformation rules is applied to equations. Below are a few examples:
""<*#"" = !<#""
[[-!% = -#""
%""*!"" = ![#""
Now, determine the result for: `!*^<",[[`<,Equation,length_mismatch
e667f2d7,"In Alice's Wonderland, a secret set of transformation rules is applied to equations. Below are a few examples:
62*82 = *2
77*61 = *16
46*88 = *42
Now, determine the result for: 73*33",*4,Equation,length_mismatch
e6737768,"In Alice's Wonderland, secret encryption rules are used on text. Here are some examples:
spi hwysbuvny cvpn zpnhvc -> cat discovers near garden
onwcsvyy yijhwvy zpnhvc -> princess studies garden
plwsv wkpzwcvy ptbuv upllvx -> alice imagines above valley
spi yvvy invpyjnv -> cat sees treasure
fcwzmi smpyvy jchvn spyilv -> knight chases under castle
Now, decrypt the following text: ivpsmvn yijhwvy imv hpnf gbnvyi",teacher studies the dark forest,Cipher,unknown_query_chars
e676b5ed,"In Alice's Wonderland, secret encryption rules are used on text. Here are some examples:
lkb prbobm amytpbnn pmbvlbn -> the clever princess creates
lbvpkbm yqvxytbn lkb qvxypvr qbnnvxb -> teacher imagines the magical message
kvllbm nljcybn ytnycb xvmcbt -> hatter studies inside garden
lkb kyccbt vrypb pkvnbn -> the hidden alice chases
Now, decrypt the following text: ljmlrb mbvcn vmsjtc ynrvtc",turtle reads around island,Cipher,unknown_query_chars
e6af1658,"In Alice's Wonderland, a secret set of transformation rules is applied to equations. Below are a few examples:
){-}! = /""
[""+/] = /#{
""}-/) = {/
""]+() = [!
}]-]{ = /""
Now, determine the result for: )]*][",)})/,Equation,length_mismatch
e70d5739,"In Alice's Wonderland, a secret set of transformation rules is applied to equations. Below are a few examples:
95*89 = 3875
99-81 = 18
32+87 = 8732
Now, determine the result for: 57+62",6257,Equation,length_mismatch
e776562e,"In Alice's Wonderland, a secret set of transformation rules is applied to equations. Below are a few examples:
$]+]# = @{{
@{|{$ = :$$
#$|\$ = @#\$
Now, determine the result for: %#+:\",@\%,Equation,length_mismatch
e7b87b82,"In Alice's Wonderland, a secret set of transformation rules is applied to equations. Below are a few examples:
61>72 = 133
48>99 = 147
71>20 = 91
93<37 = 3440
80>82 = 162
Now, determine the result for: 29*39",10,Equation,length_mismatch
e7c7010f,"In Alice's Wonderland, secret encryption rules are used on text. Here are some examples:
qrg tjkpga tqedgwq gfnkoagt -> the silver student explores
qeaqkg iokkoyt qrg clsjblk sladgw -> turtle follows the magical garden
rlqqga daglct cgttlsg -> hatter dreams message
Now, decrypt the following text: tqedgwq yajqgt tqoau",student writes story,Cipher,unknown_query_chars
e7cf0394,"In Alice's Wonderland, a secret set of transformation rules is applied to equations. Below are a few examples:
88\87 = 7656
30]47 = 3047
52*15 = *37
Now, determine the result for: 97]83",9783,Equation,length_mismatch
e7dfe7d3,"In Alice's Wonderland, a secret set of transformation rules is applied to equations. Below are a few examples:
25)26 = 650
58)11 = 638
19%96 = 116
Now, determine the result for: 21+84",0,Equation,length_mismatch
e8011eb6,"In Alice's Wonderland, a secret set of transformation rules is applied to equations. Below are a few examples:
!%*/! = !""||
|%*|$ = $>>""
&%+%"" = &%%""
Now, determine the result for: !]*/>",]$|%,Equation,length_mismatch
e82ed6be,"In Alice's Wonderland, a secret set of transformation rules is applied to equations. Below are a few examples:
{{+!? = $/
)/+$$ = >/?
?$+<$ = ?/?
!'@!{ = <!
$/*?' = $>')
Now, determine the result for: $""+$/",/'?,Equation,length_mismatch
e836fb20,"In Alice's Wonderland, a secret set of transformation rules is applied to equations. Below are a few examples:
73+73 = 47
65*51 = 148
97*61 = 5621
58-04 = 54
Now, determine the result for: 89-21",68,Equation,length_mismatch
e839885d,"In Alice's Wonderland, secret encryption rules are used on text. Here are some examples:
xodfbi ibfxh yubjqmu lfggra -> wizard draws through valley
kqrrv ibfxh qvirb loggfmr -> queen draws under village
bfppoy xfycurh fpjlr gopbfba -> rabbit watches above library
tjqhr zjqvi ov mfbirv -> mouse found in garden
tjqhr otfmovrh yur ifbs tfn -> mouse imagines the dark map
Now, decrypt the following text: ufyyrb rengjbrh fbjqvi jcrfv",hatter explores around ocean,Cipher,unknown_query_chars
e8447ea9,"In Alice's Wonderland, secret encryption rules are used on text. Here are some examples:
owkkn bkkb fusrkn -> queen sees garden
suqqce rskulb edk tcbk lkbbufk -> rabbit dreams the wise message
suqqce yhwnr nkus yhskbe -> rabbit found near forest
tcpusr yhwnr edk rusm eskubwsk -> wizard found the dark treasure
owkkn bewrckb edk bcazks xwppak -> queen studies the silver puzzle
Now, decrypt the following text: xscnjkbb clufcnkb bkjske",princess imagines secret,Cipher,unknown_query_chars
e8de8b47,"In Alice's Wonderland, a secret set of transformation rules is applied to equations. Below are a few examples:
99\73 = 171
28}55 = 1540
96\90 = 185
48$12 = 0
Now, determine the result for: 57$56",1,Equation,length_mismatch
e903bc06,"In Alice's Wonderland, secret encryption rules are used on text. Here are some examples:
cps qdzbe ibuieh sdthm -> cat found inside tower
sgh pbcihbs oibf tmishu -> the ancient king writes
szmsxh cgpuhu sgh ypficpx yimmdm -> turtle chases the magical mirror
Now, decrypt the following text: pxich iypfibhu pmdzbe xilmpmv",alice imagines around library,Cipher,unknown_query_chars
e952f61f,"In Alice's Wonderland, a secret set of transformation rules is applied to equations. Below are a few examples:
27+68 = 96
23$56 = 1287
80$62 = 4959
91+92 = 184
83&17 = 66
Now, determine the result for: 50$94",4699,Equation,length_mismatch
e977d0b7,"In Alice's Wonderland, a secret set of transformation rules is applied to equations. Below are a few examples:
%:*:' = :${'
$%-%[ = $|
|'+/' = |'/'
'{+&: = '{&:
|'-:: = {&
Now, determine the result for: &[+/{",&[/{,Equation,length_mismatch
e9a84dd6,"In Alice's Wonderland, a secret set of transformation rules is applied to equations. Below are a few examples:
16*39 = 3916
78*71 = 7178
37+81 = 19
77+41 = 19
Now, determine the result for: 97+89",771,Equation,length_mismatch
e9a9f047,"In Alice's Wonderland, a secret set of transformation rules is applied to equations. Below are a few examples:
<\*{) = ))@
\[+\\ = {<\
{@+(| = {[<
`@-{[ = @
`""*<{ = {[<(
Now, determine the result for: <<+)\",|(,Equation,length_mismatch
e9aece37,"In Alice's Wonderland, a secret set of transformation rules is applied to equations. Below are a few examples:
""(*""` = \#`}
#}+'( = ??
}""-%` = '}
Now, determine the result for: """"*((","[`""`",Equation,length_mismatch
e9afa4a0,"In Alice's Wonderland, a secret set of transformation rules is applied to equations. Below are a few examples:
56-18 = 73
49{82 = 4019
26}35 = }9
Now, determine the result for: 13}64",}51,Equation,length_mismatch
e9b69bf8,"In Alice's Wonderland, a secret set of transformation rules is applied to equations. Below are a few examples:
66[34 = 8382
92!13 = 1392
13]87 = ]74
24]13 = 11
11]84 = ]73
Now, determine the result for: 99]84",15,Equation,length_mismatch
e9e6b620,"In Alice's Wonderland, a secret set of transformation rules is applied to equations. Below are a few examples:
69}44 = 112
17}34 = 50
91]83 = 7552
10}39 = 48
65]45 = 2924
Now, determine the result for: 91+66",25,Equation,length_mismatch
e9f8559a,"In Alice's Wonderland, a secret set of transformation rules is applied to equations. Below are a few examples:
{'*:> = :""??
{'+|: = >>
:{+|! = )}
''+'> = >){
Now, determine the result for: !'*!""",!|:',Equation,length_mismatch
ea04ed35,"In Alice's Wonderland, a secret set of transformation rules is applied to equations. Below are a few examples:
)}-|| = ""|
%&*""& = ""$)|
:""+:: = [[%
Now, determine the result for: ||+$&","|""",Equation,length_mismatch
ea670351,"In Alice's Wonderland, secret encryption rules are used on text. Here are some examples:
usgial uivrzem qylea hidire -> wizard watches under palace
zivvea rzimem nffj -> hatter chases book
hasyremm pfqyl vzafqbz freiy -> princess found through ocean
Now, decrypt the following text: hasyremm pfddfum jet",princess follows key,Cipher,unknown_query_chars
ea6d926a,"In Alice's Wonderland, a secret set of transformation rules is applied to equations. Below are a few examples:
15-77 = 62
78*32 = 2002
41-05 = 8
95*11 = 056
Now, determine the result for: 25+62",87,Equation,length_mismatch
ea829b32,"In Alice's Wonderland, a secret set of transformation rules is applied to equations. Below are a few examples:
85]82 = ]3
33]83 = ]50
98]60 = ]38
87]79 = ]8
Now, determine the result for: 54|97",151,Equation,length_mismatch
ea9f3811,"In Alice's Wonderland, a secret set of transformation rules is applied to equations. Below are a few examples:
82+71 = 8271
37{45 = 1666
22+80 = 2280
21+73 = 2173
Now, determine the result for: 46}59",}13,Equation,length_mismatch
eabc719f,"In Alice's Wonderland, a secret set of transformation rules is applied to equations. Below are a few examples:
\/-`> = $%%/
`$:%] = >/`
/>:/$ = >|\
Now, determine the result for: `""-%""","/$""""",Equation,length_mismatch
eac0e775,"In Alice's Wonderland, a secret set of transformation rules is applied to equations. Below are a few examples:
@@+)` = )`@@
<`-): = -|]
^]*`/ = ^:|]
Now, determine the result for: <(+<@",<@<(,Equation,length_mismatch
eac4329c,"In Alice's Wonderland, secret encryption rules are used on text. Here are some examples:
iaooud ywjenzudj jueduo -> hatter discovers secret
mwfady ywjenzudj tuknqy eazu -> wizard discovers beyond cave
ohdopu ywjenzudj quad zwppalu -> turtle discovers near village
Now, decrypt the following text: bnhju johywuj bwddnd",mouse studies mirror,Cipher,unknown_query_chars
ead0e1dd,"In Alice's Wonderland, a secret set of transformation rules is applied to equations. Below are a few examples:
87`52 = 35
65`02 = 63
62`09 = `46
Now, determine the result for: 63/38",911,Equation,length_mismatch
ead8fe28,"In Alice's Wonderland, a secret set of transformation rules is applied to equations. Below are a few examples:
88(82 = 5642
56`82 = 39
91`43 = 35
Now, determine the result for: 74`49",141,Equation,length_mismatch
eade322c,"In Alice's Wonderland, secret encryption rules are used on text. Here are some examples:
xagtl bmztlt qlzw vkuuzel -> mouse chases near village
oml tkuvlw ogwoul kxzekqlt -> the silver turtle imagines
ogwoul rktbavlwt omwagem tbmaau -> turtle discovers through school
Now, decrypt the following text: oml tlbwlo nqkemo bwlzolt",the secret knight creates,Cipher,unknown_query_chars
eafc7e67,"In Alice's Wonderland, a secret set of transformation rules is applied to equations. Below are a few examples:
23-36 = 13
74-85 = 11
66*39 = 9316
Now, determine the result for: 85*67",9044,Equation,length_mismatch
eb0dcb97,"In Alice's Wonderland, a secret set of transformation rules is applied to equations. Below are a few examples:
#@+{$ = )""[
#$+<"" = {#[
#)-<} = -@[
#)*<"" = <""[{
Now, determine the result for: #}-""#",${,Equation,length_mismatch
eb15487a,"In Alice's Wonderland, secret encryption rules are used on text. Here are some examples:
cwlstn ytxiri ntr yzmljzi oriixsr -> knight chases the curious message
mxaaln loxslwri yxingr -> rabbit imagines castle
ntr ilgvrm nrxytrm mrxui -> the silver teacher reads
mxaaln uliyjvrmi yxingr -> rabbit discovers castle
Now, decrypt the following text: umxsjw inzulri wrxm njhrm",dragon studies near tower,Cipher,unknown_query_chars
eb1a62f7,"In Alice's Wonderland, a secret set of transformation rules is applied to equations. Below are a few examples:
)^-{! = -(@
>)+}@ = }}{
%%+?^ = )@{
Now, determine the result for: )}*>)",>!>},Equation,length_mismatch
eb30ac27,"In Alice's Wonderland, secret encryption rules are used on text. Here are some examples:
pqvgwm uwsmp am dwreq -> dragon found in tower
devzjeq uwnnwrf dje lqagjd tskkne -> teacher follows the bright puzzle
tqamzeff pqvrf dje ovgazvn twdawm -> princess draws the magical potion
Now, decrypt the following text: owsfe pafzwxeqf lwwi",mouse discovers book,Cipher,unknown_query_chars
eb354353,"In Alice's Wonderland, a secret set of transformation rules is applied to equations. Below are a few examples:
//}|< = @|/<
[@!""/ = \%
""&!\/ = !@""
%/}@@ = &%/%
Now, determine the result for: %%}||",\%<%,Equation,length_mismatch
eb68289b,"In Alice's Wonderland, a secret set of transformation rules is applied to equations. Below are a few examples:
97+53 = 411
54*48 = 1873
49-99 = -5
87+07 = 841
Now, determine the result for: 72-55",-82,Equation,length_mismatch
eb6a20e4,"In Alice's Wonderland, secret encryption rules are used on text. Here are some examples:
oin ixhhnt onwyinp swoyinc -> the hidden teacher watches
oin ixhhnt zxph hpnwac -> the hidden bird dreams
oin cnypno qunnt hxcyfrnpc -> the secret queen discovers
Now, decrypt the following text: hpwbft yiwcnc xtcxhn ywrn",dragon chases inside cave,Cipher,unknown_query_chars
ebc56423,"In Alice's Wonderland, a secret set of transformation rules is applied to equations. Below are a few examples:
`&-}[ = -[`
`[-%) = -((
(&-(% = ->:
Now, determine the result for: [[-)}",-(`,Equation,length_mismatch
ebcf541d,"In Alice's Wonderland, secret encryption rules are used on text. Here are some examples:
pvuntgaa agga tveajkq -> princess sees crystal
jsg tyvuwya iyggn tvgkjga -> the curious queen creates
buvl lvkxa bgewnl cwynjkun -> bird draws beyond mountain
xurkvl vgkla tveajkq -> wizard reads crystal
Now, decrypt the following text: dnuhsj xvujga hkvlgn",knight writes garden,Cipher,unknown_query_chars
ec14170e,"In Alice's Wonderland, secret encryption rules are used on text. Here are some examples:
lgjjbc tlgke dugl oqmdcgbd -> rabbit draws near mountain
hgccul sqmdt chu gdvbudc jqqn -> hatter found the ancient book
ndbahc euue dugl qvugd -> knight sees near ocean
Now, decrypt the following text: lgjjbc vlugcue bd kqdtulwgdt",rabbit creates in wonderland,Cipher,unknown_query_chars
ec2099f5,"In Alice's Wonderland, a secret set of transformation rules is applied to equations. Below are a few examples:
\@-|@ = \
\@*:! = }:}:
|:-\[ = -\\
]}*}\ = :}:
}\-\@ = -'[
Now, determine the result for: }[*][",:]'\,Equation,length_mismatch
ec37a5e7,"In Alice's Wonderland, a secret set of transformation rules is applied to equations. Below are a few examples:
15*06 = 0603
81*54 = 018
35*55 = 5192
46*95 = 6773
82*78 = 6342
Now, determine the result for: 42-59",-17,Equation,length_mismatch
ec466776,"In Alice's Wonderland, secret encryption rules are used on text. Here are some examples:
xnjuzm bdaxyib wzdyzm -> dragon studies potion
rjddin grjbib kipzmx dzhin -> hatter chases beyond tower
fymu grjbib dnijbani -> king chases treasure
Now, decrypt the following text: dijgrin gnijdib dri qjuygjo gjbdoi",teacher creates the magical castle,Cipher,unknown_query_chars
ec606cbb,"In Alice's Wonderland, secret encryption rules are used on text. Here are some examples:
nohyiakk rcgym zoaukgoa -> princess found treasure
zva qhka moutcy rcgym -> the wise dragon found
zva qhka vuzzao kaak -> the wise hatter sees
Now, decrypt the following text: iuz moaudk gymao kivccw",cat dreams under school,Cipher,unknown_query_chars
ec694941,"In Alice's Wonderland, a secret set of transformation rules is applied to equations. Below are a few examples:
56-89 = -33
61*02 = 123
74+42 = 07
Now, determine the result for: 54*63",1261,Equation,length_mismatch
ec8b4875,"In Alice's Wonderland, a secret set of transformation rules is applied to equations. Below are a few examples:
%?*:? = ?""::
""<*<% = <]]?
@:-:: = -""
Now, determine the result for: |@*<!","|""]",Equation,length_mismatch
ec92f091,"In Alice's Wonderland, a secret set of transformation rules is applied to equations. Below are a few examples:
>`+>> = `/
$>-`$ = <
&]+>` = !>>
`$+$] = !\[
]$+!& = !\`
Now, determine the result for: ![+/[",</,Equation,length_mismatch
ecdef821,"In Alice's Wonderland, secret encryption rules are used on text. Here are some examples:
wlaicp vcbixbe jbic rlmmizb -> wizard creates near village
vix ngojp xdb pict viexmb -> cat found the dark castle
tjlzdx vdiebe xdb vmbrbc zicpbj -> knight chases the clever garden
vix vdiebe jbic wgjpbcmijp -> cat chases near wonderland
xdb vmbrbc vix bkfmgcbe -> the clever cat explores
Now, decrypt the following text: dixxbc ngojp xdb voclgoe yggt",hatter found the curious book,Cipher,unknown_query_chars
ed2cf92d,"In Alice's Wonderland, secret encryption rules are used on text. Here are some examples:
srlo mifyo tfqqzg -> bird found puzzle
vafogya orvciuglv apg vrzugl vgclga -> student discovers the silver secret
lnssra gxtzilgv apg slrbpa vgclga -> rabbit explores the bright secret
Now, decrypt the following text: apg onlj nzrcg rhnbrygv",the dark alice imagines,Cipher,unknown_query_chars
ed561f79,"In Alice's Wonderland, a secret set of transformation rules is applied to equations. Below are a few examples:
06*46 = 4606
91+67 = 59
87+24 = 021
67+67 = 251
85-97 = -12
Now, determine the result for: 41+96",38,Equation,length_mismatch
ed61a9d6,"In Alice's Wonderland, a secret set of transformation rules is applied to equations. Below are a few examples:
}%*}) = ||)
`^-%"" = %{
|}-!? = )`
{^+?) = {^?)
}!+}^ = }!}^
Now, determine the result for: !""+""!","!""""!",Equation,length_mismatch
ed7780b9,"In Alice's Wonderland, secret encryption rules are used on text. Here are some examples:
jkzxaw hvwbaug vyioke bvcu -> knight watches around cave
yvppzw eyvhg vpicu gbaiir -> rabbit draws above school
avwwuy eyuvdg okeuy mvrvbu -> hatter dreams under palace
pzye byuvwug xvyeuk -> bird creates garden
Now, decrypt the following text: louuk gwoezug bvgwru",queen studies castle,Cipher,unknown_query_chars
ed80cf3e,"In Alice's Wonderland, a secret set of transformation rules is applied to equations. Below are a few examples:
56-78 = -22
34-95 = -61
67+11 = 1167
Now, determine the result for: 31*14",1431,Equation,length_mismatch
eda9e743,"In Alice's Wonderland, secret encryption rules are used on text. Here are some examples:
ohaabf sbvjkmyov hokugs thosyg -> rabbit discovers around garden
ehffyo vfusbyv akkp -> hatter studies book
fyhjeyo xobfyv feokute xkgsyoqhgs -> teacher writes through wonderland
Now, decrypt the following text: zuyyg yiwqkoyv fey jkqkonuq akkp",queen explores the colorful book,Cipher,unknown_query_chars
edb43422,"In Alice's Wonderland, a secret set of transformation rules is applied to equations. Below are a few examples:
@!*:' = /`@
:@*/` = :`{`
#$*:' = {$#
#@+$# = /:$
Now, determine the result for: '@+/`",@^$,Equation,length_mismatch
edc86cbd,"In Alice's Wonderland, secret encryption rules are used on text. Here are some examples:
fdm ogbsvga fgbfzm skxpsjma -> the curious turtle imagines
fgbfzm rbmxka uvbmaf -> turtle dreams forest
esyxbr ebsfma gjrmb pxbrmj -> wizard writes under garden
fmxodmb odxama xlvcm oxcm -> teacher chases above cave
isjp bmxra gjrmb sazxjr -> king reads under island
Now, decrypt the following text: fmxodmb odxama tgyyzm",teacher chases puzzle,Cipher,unknown_query_chars
edceeb09,"In Alice's Wonderland, secret encryption rules are used on text. Here are some examples:
bapje givrt sbm -> alice found map
drpwzk jzbqeq mvllae -> knight chases puzzle
mnprjeqq nebtq kze jvnpivq knebqvne -> princess reads the curious treasure
jbk jnebkeq tiin -> cat creates door
dprw cbkjzeq knebqvne -> king watches treasure
Now, decrypt the following text: kze qpaxen qkvterk givrt",the silver student found,Cipher,unknown_query_chars
edf364da,"In Alice's Wonderland, a secret set of transformation rules is applied to equations. Below are a few examples:
[!+$! = {:$
??*!{ = {:[?
{|+?] = ][
Now, determine the result for: ::*{[",$(%,Equation,length_mismatch
ee3d84c5,"In Alice's Wonderland, secret encryption rules are used on text. Here are some examples:
nwagmtw nwagomn whm btuomtw kszmnw -> student studies the ancient forest
ioqbzg izowmn xaqqdm -> wizard writes puzzle
wmbuhmz zmbgn bzsatg sumbt -> teacher reads around ocean
wazwdm mlxdszmn bzsatg fbzgmt -> turtle explores around garden
Now, decrypt the following text: ubw gzmbjn xswost",cat dreams potion,Cipher,unknown_query_chars
ee49f4b7,"In Alice's Wonderland, a secret set of transformation rules is applied to equations. Below are a few examples:
(&-)^ = -#@
)[*)] = )][
<^\@@ = )[&
&#-'# = -)[
Now, determine the result for: '(*<)",)(^(,Equation,length_mismatch
ee9239e9,"In Alice's Wonderland, a secret set of transformation rules is applied to equations. Below are a few examples:
91-73 = 18
91@61 = 151
93*58 = 9358
Now, determine the result for: 26*29",2629,Equation,length_mismatch
eea90764,"In Alice's Wonderland, secret encryption rules are used on text. Here are some examples:
mtkkdn emtgo flndlz -> rabbit draws potion
kdme xstopo xmyontu -> bird chases crystal
mtkkdn oppo xmyontu -> rabbit sees crystal
nvmnup xmptnpo opxmpn -> turtle creates secret
avppz djtqdzpo onlmy -> queen imagines story
Now, decrypt the following text: nsp jtqdxtu hdzq onvedpo",the magical king studies,Cipher,unknown_query_chars
eeae398e,"In Alice's Wonderland, a secret set of transformation rules is applied to equations. Below are a few examples:
63]67 = 4
18]81 = 9
72-22 = 95
64]48 = 16
65]15 = 5
Now, determine the result for: 65/58",3770,Equation,length_mismatch
ef14f398,"In Alice's Wonderland, secret encryption rules are used on text. Here are some examples:
yzknb izkog svb nscqoab lkuuwb -> mouse found the strange puzzle
tmcg hvqnbn hqnswb -> bird chases castle
fmoa izwwzxn qtzeb mnwqog -> king follows above island
rkbbo hcbqsbn svb xmnb gzzc -> queen creates the wise door
Now, decrypt the following text: fomavs nskgmbn svb hzwzcikw hcjnsqw",knight studies the colorful crystal,Cipher,unknown_query_chars
ef1aded6,"In Alice's Wonderland, secret encryption rules are used on text. Here are some examples:
szk wrcmzs zpsskr hrkpvg -> the bright hatter dreams
dycmzs hrpfg szk hprd srkpgurk -> knight draws the dark treasure
gsuhkys hrkpvg wood -> student dreams book
Now, decrypt the following text: qps eonnofg pwojk foyhkrnpyh",cat follows above wonderland,Cipher,unknown_query_chars
ef1b13ac,"In Alice's Wonderland, a secret set of transformation rules is applied to equations. Below are a few examples:
19$41 = 60
51?71 = 5171
85$70 = 155
Now, determine the result for: 74+66",8,Equation,length_mismatch
ef1f435e,"In Alice's Wonderland, secret encryption rules are used on text. Here are some examples:
hdlmyz hdglxc fog xlmkilq pydgcf -> dragon dreams the magical forest
fog lzikgzf uknldh hdluc -> the ancient wizard draws
skdh idglfgc jbnnqg -> bird creates puzzle
rbggz cfbhkgc xkddyd -> queen studies mirror
Now, decrypt the following text: hdlmyz gvjqydgc ldybzh uyzhgdqlzh",dragon explores around wonderland,Cipher,unknown_query_chars
ef580378,"In Alice's Wonderland, secret encryption rules are used on text. Here are some examples:
ydv lvwmvy dkyyvm pkywdvl -> the secret hatter watches
ydv ljhrvm dkyyvm cmkpl -> the silver hatter draws
tsjxdy lyzcjvl gvqusc xkmcvs -> knight studies beyond garden
cmkxus vnohumvl zscvm eumvly -> dragon explores under forest
Now, decrypt the following text: yzmyhv pmjyvl svkm iuzsykjs",turtle writes near mountain,Cipher,unknown_query_chars
ef6bc241,"In Alice's Wonderland, a secret set of transformation rules is applied to equations. Below are a few examples:
65[76 = 321
92$58 = $65
95[31 = 27
92'57 = 6712
Now, determine the result for: 73$29",$55,Equation,length_mismatch
efa7edc3,"In Alice's Wonderland, a secret set of transformation rules is applied to equations. Below are a few examples:
[)|(> = ([]/
(:{}] = :!}
^(|!> = ^[>)
])|}) = ]^>!
>}|:( = ]})}
Now, determine the result for: []|/)",//:},Equation,length_mismatch
efc95486,"In Alice's Wonderland, a secret set of transformation rules is applied to equations. Below are a few examples:
'/-]| = !
|!*/] = |!!@
'@-]} = }(
@<*!( = /|((
Now, determine the result for: '<-^!",'/,Equation,length_mismatch
efc9691d,"In Alice's Wonderland, a secret set of transformation rules is applied to equations. Below are a few examples:
""[!#? = [)""
/\!["" = (""""
$(!?\ = (<""
(""!\< = <#
[<-<[ = /[<?
Now, determine the result for: <?+#/",+$(,Equation,length_mismatch
f0039d4e,"In Alice's Wonderland, secret encryption rules are used on text. Here are some examples:
gom jatzxaw byztog hseyd -> the magical knight found
iuzyxmqq umadq gom qguaytm jmqqatm -> princess reads the strange message
gom xeuzseq bzyt umadq -> the curious king reads
gom xswsuhew awzxm duafq -> the colorful alice draws
Now, decrypt the following text: kzud umadq jmqqatm",bird reads message,Cipher,unknown_query_chars
f01f112b,"In Alice's Wonderland, a secret set of transformation rules is applied to equations. Below are a few examples:
$\+^{ = |$>
)""-$"" = $
||+>$ = {/>
%/+>\ = $>>
/$*>"" = /|{>
Now, determine the result for: {""+\|",$^>,Equation,length_mismatch
f0417bc1,"In Alice's Wonderland, secret encryption rules are used on text. Here are some examples:
vpbancp vpbatnv pyn hcgtncp dnvvhon -> student studies the ancient message
pnhgynf gyhvnv dnvvhon -> teacher chases message
qbnnc vpbatnv ohfanc -> queen studies garden
debvn jessekv pyn vpfhcon ghvpsn -> mouse follows the strange castle
Now, decrypt the following text: hstgn gfnhpnv mbrrsn",alice creates puzzle,Cipher,unknown_query_chars
f05e77f3,"In Alice's Wonderland, secret encryption rules are used on text. Here are some examples:
lqgnbqj qafecjqo gschq hveegtq -> teacher explores above village
pvwgjm oqqo rymqj hveegtq -> wizard sees under village
olrmqyl njqglqo lbq oljgytq frwweq -> student creates the strange puzzle
xvyt pglnbqo rymqj pcymqjegym -> king watches under wonderland
lqgnbqj njqglqo lbq oqnjql ljqgorjq -> teacher creates the secret treasure
Now, decrypt the following text: pvwgjm zceecpo vyovmq pcymqjegym",wizard follows inside wonderland,Cipher,unknown_query_chars
f06051ac,"In Alice's Wonderland, secret encryption rules are used on text. Here are some examples:
ncu pjdjxlyd vxwqpumm kxorm -> the colorful princess draws
byuuq kxuoam wqmwku pomndu -> queen dreams inside castle
kxogjq pcomum ncu mwdzux pxemnod -> dragon chases the silver crystal
Now, decrypt the following text: ncu aogwpod swxk rxwnum",the magical bird writes,Cipher,unknown_query_chars
f06202ea,"In Alice's Wonderland, secret encryption rules are used on text. Here are some examples:
fphjnwoo yphrwo orxpi -> princess writes story
orsewjr kxuuxyo rqw ownpwr vcf -> student follows the secret map
rwcnqwp epcyo vwoocaw -> teacher draws message
orsewjr kxsje rqw nxuxpksu fxrhxj -> student found the colorful potion
rqw nsphxso rwcnqwp owwo -> the curious teacher sees
Now, decrypt the following text: dswwj kxsje clxzw onqxxu",queen found above school,Cipher,unknown_query_chars
f06547b1,"In Alice's Wonderland, a secret set of transformation rules is applied to equations. Below are a few examples:
%](]< = (\
%@{][ = )%@@
]<!%) = [[\
%%()% = ><
@'{)] = )\@>
Now, determine the result for: "">!'%","[%""",Equation,length_mismatch
f09672d3,"In Alice's Wonderland, a secret set of transformation rules is applied to equations. Below are a few examples:
}>-[! = '
/@+'! = /@'!
]]+>\ = ]]>\
Now, determine the result for: /[-}/",@],Equation,length_mismatch
f0a2d457,"In Alice's Wonderland, a secret set of transformation rules is applied to equations. Below are a few examples:
05/32 = 0532
23/82 = 2382
73<25 = 51
95<05 = 9<
45/79 = 4579
Now, determine the result for: 86<09",22,Equation,length_mismatch
f119f794,"In Alice's Wonderland, secret encryption rules are used on text. Here are some examples:
ymjudt mcjyl bdvqdt -> dragon reads potion
jeqzc lccl vfc gmqufv zjlvec -> alice sees the bright castle
atqufv zmcjvcl jmdxty kjeecs -> knight creates around valley
gqmy zfjlcl wclljuc -> bird chases message
hqojmy rdeedhl rdmclv -> wizard follows forest
Now, decrypt the following text: pxcct zfjlcl lczmcv",queen chases secret,Cipher,unknown_query_chars
f1247832,"In Alice's Wonderland, secret encryption rules are used on text. Here are some examples:
grp erpgvfb pvnjwsv jgfrx -> cat watches through ocean
pvf rxgufxp vrppfn oubgjzfnb -> the ancient hatter discovers
lnuxgfbb nfrob rtjzf ejxofnqrxo -> princess reads above wonderland
nrttup kjwxo kjnfbp -> rabbit found forest
Now, decrypt the following text: vrppfn fclqjnfb pvf gjqjnkwq gnibprq",hatter explores the colorful crystal,Cipher,unknown_query_chars
f1680db9,"In Alice's Wonderland, a secret set of transformation rules is applied to equations. Below are a few examples:
>}-@$ = :$
%>-@% = [@
:}+%$ = :}$
#$+'| = ::[
Now, determine the result for: #$*>$",:|#>,Equation,length_mismatch
f18522a6,"In Alice's Wonderland, secret encryption rules are used on text. Here are some examples:
chllqx tazzajm lcq mqyxql yxfmlhz -> hatter follows the secret crystal
mlegqbl mlegkqm bqhx kmzhbg -> student studies near island
lqhycqx yxqhlqm hxaebg lajqx -> teacher creates around tower
pxkbyqmm gkmyaoqxm lxqhmexq -> princess discovers treasure
Now, decrypt the following text: gxhwab jhlycqm lcq mlxhbwq rqf",dragon watches the strange key,Cipher,unknown_query_chars
f2209ca5,"In Alice's Wonderland, a secret set of transformation rules is applied to equations. Below are a few examples:
>:^@% = $]%@
@@}]# = :/
&]}]% = ]#
@$[$# = [%<
Now, determine the result for: $>}@/",>#<,Equation,length_mismatch
f2399f16,"In Alice's Wonderland, a secret set of transformation rules is applied to equations. Below are a few examples:
#[!}} = >#
]]-?< = >""]
]](>> = <<
>#-<} = <#>}
Now, determine the result for: >}-<""",">}""",Equation,length_mismatch
f249f4c2,"In Alice's Wonderland, secret encryption rules are used on text. Here are some examples:
usl ragqiad ciadl dlld -> the curious mouse sees
usl zqdl fqgy glvyd -> the wise bird reads
duaylju lwopigld usl cvnqrvp cvo -> student explores the magical map
Now, decrypt the following text: kjqnsu rglvuld usl dlrglu oiuqij",knight creates the secret potion,Cipher,unknown_query_chars
f26970b3,"In Alice's Wonderland, secret encryption rules are used on text. Here are some examples:
millph xtzztso afooigf -> rabbit follows message
hficdfm xtzztso hdf ofcmfh cmqohiz -> teacher follows the secret crystal
hdf czfrfm ohkyfeh xtzztso -> the clever student follows
Now, decrypt the following text: jepgdh ohkypfo hdf gtzyfe ciohzf",knight studies the golden castle,Cipher,unknown_query_chars
f26e47a4,"In Alice's Wonderland, secret encryption rules are used on text. Here are some examples:
kwzjvdw xavlwvk wbv bujjvd nmwumd -> student creates the hidden potion
ruqlaj uglcudvk wbv xzaumzk nmwumd -> wizard imagines the curious potion
jalcmd kwzjuvk wbv bujjvd pmms -> dragon studies the hidden book
Now, decrypt the following text: sducbw javlgk xlkwov",knight dreams castle,Cipher,unknown_query_chars
f28681ad,"In Alice's Wonderland, a secret set of transformation rules is applied to equations. Below are a few examples:
85+03 = 88
26*56 = 5626
76+36 = 031
66+56 = 131
43-13 = 3
Now, determine the result for: 14*43",4314,Equation,length_mismatch
f29193ea,"In Alice's Wonderland, a secret set of transformation rules is applied to equations. Below are a few examples:
""#|@` = |%""
\:|%\ = |^\
^@!#^ = \\/>
^/[>% = ^/>%
Now, determine the result for: \>!""^",@%^,Equation,length_mismatch
f297547e,"In Alice's Wonderland, a secret set of transformation rules is applied to equations. Below are a few examples:
{^*)^ = @'<<
}'-') = ^^
^^+)^ = \#
}\*'{ = \<@{
}{-<{ = <
Now, determine the result for: ))-)^",@},Equation,length_mismatch
f299569f,"In Alice's Wonderland, a secret set of transformation rules is applied to equations. Below are a few examples:
34{31 = 55
44{74 = 09
91'95 = 04
19\16 = 1555
22{69 = 711
Now, determine the result for: 18\73",7992,Equation,length_mismatch
f2a25cf9,"In Alice's Wonderland, a secret set of transformation rules is applied to equations. Below are a few examples:
?^>?: = )?#
):\#` = \!:
^(>#: = ){:
))\#? = \&:
`?>)) = :(
Now, determine the result for: #?>{&",:!,Equation,length_mismatch
f2ae9e31,"In Alice's Wonderland, secret encryption rules are used on text. Here are some examples:
kvaap raxes vpear txda -> queen reads under cave
mhre erxls xrqvpe txda -> bird draws around cave
gaxtzar jqvpe graxsvra -> teacher found treasure
txg saas gzrqvbz ixoxta -> cat sees through palace
gaxtzar ehstqdars txsgoa -> teacher discovers castle
Now, decrypt the following text: gza exrn xohta saas",the dark alice sees,Cipher,unknown_query_chars
f2afd89d,"In Alice's Wonderland, a secret set of transformation rules is applied to equations. Below are a few examples:
44-87 = 43
03-38 = 35
86+73 = 401
79*95 = 3275
Now, determine the result for: 84*24",6102,Equation,length_mismatch
f2e64e32,"In Alice's Wonderland, secret encryption rules are used on text. Here are some examples:
gqrhnx fryeapk yap ewptpq erkywp -> dragon watches the clever castle
yap kyqrxhp rwjep jirhjxpk -> the strange alice imagines
yap idkypqjnuk inukp cnwwnfk -> the mysterious mouse follows
inukp cnuxg yap euqjnuk ijqqnq -> mouse found the curious mirror
yuqywp jirhjxpk lpdnxg neprx -> turtle imagines beyond ocean
Now, decrypt the following text: gqrhnx fqjypk yap enwnqcuw vuzzwp",dragon writes the colorful puzzle,Cipher,unknown_query_chars
f2fa334a,"In Alice's Wonderland, a secret set of transformation rules is applied to equations. Below are a few examples:
31*29 = 61
89`59 = 30
66{51 = 3365
59`70 = `11
98*41 = 140
Now, determine the result for: 42{13",545,Equation,length_mismatch
f2ff37b2,"In Alice's Wonderland, a secret set of transformation rules is applied to equations. Below are a few examples:
66^67 = 1
87^60 = 27
80+96 = 8096
Now, determine the result for: 91(29",2639,Equation,length_mismatch
f32745f1,"In Alice's Wonderland, secret encryption rules are used on text. Here are some examples:
gme gfmhsh mdbpqz ebisd -> cat chases around tower
hepzsqe zdmih efs gpdjbph ymdzsq -> student draws the curious garden
mrjgs obrrbih efs mqgjsqe cjddbd -> alice follows the ancient mirror
Now, decrypt the following text: efs hjrvsd fmeesd imegfsh",the silver hatter watches,Cipher,unknown_query_chars
f333b67f,"In Alice's Wonderland, a secret set of transformation rules is applied to equations. Below are a few examples:
36^58 = ^22
35$47 = 1644
59^79 = ^20
90<20 = 111
Now, determine the result for: 48<51",100,Equation,length_mismatch
f35a488d,"In Alice's Wonderland, a secret set of transformation rules is applied to equations. Below are a few examples:
62'54 = 3347
79'21 = 1658
47[68 = 116
72[19 = 92
Now, determine the result for: 81[80",162,Equation,length_mismatch
f36fe07e,"In Alice's Wonderland, a secret set of transformation rules is applied to equations. Below are a few examples:
%!+&] = !:
!:*\! = :]&}
}\-:% = %!
?&*:! = ?!>}
Now, determine the result for: >?+%%","?""}",Equation,length_mismatch
f3959455,"In Alice's Wonderland, a secret set of transformation rules is applied to equations. Below are a few examples:
|>-{{ = -|}
||-}{ = }/
>/-!$ = -|%
/$-/$ = ]
|{-}} = }/
Now, determine the result for: %%+%/",:$,Equation,length_mismatch
f3c73290,"In Alice's Wonderland, a secret set of transformation rules is applied to equations. Below are a few examples:
&$-?? = -/[
$/*[& = ?&&&
>/-`! = />
?$-`[ = ![
$&->! = -?
Now, determine the result for: !&*[>",`[$,Equation,length_mismatch
f3cb45f3,"In Alice's Wonderland, secret encryption rules are used on text. Here are some examples:
tyfdhi gfpxnsm pns qyudnp xyompfe -> dragon watches the bright crystal
tyfdhi xysfpsm lso -> dragon creates key
xfp xnfmsm pns xhehykje dfytsi -> cat chases the colorful garden
Now, decrypt the following text: liudnp gyupsm pns fixusip csmmfds",knight writes the ancient message,Cipher,unknown_query_chars
f3ce6fa4,"In Alice's Wonderland, a secret set of transformation rules is applied to equations. Below are a few examples:
<@-<% = -:""
{'+<| = :@?
:%+'| = '@?
Now, determine the result for: '<-""""","""{",Equation,length_mismatch
f3cecf2f,"In Alice's Wonderland, a secret set of transformation rules is applied to equations. Below are a few examples:
12<77 = 89
97<58 = 461
14:65 = 6922
02:57 = 0051
82:64 = 8821
Now, determine the result for: 33<79",031,Equation,length_mismatch
f3e08a24,"In Alice's Wonderland, a secret set of transformation rules is applied to equations. Below are a few examples:
25*82 = 7541
85+82 = 8285
62+12 = 1262
Now, determine the result for: 48+05",0548,Equation,length_mismatch
f42d5e08,"In Alice's Wonderland, secret encryption rules are used on text. Here are some examples:
keafisjj rzmiysj zcous uabbzls -> princess watches above village
mys rajs zbais wezrj -> the wise alice draws
mys tvjmseaoxj izm ieszmsj -> the mysterious cat creates
caew wezrj jmoev -> bird draws story
mys jmezfls caew wesztj -> the strange bird dreams
Now, decrypt the following text: nafl wajiousej mys zfiasfm wooe",king discovers the ancient door,Cipher,unknown_query_chars
f45dd620,"In Alice's Wonderland, a secret set of transformation rules is applied to equations. Below are a few examples:
""{+:$ = $$\
!^+{: = \?\
""$+^{ = \$\
$$+'\ = \""
""$*\"" = ""^|^
Now, determine the result for: !'-${",-??,Equation,length_mismatch
f463ee16,"In Alice's Wonderland, a secret set of transformation rules is applied to equations. Below are a few examples:
38!44 = 621
26!84 = 901
74$58 = 5993
81#11 = 7
81#27 = #45
Now, determine the result for: 75!13",78,Equation,length_mismatch
f466ba6d,"In Alice's Wonderland, secret encryption rules are used on text. Here are some examples:
zrvwmro cogzrt zmr mgssrj wvtzir -> teacher writes the hidden castle
zmr logbmz tzasrjz cvzwmrt -> the bright student watches
cgxvos worvzrt evp -> wizard creates map
Now, decrypt the following text: zmr wirdro ovllgz ufajs",the clever rabbit found,Cipher,unknown_query_chars
f4d3e67f,"In Alice's Wonderland, a secret set of transformation rules is applied to equations. Below are a few examples:
)\`{$ = :((
\\`{{ = $](
\]`$: = ^%(
$&[:{ = %\
Now, determine the result for: ^{[%)",%(,Equation,length_mismatch
f4ecefa4,"In Alice's Wonderland, a secret set of transformation rules is applied to equations. Below are a few examples:
81-45 = 36
11-61 = 50
58%35 = 94
31%95 = 127
Now, determine the result for: 27%58",86,Equation,length_mismatch
f4f92956,"In Alice's Wonderland, a secret set of transformation rules is applied to equations. Below are a few examples:
}`|{] = ]@)
[)|@] = @{
)'#)] = #[@
Now, determine the result for: ()""%}",(`)),Equation,length_mismatch
f5126d48,"In Alice's Wonderland, a secret set of transformation rules is applied to equations. Below are a few examples:
$:-/& = {)
$/-)) = '
@:-&& = (/
Now, determine the result for: /@*$:",${&@,Equation,length_mismatch
f519ace9,"In Alice's Wonderland, a secret set of transformation rules is applied to equations. Below are a few examples:
#^*#) = #^#)
)?+#? = %')
?#+^% = %'""
(]+?^ = #(
Now, determine the result for: ""'-""(",-(,Equation,length_mismatch
f52edbc1,"In Alice's Wonderland, a secret set of transformation rules is applied to equations. Below are a few examples:
?&-]/ = -/{
{{-^? = {$
'}-^] = -/
&}+}` = `/&
Now, determine the result for: '?+}?",?{,Equation,length_mismatch
f55d7a75,"In Alice's Wonderland, secret encryption rules are used on text. Here are some examples:
xnewa dlaxjz ciiq -> alice dreams book
vya xfweafv vmlvna plevaz -> the ancient turtle writes
peuxld zaaz wlrzvxn -> wizard sees crystal
lxccev dlaxjz mfdal oxldaf -> rabbit dreams under garden
Now, decrypt the following text: jimza dezwigalz vya dxlq jxb",mouse discovers the dark map,Cipher,unknown_query_chars
f568465f,"In Alice's Wonderland, secret encryption rules are used on text. Here are some examples:
kblli xndjqlf dql snhajnv wydayi -> queen watches the magical potion
fdbclid cafjyeluf hnucli -> student discovers garden
kblli ulncf noyel jnel -> queen reads above cave
Now, decrypt the following text: nvajl ryvvyxf dql smfdluaybf slffnhl",alice follows the mysterious message,Cipher,unknown_query_chars
f56e4d94,"In Alice's Wonderland, secret encryption rules are used on text. Here are some examples:
nej ktmnjzbsgm vbdizc cbmxsyjzm -> the mysterious wizard discovers
ksgmj vzbnjm nej azbqen kip -> mouse writes the bright map
njixejz xzjinjm gwcjz sxjiw -> teacher creates under ocean
Now, decrypt the following text: hgjjw rsffsvm nej mnziwqj cssz",queen follows the strange door,Cipher,unknown_query_chars
f598a715,"In Alice's Wonderland, secret encryption rules are used on text. Here are some examples:
ayerwm ufqtmqz mwq uhqcqf aqv -> knight creates the clever key
nfeyuqzz zqqz yqtf silymtey -> princess sees near mountain
mwq svzmqfeilz wtmmqf jihhigz -> the mysterious hatter follows
ayerwm xftgz tfilyx ezhtyx -> knight draws around island
Now, decrypt the following text: mwq xtfa defx xezuicqfz",the dark bird discovers,Cipher,unknown_query_chars
f5bd70c7,"In Alice's Wonderland, secret encryption rules are used on text. Here are some examples:
vrcdet jngyaejf qwj paytjs qejdfhej -> wizard explores the golden treasure
qwj xmfqjerahf tedpas verqjf -> the mysterious dragon writes
dyruj uejdqjf dbaoj udfqyj -> alice creates above castle
Now, decrypt the following text: lhjjs uejdqjf dbaoj vastjeydst",queen creates above wonderland,Cipher,unknown_query_chars
f5c84933,"In Alice's Wonderland, secret encryption rules are used on text. Here are some examples:
efuxzv kuysctn yct noqdtf ntsfty -> dragon watches the silver secret
pofe eftuln yct ntsfty jzftny -> bird dreams the secret forest
bittv scuntn ovnoet nsczzq -> queen chases inside school
fuppoy kfoytn ufzive yzktf -> rabbit writes around tower
Now, decrypt the following text: yct ntsfty govx scuntn",the secret king chases,Cipher,unknown_query_chars
f5fd3e29,"In Alice's Wonderland, secret encryption rules are used on text. Here are some examples:
whuujs rcfzq zjhs oczqjskhzq -> hatter found near wonderland
tufqjzu isjhujt usjhtfsj -> student creates treasure
glzp qshot gjm -> king draws key
Now, decrypt the following text: glzp tjjt lz yhkkjm",king sees in valley,Cipher,unknown_query_chars
f6009480,"In Alice's Wonderland, secret encryption rules are used on text. Here are some examples:
lmvw ovxnyxc ykx ozxbxv ovpcynz -> bird creates the clever crystal
arxxe cxxc yvxncrvx -> queen sees treasure
sdrcx wvngc ykx kmwwxe cxovxy -> mouse draws the hidden secret
lmvw xtizdvxc exnv sdreynme -> bird explores near mountain
ykx cyvneqx gmjnvw wvxnsc -> the strange wizard dreams
Now, decrypt the following text: hemqky gvmyxc idymde",knight writes potion,Cipher,unknown_query_chars
f624f57c,"In Alice's Wonderland, a secret set of transformation rules is applied to equations. Below are a few examples:
[[>[| = @@|
$(>'/ = ']'/
/(:(@ = ]$
?]>$@ = `|'@
Now, determine the result for: $@:$(",[,Equation,length_mismatch
f63c1191,"In Alice's Wonderland, secret encryption rules are used on text. Here are some examples:
jvztlu hwzubk ulb ifxfwgrx ickuxb -> knight writes the colorful castle
orbbv wbcsk rvsbw hfvsbwxcvs -> queen reads under wonderland
ulb scwj mzws szkifdbwk -> the dark bird discovers
Now, decrypt the following text: swctfv gfrvs ulb ifxfwgrx nbkkctb",dragon found the colorful message,Cipher,unknown_query_chars
f642e7b5,"In Alice's Wonderland, a secret set of transformation rules is applied to equations. Below are a few examples:
88*48 = 1937
94+14 = 09
79+29 = 981
36*08 = 9305
Now, determine the result for: 73-48",-74,Equation,length_mismatch
f64f1dca,"In Alice's Wonderland, secret encryption rules are used on text. Here are some examples:
oya czvtam ydooam madrc -> the silver hatter reads
szgdmr coxrzac hdl -> wizard studies map
mdjjzo rmadhc hdl -> rabbit dreams map
Now, decrypt the following text: hnxca fmadoac oya fnvnmexv lxggva",mouse creates the colorful puzzle,Cipher,unknown_query_chars
f66f0fe0,"In Alice's Wonderland, a secret set of transformation rules is applied to equations. Below are a few examples:
77{76 = 9515
65{91 = 4601
42{71 = 804
Now, determine the result for: 14{79",7793,Equation,length_mismatch
f68bcf46,"In Alice's Wonderland, secret encryption rules are used on text. Here are some examples:
hoeens fsdtnmf ohrdat fpqrrv -> rabbit studies around school
thogra thoif oerbm fpqrrv -> dragon draws above school
sdhsvm lrdat nafntm bnvvogm -> turtle found inside village
thogra mujvrhmf woj -> dragon explores map
Now, decrypt the following text: hoeens ihnsmf sqm qnttma jdccvm",rabbit writes the hidden puzzle,Cipher,unknown_query_chars
f6afb6b5,"In Alice's Wonderland, secret encryption rules are used on text. Here are some examples:
kemmh apgzahmd yiit -> queen imagines book
ofahlmdd lfmgvmd hmgf xgnnmu -> princess creates near valley
dvewmhv lfmgvmd ehwmf ilmgh -> student creates under ocean
Now, decrypt the following text: vqm badm thazqv siehw",the wise knight found,Cipher,unknown_query_chars
f6b107bc,"In Alice's Wonderland, secret encryption rules are used on text. Here are some examples:
bxqqgi gfploigk qbg kqixyrg vxkqlg -> hatter explores the strange castle
jynrbq kqhtngk nykntg zoigkq -> knight studies inside forest
qbg vlgegi qhiqlg ainqgk -> the clever turtle writes
Now, decrypt the following text: kqhtgyq kqhtngk qbg uxrnvxl ugkkxrg",student studies the magical message,Cipher,unknown_query_chars
f6b3076f,"In Alice's Wonderland, secret encryption rules are used on text. Here are some examples:
lfnkcr lkiuzsd ojnnas -> wizard watches puzzle
pjsst wyjtr wycsdi -> queen found forest
dijrsti ucskisd ft ukxs -> student creates in cave
Now, decrypt the following text: eyjds shoaycsd eko",mouse explores map,Cipher,unknown_query_chars
f6ca90f6,"In Alice's Wonderland, a secret set of transformation rules is applied to equations. Below are a few examples:
95&98 = 192
12&95 = 106
69{88 = {19
42&95 = 136
43{53 = {10
Now, determine the result for: 54{23",31,Equation,length_mismatch
f6cdae94,"In Alice's Wonderland, secret encryption rules are used on text. Here are some examples:
gkjtphk zcmgpg kcwnjec bmqqpx -> student chases through valley
gkjtphk umkzcpg kcp smedzmq emwtph -> student watches the magical garden
kjwkqp tdgznbpwg ojrrqp -> turtle discovers puzzle
lhdeck fnjht kcp enqtph ojrrqp -> knight found the golden puzzle
Now, decrypt the following text: ajpph dsmedhpg gpzwpk",queen imagines secret,Cipher,unknown_query_chars
f6db706e,"In Alice's Wonderland, a secret set of transformation rules is applied to equations. Below are a few examples:
87*91 = 95
52/06 = 0652
45*26 = *8
63*58 = *94
49/24 = 2449
Now, determine the result for: 94*54",4,Equation,length_mismatch
f7033c9d,"In Alice's Wonderland, secret encryption rules are used on text. Here are some examples:
wcjz ivufex cjxciu xtsnno -> king dreams inside school
ivfznj tvufyux efq -> dragon creates map
vfppcy xyaicux cj enajyfcj -> rabbit studies in mountain
vfppcy xuux jufv qfoftu -> rabbit sees near palace
Now, decrypt the following text: ysu fjtcujy qvcjtuxx knaji",the ancient princess found,Cipher,unknown_query_chars
f759bbc0,"In Alice's Wonderland, secret encryption rules are used on text. Here are some examples:
zfgxe saffapv vexnem -> alice follows secret
iwgldm xdzvev yaai -> knight chases book
mde xafanshf nzyygm pzmxdev -> the colorful rabbit watches
oheew saffapv vexnem -> queen follows secret
nzyygm pngmev lznjew -> rabbit writes garden
Now, decrypt the following text: mde lafjew oheew gczlgwev",the golden queen imagines,Cipher,unknown_query_chars
f77a4bde,"In Alice's Wonderland, secret encryption rules are used on text. Here are some examples:
kgs mqbqjtob ksamgsj mjsaksw -> the colorful teacher creates
ijzymsww wkovzsw ysaj pzbbaes -> princess studies near village
abzms zraezysw kgs eqbvsy wsmjsk -> alice imagines the golden secret
Now, decrypt the following text: kgs gzvvsy abzms sdibqjsw",the hidden alice explores,Cipher,unknown_query_chars
f7828fc1,"In Alice's Wonderland, a secret set of transformation rules is applied to equations. Below are a few examples:
&/*`> = ]^&>
{$-/& = @@
]{+]{ = ]{]{
""@-""$ = `
Now, determine the result for: $""*{/","@${""",Equation,length_mismatch
f7d26b8d,"In Alice's Wonderland, a secret set of transformation rules is applied to equations. Below are a few examples:
%[-]% = }\
\}-%` = -\}
/[+}[ = [`@
``*$] = /$\]
$}*}\ = $[/@
Now, determine the result for: [}-}\",/@,Equation,length_mismatch
f7d90ae3,"In Alice's Wonderland, a secret set of transformation rules is applied to equations. Below are a few examples:
61`23 = 38
84/48 = 8448
87`85 = 2
73/54 = 7354
Now, determine the result for: 98/19",9819,Equation,length_mismatch
f7e8ca63,"In Alice's Wonderland, a secret set of transformation rules is applied to equations. Below are a few examples:
[}+[! = !^
{{<%{ = <!^
{>+&% = [[&
`[+{} = ??
>{<[} = <!%
Now, determine the result for: ?{*{}",>}{`,Equation,length_mismatch
f7eddd9b,"In Alice's Wonderland, secret encryption rules are used on text. Here are some examples:
wreeb ysvvsfq dpgsrtp lqvcbm -> queen follows through island
iglboeqq ysvvsfq lbqlme tcgmeb -> princess follows inside garden
pcddeg enivsgeq becg icvcoe -> hatter explores near palace
Now, decrypt the following text: iglboeqq mlqoshegq lb qopssv",princess discovers in school,Cipher,unknown_query_chars
f80d2e10,"In Alice's Wonderland, a secret set of transformation rules is applied to equations. Below are a few examples:
@^?@"" = ])'{
@&?]@ = )""{
""&`^' = ]{&
&"":]' = #""
Now, determine the result for: &)?^{",{)^],Equation,length_mismatch
f83118d7,"In Alice's Wonderland, secret encryption rules are used on text. Here are some examples:
lfz owfmotnj zuegcmu jlugga -> cat imagines through school
ufzzne jnnj zun mgahnt zenfjcen -> hatter sees the golden treasure
zun uohhnt jzchntz jzchonj -> the hidden student studies
Now, decrypt the following text: efvvoz jzchonj zuegcmu qfaand",rabbit studies through valley,Cipher,unknown_query_chars
f8731f21,"In Alice's Wonderland, a secret set of transformation rules is applied to equations. Below are a few examples:
[[+]$ = +<@
^)>@{ = ]^^?
{^+^{ = ?
)$'{? = ??
@$>/) = ^@]<
Now, determine the result for: {^>[$",<)$<,Equation,length_mismatch
f8967c15,"In Alice's Wonderland, secret encryption rules are used on text. Here are some examples:
ozyj ulmhph zy cgkphf -> king chases in forest
hfanpyf qmfulph zyhznp umip -> student watches inside cave
mszup nkpmeh rgfzgy -> alice dreams potion
nkmjgy qkzfph flp qzhp rgfzgy -> dragon writes the wise potion
Now, decrypt the following text: fpmulpk ulmhph vpxgyn cgkphf",teacher chases beyond forest,Cipher,unknown_query_chars
f8bbabab,"In Alice's Wonderland, a secret set of transformation rules is applied to equations. Below are a few examples:
[^+:` = :`[^
<^*!^ = ![@
<`+`] = `]<`
Now, determine the result for: `>+>^",>^`>,Equation,length_mismatch
f8d6abd1,"In Alice's Wonderland, a secret set of transformation rules is applied to equations. Below are a few examples:
36:34 = 1223
59:82 = 4837
34%21 = 55
Now, determine the result for: 63:88",5543,Equation,length_mismatch
f901d1cc,"In Alice's Wonderland, a secret set of transformation rules is applied to equations. Below are a few examples:
<[+}& = `[<
""[*%' = &%&'
#[-<& = )#
Now, determine the result for: &#-""`",-<),Equation,length_mismatch
f93475e9,"In Alice's Wonderland, a secret set of transformation rules is applied to equations. Below are a few examples:
42*83 = 219
19-19 = 0
74-29 = 54
36+46 = 4636
Now, determine the result for: 24*28",4443,Equation,length_mismatch
f94810f5,"In Alice's Wonderland, a secret set of transformation rules is applied to equations. Below are a few examples:
41{23 = 4123
91/49 = 57
12}74 = 789
11{15 = 1115
Now, determine the result for: 15{92",1592,Equation,length_mismatch
f9483351,"In Alice's Wonderland, secret encryption rules are used on text. Here are some examples:
htlfztr fzliti hzrwauz ulrytm -> teacher chases through garden
rlbbnh fzliti mtlr wftlm -> rabbit chases near ocean
crnmftii yrlji nm ulrytm -> princess draws in garden
emnuzh jlhfzti amytr wftlm -> knight watches under ocean
Now, decrypt the following text: crnmftii fzliti btkwmy clqlft",princess chases beyond palace,Cipher,unknown_query_chars
f96e1e6e,"In Alice's Wonderland, a secret set of transformation rules is applied to equations. Below are a few examples:
26""92 = 33
57""93 = 63
75-49 = 151
Now, determine the result for: 85-28",041,Equation,length_mismatch
f971f8dd,"In Alice's Wonderland, a secret set of transformation rules is applied to equations. Below are a few examples:
71]54 = 567
32""79 = 5
62""77 = 52
Now, determine the result for: 88:34",131,Equation,length_mismatch
f9799a68,"In Alice's Wonderland, a secret set of transformation rules is applied to equations. Below are a few examples:
/&+`& = `&/&
|`+`| = `||`
?&+[` = [`?&
`[-|$ = &?
Now, determine the result for: :^*?\",&:/?,Equation,length_mismatch
f9983eb7,"In Alice's Wonderland, a secret set of transformation rules is applied to equations. Below are a few examples:
44?27 = 1187
51<63 = 115
66>11 = 55
50<16 = 67
67>74 = >7
Now, determine the result for: 62?32",1983,Equation,length_mismatch
f9a33aa1,"In Alice's Wonderland, a secret set of transformation rules is applied to equations. Below are a few examples:
(}\@@ = %(`}
}}'%% = '((
&}\$` = }#$#
%/'&( = '}/
Now, determine the result for: @(\$/",/((`,Equation,length_mismatch
f9bd3119,"In Alice's Wonderland, a secret set of transformation rules is applied to equations. Below are a few examples:
91*42 = 34
93|17 = 9672
11|02 = 022
86*59 = 361
01*96 = 97
Now, determine the result for: 53)73",)2,Equation,length_mismatch
f9fa506d,"In Alice's Wonderland, secret encryption rules are used on text. Here are some examples:
pbxrdbe ybby pdb ybrebp rxyptb -> teacher sees the secret castle
vgez jxprdby obxe phjbe -> bird watches near tower
ypwzbop ebxzy lbyyxqb -> student reads message
Now, decrypt the following text: pbxrdbe rebxpby yphec",teacher creates story,Cipher,unknown_query_chars
f9ff29fa,"In Alice's Wonderland, a secret set of transformation rules is applied to equations. Below are a few examples:
86-87 = -01
17-25 = -91
01+86 = 8601
57*91 = 5241
Now, determine the result for: 23*98",8482,Equation,length_mismatch
fa15ba19,"In Alice's Wonderland, secret encryption rules are used on text. Here are some examples:
hnkf qbwmtoqu uqcoqi -> king explores secret
ilq lnvvqk wonkcquu uievnqu -> the hidden princess studies
hnkf rjiclqu ilq vjoh fjovqk -> king watches the dark garden
ojaani vojru ekvqo cjuimq -> rabbit draws under castle
ilq ctmtogem ieoimq rjiclqu -> the colorful turtle watches
Now, decrypt the following text: vojftk gtekv xnooto",dragon found mirror,Cipher,unknown_query_chars
fa4d703a,"In Alice's Wonderland, a secret set of transformation rules is applied to equations. Below are a few examples:
{)/"") = &?&
@"":@[ = :<>
>{/[@ = ""<&
Now, determine the result for: ^)-))","^^""""",Equation,length_mismatch
fa5dfa46,"In Alice's Wonderland, a secret set of transformation rules is applied to equations. Below are a few examples:
$<*&@ = &$@\
\}->@ = -!$
}>+@< = !}}
\@*@@ = &<>$
Now, determine the result for: }^-`}",-^},Equation,length_mismatch
fa714b83,"In Alice's Wonderland, a secret set of transformation rules is applied to equations. Below are a few examples:
<^@%{ = $'
${@^{ = <<
>#)/# = >'/<
%'?($ = ^
#/?<< = '>
Now, determine the result for: ^{?#{",/,Equation,length_mismatch
fa7426d3,"In Alice's Wonderland, a secret set of transformation rules is applied to equations. Below are a few examples:
87<82 = 601
43/93 = /5
15/77 = /62
05/23 = 81
83/76 = /92
Now, determine the result for: 14<51",65,Equation,length_mismatch
fa90729b,"In Alice's Wonderland, secret encryption rules are used on text. Here are some examples:
ogzvmwhh hnqdzwh zv mphnaw -> princess studies in castle
new lkhnwgzjqh dgpyjv mgwpnwh -> the mysterious dragon creates
new ezddwv nqgnaw ijqvd -> the hidden turtle found
rqwwv wtoajgwh new pvmzwvn hnjgk -> queen explores the ancient story
Now, decrypt the following text: nwpmewg bpnmewh lwhhpyw",teacher watches message,Cipher,unknown_query_chars
fa90c027,"In Alice's Wonderland, secret encryption rules are used on text. Here are some examples:
sef pgdth fwc sgjgipdj xfgiq -> cat found the colorful story
mvtz hicebx fwc xcsicf zeihct -> king dreams the secret garden
sef hvxsglcix ekglc xswggj -> cat discovers above school
fwc sjclci iekkvf sicefcx -> the clever rabbit creates
Now, decrypt the following text: fceswci nivfcx ekglc lvjjezc",teacher writes above village,Cipher,unknown_query_chars
fa952980,"In Alice's Wonderland, a secret set of transformation rules is applied to equations. Below are a few examples:
91)11 = 1001
31$70 = 100
47/61 = 14
67/23 = 21
87$17 = 103
Now, determine the result for: 18$54",71,Equation,length_mismatch
fab7251a,"In Alice's Wonderland, secret encryption rules are used on text. Here are some examples:
enibtln rukete ilbtw rkqt -> student chases under cave
nut hkdarkx kxart rwtknte -> the magical alice creates
nut uabbtl gawb baeroqtwe -> the hidden bird discovers
enibtln bwkye nut doxbtl fowten -> student draws the golden forest
Now, decrypt the following text: nut hzentwaoie niwnxt wtkbe",the mysterious turtle reads,Cipher,unknown_query_chars
fae0f471,"In Alice's Wonderland, secret encryption rules are used on text. Here are some examples:
tkv kawwvr qmdfv wolnf -> the hidden mouse draws
lxaiv noatvf zdhhxv -> alice writes puzzle
sare iovltvf wmmo -> king creates door
nahlow bmdrw zmtamr -> wizard found potion
Now, decrypt the following text: tkv coaekt olccat ovlwf",the bright rabbit reads,Cipher,unknown_query_chars
fae3ee40,"In Alice's Wonderland, a secret set of transformation rules is applied to equations. Below are a few examples:
'?*</ = |&?
<&*<| = |?#
'|:$' = #/#'
Now, determine the result for: <#*&|",{$,Equation,length_mismatch
faf1121c,"In Alice's Wonderland, a secret set of transformation rules is applied to equations. Below are a few examples:
)(*@% = )""}[
""`-)` = -)\
(}*%[ = ""()""
(@+() = %@
Now, determine the result for: "")+@[",))[,Equation,length_mismatch
fb3f7b77,"In Alice's Wonderland, a secret set of transformation rules is applied to equations. Below are a few examples:
83+84 = 78
34-39 = -05
96+63 = 601
Now, determine the result for: 46-83",62,Equation,length_mismatch
fb440865,"In Alice's Wonderland, a secret set of transformation rules is applied to equations. Below are a few examples:
>\!^@ = """"
^\(@\ = `
&<(\) = )^
""""!>@ = &<
^@!\^ = {\
Now, determine the result for: {`(<{",@@,Equation,length_mismatch
fb4bc935,"In Alice's Wonderland, a secret set of transformation rules is applied to equations. Below are a few examples:
69*47 = 4017
28+26 = 341
14+39 = 331
45+56 = 811
Now, determine the result for: 64-25",-6,Equation,length_mismatch
fb623471,"In Alice's Wonderland, a secret set of transformation rules is applied to equations. Below are a few examples:
84*57 = 1063
67-37 = 3
77*65 = 3134
Now, determine the result for: 08-29",-21,Equation,length_mismatch
fba40625,"In Alice's Wonderland, a secret set of transformation rules is applied to equations. Below are a few examples:
?>/)] = ?>)]
#?'{% = {?
>{'#^ = '&&
>>`#] = {#?>
Now, determine the result for: {>'?#",'>&,Equation,length_mismatch
fbd5fe63,"In Alice's Wonderland, a secret set of transformation rules is applied to equations. Below are a few examples:
{>+{> = ^<
!^-{[ = -$!
`\+{` = $>""
$^-<> = -^\
Now, determine the result for: {""+^\",$[>,Equation,length_mismatch
fc0f513d,"In Alice's Wonderland, secret encryption rules are used on text. Here are some examples:
qhkzfl wuilhew webfeu -> wizard studies secret
uoe whrnef amiwe qzuboew -> the silver mouse watches
wuileyu qzuboew uoe brenef aewwzje -> student watches the clever message
Now, decrypt the following text: amiwe bfezuew uoe ohlley azc",mouse creates the hidden map,Cipher,unknown_query_chars
fc137acd,"In Alice's Wonderland, a secret set of transformation rules is applied to equations. Below are a few examples:
^[+[{ = ^[[{
)<*^< = $|))
^|-`` = #^
Now, determine the result for: )#*[`",^^{>,Equation,length_mismatch
fc2b2fc9,"In Alice's Wonderland, a secret set of transformation rules is applied to equations. Below are a few examples:
&&"":? = ?%
:#)/$ = &&%#
<$""@& = ?`
Now, determine the result for: %<""<$",@:@,Equation,length_mismatch
fc2f2ded,"In Alice's Wonderland, secret encryption rules are used on text. Here are some examples:
rsl nzfl htllj nqzrlf -> the wise queen writes
swrrlq aqwnf appq -> hatter draws door
kqzjblff cptja zj ezyqwqv -> princess found in library
uptfl qlwaf rsl fzeilq kprzpj -> mouse reads the silver potion
rsl btqzptf htllj bqlwrlf -> the curious queen creates
Now, decrypt the following text: nzgwqa cptja yppm",wizard found book,Cipher,unknown_query_chars
fc3982df,"In Alice's Wonderland, a secret set of transformation rules is applied to equations. Below are a few examples:
^:+#[ = ""#
#:-(\ = -[:
""/+)> = """"
:\-^\ = ->
\""+:: = ""[>
Now, determine the result for: [""*#\","#\[""",Equation,length_mismatch
fc759a1a,"In Alice's Wonderland, a secret set of transformation rules is applied to equations. Below are a few examples:
20'20 = 0
57'12 = 45
49^50 = 99
37)48 = 3748
86'51 = 35
Now, determine the result for: 48^79",127,Equation,length_mismatch
fc799f0a,"In Alice's Wonderland, a secret set of transformation rules is applied to equations. Below are a few examples:
45*41 = 657
71+87 = 49
11+41 = 42
Now, determine the result for: 37+84",021,Equation,length_mismatch
fc7d8708,"In Alice's Wonderland, secret encryption rules are used on text. Here are some examples:
tumtbd qosxdx iueebd -> turtle chases puzzle
gkesmf xddx tod okffdp lsmfdp -> wizard sees the hidden garden
tod qhbhmjub msvvkt qmdstdx -> the colorful rabbit creates
Now, decrypt the following text: tod zrxtdmkhux zhuxd qmdstdx",the mysterious mouse creates,Cipher,unknown_query_chars
fc7e4f9b,"In Alice's Wonderland, a secret set of transformation rules is applied to equations. Below are a few examples:
^&-)$ = <<
&{+#| = <<<
<#+?& = $@
&<*^| = &<^|
<|*#< = <|#<
Now, determine the result for: $#-)^",?<,Equation,length_mismatch
fc7e53c7,"In Alice's Wonderland, a secret set of transformation rules is applied to equations. Below are a few examples:
03+99 = 9903
12-64 = -52
28-88 = -6
Now, determine the result for: 77-35",42,Equation,length_mismatch
fcad9241,"In Alice's Wonderland, a secret set of transformation rules is applied to equations. Below are a few examples:
/&(/| = //'
/]""&} = }?
$^(?' = $/?&
'^*>> = }/
Now, determine the result for: /'""/'",}?,Equation,length_mismatch
fd1078a6,"In Alice's Wonderland, secret encryption rules are used on text. Here are some examples:
icf diasvyf teak lsigcfd -> the strange bird watches
imaijf ensyevfd gsdijf -> turtle imagines castle
icf cekkfv imaijf lsigcfd -> the hidden turtle watches
ifsgcfa lsigcfd iafsdmaf -> teacher watches treasure
icf nsyegsj sjegf gcsdfd -> the magical alice chases
Now, decrypt the following text: qveyci kedgrzfad orierv",knight discovers potion,Cipher,unknown_query_chars
fd1c8f66,"In Alice's Wonderland, a secret set of transformation rules is applied to equations. Below are a few examples:
""}*]' = /{'@
/}-]"" = -}]
]{-{"" = }/
{}-{] = -/
Now, determine the result for: '>-@@",-}@,Equation,length_mismatch
fd21dc17,"In Alice's Wonderland, secret encryption rules are used on text. Here are some examples:
axwunxe unwjxj hfcxe uwjavx -> teacher chases under castle
nwaaxe xzlvqexj uemjawv -> hatter explores crystal
ewddia cewrj if lwvwux -> rabbit draws in palace
Now, decrypt the following text: anx jxuexa ofisna cexwyj",the secret knight dreams,Cipher,unknown_query_chars
fd3920e2,"In Alice's Wonderland, secret encryption rules are used on text. Here are some examples:
zrd aouzdftegu btpsfq qfsbu -> the mysterious wizard draws
ctfq qfdsau zrd mgftegu ceew -> bird dreams the curious book
ctfq dklyefdu asl -> bird explores map
Now, decrypt the following text: rszzdf bszmrdu tj tuysjq",hatter watches in island,Cipher,unknown_query_chars
fd683004,"In Alice's Wonderland, a secret set of transformation rules is applied to equations. Below are a few examples:
55+36 = 811
34-24 = 1
54*18 = 6463
Now, determine the result for: 43+75",19,Equation,length_mismatch
fd683d67,"In Alice's Wonderland, secret encryption rules are used on text. Here are some examples:
dzlrec dzulhv fcvfdu jlaaub -> dragon dreams inside valley
yulqpuz qplvuv oeyfec -> teacher chases potion
vywducy gewcd ypu qwzfewv oeyfec -> student found the curious potion
iwuuc qzulyuv deez -> queen creates door
dzlrec vywdfuv owssau -> dragon studies puzzle
Now, decrypt the following text: ywzyau gewcd ypu dlzm qzbvyla",turtle found the dark crystal,Cipher,unknown_query_chars
fda48b48,"In Alice's Wonderland, secret encryption rules are used on text. Here are some examples:
fgnc knglyu vacyn guerac -> bird writes under island
mjvuy cnyrmu lnyruvny -> mouse dreams treasure
mjvuy ywzejnyu mrz -> mouse explores map
Now, decrypt the following text: ivyya gmrhgayu cjjn",queen imagines door,Cipher,unknown_query_chars
fdbdf50c,"In Alice's Wonderland, a secret set of transformation rules is applied to equations. Below are a few examples:
%?-)\ = ^]
??-?? = %
<^}""| = ?<
]^(?] = ""'<
)'-?"" = ^|
Now, determine the result for: |\-?|","-\""",Equation,length_mismatch
fdd9ff2b,"In Alice's Wonderland, a secret set of transformation rules is applied to equations. Below are a few examples:
24-99 = 51
97-87 = 1
02-73 = 71
Now, determine the result for: 21*44",825,Equation,length_mismatch
fe393711,"In Alice's Wonderland, a secret set of transformation rules is applied to equations. Below are a few examples:
44\66 = 22
57\79 = 22
67}91 = 5441
49\19 = 3\
31\62 = 31
Now, determine the result for: 46}03",1291,Equation,length_mismatch
fe3c4763,"In Alice's Wonderland, secret encryption rules are used on text. Here are some examples:
xzj krmxjfqwym uqae owppwnm -> the mysterious king follows
xzj bwpwfoyp nqivfs qkveqajm -> the colorful wizard imagines
uqae fjvsm xzj kveqbvp bvmxpj -> king reads the magical castle
dyjja jltpwfjm mjbfjx -> queen explores secret
Now, decrypt the following text: kwymj bfjvxjm qa gvppjr",mouse creates in valley,Cipher,unknown_query_chars
fe407d0f,"In Alice's Wonderland, secret encryption rules are used on text. Here are some examples:
kymri jiij bawupsa zkykri -> alice sees through palace
lmqkwg jiij oih -> wizard sees key
bai jirwib otmsab lkbraij -> the secret knight watches
bai lmji jbpgitb duptg -> the wise student found
Now, decrypt the following text: rkb jbpgmij bai jmyniw cijjksi",cat studies the silver message,Cipher,unknown_query_chars
fe441a4b,"In Alice's Wonderland, secret encryption rules are used on text. Here are some examples:
jdu okcu imlcu qmlgp -> the wise mouse found
fxktu cuuc lgpur ykxxfzu -> alice sees under village
jdu ifzktfx cjlpugj qmxxmoc -> the magical student follows
Now, decrypt the following text: skrp orkjuc hlnnxu",bird writes puzzle,Cipher,unknown_query_chars
fe5ba68b,"In Alice's Wonderland, secret encryption rules are used on text. Here are some examples:
cnv xivwvo ryquop roycvm -> the clever wizard writes
joybxvmm rucxnvm cnv rymv jzqqiv -> princess watches the wise puzzle
czociv xnumvm cnv nyppvb tyooeo -> turtle chases the hidden mirror
ouddyc feiierm ybmypv exvub -> rabbit follows inside ocean
Now, decrypt the following text: azvvb ovupm dvkebp wuiivk",queen reads beyond valley,Cipher,unknown_query_chars
fe6da79d,"In Alice's Wonderland, a secret set of transformation rules is applied to equations. Below are a few examples:
\&+:$ = \&:$
$:-}\ = -&}
##*:$ = &{'
\!-}! = -:!
}&-]& = -'!
Now, determine the result for: {}*'!",:&]!,Equation,length_mismatch
fe85caf2,"In Alice's Wonderland, secret encryption rules are used on text. Here are some examples:
stm uywl lqhz uwygf -> the dark king draws
prnfm drjjrgf stwrnzt ramyh -> mouse follows through ocean
stm fswyhzm ays fmmf -> the strange cat sees
Now, decrypt the following text: knmmh atyfmf stwrnzt prnhsyqh",queen chases through mountain,Cipher,unknown_query_chars
febd3442,"In Alice's Wonderland, a secret set of transformation rules is applied to equations. Below are a few examples:
96-27 = 3
78+05 = 631
31*82 = 463
76-66 = 1
Now, determine the result for: 64-77",13,Equation,length_mismatch
fecad63c,"In Alice's Wonderland, a secret set of transformation rules is applied to equations. Below are a few examples:
77&36 = 1584
13&21 = 273
99$54 = 441
51&74 = 507
Now, determine the result for: 56$52",09,Equation,length_mismatch
fed81e96,"In Alice's Wonderland, secret encryption rules are used on text. Here are some examples:
eomvxr rxfvpt vxjwar hvuvqf -> wizard dreams around palace
caobds exosft qxytsvu -> knight writes crystal
coab tfft bvxrfa -> king sees garden
Now, decrypt the following text: xvkkos evsqdft sdf qufifx hjsoja",rabbit watches the clever potion,Cipher,unknown_query_chars
fee66e16,"In Alice's Wonderland, a secret set of transformation rules is applied to equations. Below are a few examples:
57!47 = 2679
81!68 = 5508
19%20 = 1920
60'70 = '10
Now, determine the result for: 46!85",3910,Equation,length_mismatch
fef61ca1,"In Alice's Wonderland, a secret set of transformation rules is applied to equations. Below are a few examples:
22*33 = *11
72]18 = 89
71%17 = 7117
56%68 = 5668
23*46 = *23
Now, determine the result for: 18]94",111,Equation,length_mismatch
ff084e14,"In Alice's Wonderland, secret encryption rules are used on text. Here are some examples:
zdccl swjjwta mkc hlrbclm vcaahpc -> queen follows the ancient message
mchrkcu guhta mkc vhpbrhj rhamjc -> teacher draws the magical castle
mkc kbggcl mchrkcu ruchmca -> the hidden teacher creates
khmmcu acca qwmbwl -> hatter sees potion
Now, decrypt the following text: rhm ciqjwuca mkc rwjwusdj ecn",cat explores the colorful key,Cipher,unknown_query_chars
ff0e37ae,"In Alice's Wonderland, a secret set of transformation rules is applied to equations. Below are a few examples:
?]*%% = ?]%%
""!*]? = ""!]?
#|+`| = ?|
Now, determine the result for: %'*""`","%'""`",Equation,length_mismatch
ff121f08,"In Alice's Wonderland, a secret set of transformation rules is applied to equations. Below are a few examples:
%`+^< = +<%
#!(!< = %#@
`^(%^ = %[`>
#^\!! = /#
`>\`` = #^`
Now, determine the result for: !%+<<",#<,Equation,length_mismatch
ff2bb2a6,"In Alice's Wonderland, secret encryption rules are used on text. Here are some examples:
get chebcqkn qkes ycppebk -> cat imagines near village
ntrakqt acngxyksn cq dxsknt -> student discovers in forest
tvk aesj trstpk gsketkn -> the dark turtle creates
hxrnk dxppxon esxrqa dxsknt -> mouse follows around forest
jcqb dxppxon tvk wscbvt zxtcxq -> king follows the bright potion
Now, decrypt the following text: get dxppxon ntxsf",cat follows story,Cipher,unknown_query_chars
ff4abb3e,"In Alice's Wonderland, secret encryption rules are used on text. Here are some examples:
nyznjm czknmw nbm wkjgmz vmwwdxm -> turtle writes the silver message
fkzt ehjjhcw rdwnjm -> bird follows castle
fkzt wmmw ehzmwn -> bird sees forest
tzdxhs wmmw fhho -> dragon sees book
Now, decrypt the following text: iymms tzdcw nbm ryzkhyw vmwwdxm",queen draws the curious message,Cipher,unknown_query_chars
ff7ffa87,"In Alice's Wonderland, secret encryption rules are used on text. Here are some examples:
sodyh zhswt xmh txzsbgh xzhstrzh -> alice reads the strange treasure
xrzxoh wzsqt xmh mdwwhb wllz -> turtle draws the hidden door
xmh txzsbgh jdzw thht -> the strange bird sees
Now, decrypt the following text: zsjjdx hivolzht fdzzlz",rabbit explores mirror,Cipher,unknown_query_chars
ff8409cd,"In Alice's Wonderland, a secret set of transformation rules is applied to equations. Below are a few examples:
55)97 = )42
66'68 = 6668
90)83 = 7
96)65 = 31
Now, determine the result for: 28)19",9,Equation,length_mismatch
ff86cd34,"In Alice's Wonderland, a secret set of transformation rules is applied to equations. Below are a few examples:
}'+[& = ))(
'(*]) = ][((
]|+}} = }&
^^*]' = ]}'&
>>-(} = }(
Now, determine the result for: &(*^)",)|((,Equation,length_mismatch
ffdfb678,"In Alice's Wonderland, secret encryption rules are used on text. Here are some examples:
vwj bezm qzndcjkk kjjk -> the dark princess sees
vwj edcnjdv mdnywv plsdb -> the ancient knight found
gsjjd plsdb sdbjz xerrju -> queen found under valley
zehhnv bzetk vwj ylrbjd qlvnld -> rabbit draws the golden potion
bzeyld tznvjk vzjekszj -> dragon writes treasure
Now, decrypt the following text: vwj csznlsk olskj czjevjk",the curious mouse creates,Cipher,unknown_query_chars
